component,cptg_residual_fraction,planck_residual_fraction,cptg_minus_planck_residual_fraction,cptg_residual_rms_uK,planck_residual_rms_uK,cptg_minus_planck_residual_rms_uK,cptg_corr,planck_corr,valid_sky_fraction,temperature_field,temperature_unit_inference,temperature_scale_applied,raw_temperature_robust_std,mask_field,mask_source_used,self_spectrum_control_residual_fraction,run,family,source_path,control_id,planck_ahead,cptg_ahead,abs_gap_rms_uK,abs_gap_residual_fraction,split,observed_rms_uK,ell_min,ell_max,ell_band,observed_band_rms_uK,smoothing_arcmin,smoothing_label,mask_label,mask_threshold,galactic_cut_deg,galactic_cut_label
SMICA,0.1812299875542017,0.1809925380427071,0.0002374495114946,18.215363166875044,18.19149719886366,0.0238659680113819,0.9834407412808888,0.983484469207755,0.8364308675130209,I_STOKES,K_CMB_to_uK,1000000.0,0.0001069901880492,TMASK,COM_CMB_IQU-smica_2048_R3.00_full.fits,0.1136926558415533,Planck components non-inpainted,component_separation,cptg_planck_component_robustness_v4,SMICA,True,False,0.0238659680113819,0.0002374495114946,,,,,,,,,,,,
SMICA_noSZ,0.1803680295442537,0.180123189454569,0.0002448400896847,18.17438401332738,18.149713245325803,0.0246707680015774,0.9835991937361088,0.9836440599224464,0.8364308675130209,I_STOKES,K_CMB_to_uK,1000000.0,0.0001077394170587,TMASK,COM_CMB_IQU-smica_2048_R3.00_full.fits,0.1142509602257216,Planck components non-inpainted,component_separation,cptg_planck_component_robustness_v4,SMICA_noSZ,True,False,0.0246707680015774,0.0002448400896847,,,,,,,,,,,,
NILC,0.1836436450769505,0.1833974183451082,0.0002462267318423,18.414156153885152,18.389466720784945,0.0246894331002067,0.9829928848281918,0.983038853222165,0.7820383707682291,I_STOKES,K_CMB_to_uK,1000000.0,0.0001074814857095,TMASK,COM_CMB_IQU-nilc_2048_R3.00_full.fits,0.1143500766304555,Planck components non-inpainted,component_separation,cptg_planck_component_robustness_v4,NILC,True,False,0.0246894331002067,0.0002462267318423,,,,,,,,,,,,
SEVEM,0.1824824449760934,0.1822720724079705,0.0002103725681229,18.34464358415418,18.323495194879783,0.0211483892743977,0.9832091116723578,0.9832481332909326,0.8378740946451823,I_STOKES,K_CMB_to_uK,1000000.0,0.000110717848067,TMASK,COM_CMB_IQU-sevem_2048_R3.00_full.fits,0.1142330204998412,Planck components non-inpainted,component_separation,cptg_planck_component_robustness_v4,SEVEM,True,False,0.0211483892743977,0.0002103725681229,,,,,,,,,,,,
COMMANDER,0.1797004114378929,0.1794701610104038,0.0002302504274891,18.117551436853358,18.09433738892763,0.0232140479257232,0.9837213844016262,0.9837634173452984,0.8803787231445312,I_STOKES,K_CMB_to_uK,1000000.0,0.0001110641004777,TMASK,COM_CMB_IQU-commander_2048_R3.00_full.fits,0.1153045787783718,Planck components non-inpainted,component_separation,cptg_planck_component_robustness_v4,COMMANDER,True,False,0.0232140479257232,0.0002302504274891,,,,,,,,,,,,
SMICA,0.1836608298159005,0.1833474618947645,0.0003133679211359,18.591696891790956,18.55997515008255,0.0317217417084023,0.9829896742038212,0.9830481718698976,0.9830919901529948,I_STOKES_INP,K_CMB_to_uK,1000000.0,0.000106436147685,TMASKINP,COM_CMB_IQU-smica_2048_R3.00_full.fits,0.1108631433436153,Planck components inpainted,component_separation_inpainted,cptg_planck_component_robustness_v4_inpainted,SMICA,True,False,0.0317217417084023,0.0003133679211359,,,,,,,,,,,,
SMICA_noSZ,0.18616754859824,0.1858609090422973,0.0003066395559427,18.91406682271245,18.882913159814382,0.0311536628980633,0.9825180119717508,0.9825760644804914,0.9830919901529948,I_STOKES_INP,uK_native_or_already_scaled,1.0,107.0002415576801,TMASKINP,COM_CMB_IQU-smica_2048_R3.00_full.fits,0.1130481162249638,Planck components inpainted,component_separation_inpainted,cptg_planck_component_robustness_v4_inpainted,SMICA_noSZ,True,False,0.0311536628980633,0.0003066395559427,,,,,,,,,,,,
NILC,0.1833455260664301,0.1830956897195927,0.0002498363468373,18.37335852335745,18.34832200967156,0.0250365136858903,0.9830485329175888,0.9830950963188182,0.7820383707682291,I_STOKES_INP,K_CMB_to_uK,1000000.0,0.0001063235246848,TMASK,COM_CMB_IQU-nilc_2048_R3.00_full.fits,0.1128948938285059,Planck components inpainted,component_separation_inpainted,cptg_planck_component_robustness_v4_inpainted,NILC,True,False,0.0250365136858903,0.0002498363468373,,,,,,,,,,,,
SEVEM,0.1810433910505433,0.1808450933701602,0.000198297680383,18.299315637524984,18.27927231077076,0.020043326754223,0.9834751092716684,0.983511592307858,0.9608548482259116,I_STOKES_INP,K_CMB_to_uK,1000000.0,0.0001064465441777,TMASKINP,COM_CMB_IQU-sevem_2048_R3.00_full.fits,0.1168432904479419,Planck components inpainted,component_separation_inpainted,cptg_planck_component_robustness_v4_inpainted,SEVEM,True,False,0.020043326754223,0.000198297680383,,,,,,,,,,,,
COMMANDER,0.1791070454553556,0.1788678401905506,0.000239205264805,18.03185717399167,18.007774842895955,0.0240823310957161,0.983829592088108,0.9838731095754002,0.8803787231445312,I_STOKES_INP,K_CMB_to_uK,1000000.0,0.0001066221259368,TMASK,COM_CMB_IQU-commander_2048_R3.00_full.fits,0.1123794993307377,Planck components inpainted,component_separation_inpainted,cptg_planck_component_robustness_v4_inpainted,COMMANDER,True,False,0.0240823310957161,0.000239205264805,,,,,,,,,,,,
,0.1812654535695481,0.1810281574954824,0.0002372960740656,18.21892784377171,18.195077297703072,0.0238505460686369,0.9834342048872542,0.9834779134244912,0.8364308675130209,I_STOKES,K_CMB_to_uK,,,TMASK,COM_CMB_IQU-smica_2048_R3.00_full.fits,,Planck SMICA split full-band,split_maps,cptg_planck_splitmap_stability,full,True,False,0.0238505460686369,0.0002372960740656,full,100.50965302542576,,,,,,,,,,
,0.1813827103674143,0.1811445354871296,0.0002381748802847,18.24098220331648,18.21702984455113,0.0239523587653422,0.98341258502206,0.9834564846820382,0.8364308675130209,I_STOKES,K_CMB_to_uK,,,TMASK,COM_CMB_IQU-smica_2048_R3.00_full.fits,,Planck SMICA split full-band,split_maps,cptg_planck_splitmap_stability,hm1,True,False,0.0239523587653422,0.0002381748802847,hm1,100.56626767990724,,,,,,,,,,
,0.1814933047054612,0.1812546735094789,0.0002386311959823,18.23184961236056,18.20787799486741,0.0239716174931494,0.9833921803365584,0.9834361917943492,0.8364308675130209,I_STOKES,K_CMB_to_uK,,,TMASK,COM_CMB_IQU-smica_2048_R3.00_full.fits,,Planck SMICA split full-band,split_maps,cptg_planck_splitmap_stability,hm2,True,False,0.0239716174931494,0.0002386311959823,hm2,100.45466769117655,,,,,,,,,,
,0.1813687385236119,0.1811349114662897,0.0002338270573221,18.22366484468434,18.200170244904108,0.023494599780232,0.9834151619160412,0.983458257298244,0.8364308675130209,I_STOKES,K_CMB_to_uK,,,TMASK,COM_CMB_IQU-smica_2048_R3.00_full.fits,,Planck SMICA split full-band,split_maps,cptg_planck_splitmap_stability,oe1,True,False,0.023494599780232,0.0002338270573221,oe1,100.4785333626382,,,,,,,,,,
,0.1815296187191933,0.1812890962389459,0.0002405224802473,18.25260299288318,18.228418722713965,0.0241842701692149,0.9833854775863148,0.9834298468039632,0.8364308675130209,I_STOKES,K_CMB_to_uK,,,TMASK,COM_CMB_IQU-smica_2048_R3.00_full.fits,,Planck SMICA split full-band,split_maps,cptg_planck_splitmap_stability,oe2,True,False,0.0241842701692149,0.0002405224802473,oe2,100.54889731861324,,,,,,,,,,
,0.2412490456394991,0.2400496803914514,0.0011993652480476,10.352125924128064,10.30066051814521,0.0514654059828529,0.9704625171169862,0.9707598899774008,0.8364308675130209,I_STOKES,K_CMB_to_uK,,,TMASK,COM_CMB_IQU-smica_2048_R3.00_full.fits,,Planck SMICA split bands,split_maps_bandlimited,cptg_planck_splitmap_stability_bands,full | 2-30,True,False,0.0514654059828529,0.0011993652480476,full,,2.0,30.0,2-30,42.91053627460708,,,,,,
,0.2327046820230576,0.2316402241280206,0.001064457895037,10.910225877018457,10.860319377628477,0.04990649938998,0.9725470182838916,0.9728011029669444,0.8364308675130209,I_STOKES,K_CMB_to_uK,,,TMASK,COM_CMB_IQU-smica_2048_R3.00_full.fits,,Planck SMICA split bands,split_maps_bandlimited,cptg_planck_splitmap_stability_bands,full | 2-40,True,False,0.04990649938998,0.001064457895037,full,,2.0,40.0,2-40,46.88442786010386,,,,,,
,0.2127017152066205,0.2118885411752379,0.0008131740313826,11.401244205982987,11.357656425297952,0.0435877806850371,0.9771170749213062,0.977293735484209,0.8364308675130209,I_STOKES,K_CMB_to_uK,,,TMASK,COM_CMB_IQU-smica_2048_R3.00_full.fits,,Planck SMICA split bands,split_maps_bandlimited,cptg_planck_splitmap_stability_bands,full | 2-64,True,False,0.0435877806850371,0.0008131740313826,full,,2.0,64.0,2-64,53.60203228689392,,,,,,
,0.1937469473132608,0.1932034462739481,0.0005435010393126,11.76553098926323,11.732526194042428,0.033004795220803,0.9810515134789684,0.9811586927256448,0.8364308675130209,I_STOKES,K_CMB_to_uK,,,TMASK,COM_CMB_IQU-smica_2048_R3.00_full.fits,,Planck SMICA split bands,split_maps_bandlimited,cptg_planck_splitmap_stability_bands,full | 2-95,True,False,0.033004795220803,0.0005435010393126,full,,2.0,95.0,2-95,60.72627802615164,,,,,,
,0.2409674103951157,0.2397677125174813,0.0011996978776344,10.347037826004028,10.29552331082828,0.0515145151757483,0.970532499955147,0.9708295854679084,0.8364308675130209,I_STOKES,K_CMB_to_uK,,,TMASK,COM_CMB_IQU-smica_2048_R3.00_full.fits,,Planck SMICA split bands,split_maps_bandlimited,cptg_planck_splitmap_stability_bands,hm1 | 2-30,True,False,0.0515145151757483,0.0011996978776344,hm1,,2.0,30.0,2-30,42.939573484389136,,,,,,
,0.2324515690945068,0.231386734341769,0.0010648347527377,10.905048225616683,10.85509341405679,0.0499548115598926,0.97260755725729,0.9728614387265896,0.8364308675130209,I_STOKES,K_CMB_to_uK,,,TMASK,COM_CMB_IQU-smica_2048_R3.00_full.fits,,Planck SMICA split bands,split_maps_bandlimited,cptg_planck_splitmap_stability_bands,hm1 | 2-40,True,False,0.0499548115598926,0.0010648347527377,hm1,,2.0,40.0,2-40,46.91320548231304,,,,,,
,0.2125395825358861,0.2117265031372682,0.0008130793986178,11.40022742914162,11.356615364265997,0.0436120648756244,0.977152357216623,0.9773288559791116,0.8364308675130209,I_STOKES,K_CMB_to_uK,,,TMASK,COM_CMB_IQU-smica_2048_R3.00_full.fits,,Planck SMICA split bands,split_maps_bandlimited,cptg_planck_splitmap_stability_bands,hm1 | 2-64,True,False,0.0436120648756244,0.0008130793986178,hm1,,2.0,64.0,2-64,53.63813786176396,,,,,,
,0.1935913774247448,0.1930480395132222,0.0005433379115225,11.76420330353814,11.731185626104876,0.0330176774332624,0.981082224400396,0.9811892820217154,0.8364308675130209,I_STOKES,K_CMB_to_uK,,,TMASK,COM_CMB_IQU-smica_2048_R3.00_full.fits,,Planck SMICA split bands,split_maps_bandlimited,cptg_planck_splitmap_stability_bands,hm1 | 2-95,True,False,0.0330176774332624,0.0005433379115225,hm1,,2.0,95.0,2-95,60.76821943224854,,,,,,
,0.2414823270882984,0.2402835721102501,0.0011987549780483,10.358251246903956,10.306831313214312,0.0514199336896439,0.9704044757282124,0.970702003725408,0.8364308675130209,I_STOKES,K_CMB_to_uK,,,TMASK,COM_CMB_IQU-smica_2048_R3.00_full.fits,,Planck SMICA split bands,split_maps_bandlimited,cptg_planck_splitmap_stability_bands,hm2 | 2-30,True,False,0.0514199336896439,0.0011987549780483,hm2,,2.0,30.0,2-30,42.89444851637712,,,,,,
,0.2329167738066392,0.2318530167680842,0.0010637570385549,10.91680296301179,10.866944699046384,0.0498582639654046,0.9724962327242612,0.9727503958262133,0.8364308675130209,I_STOKES,K_CMB_to_uK,,,TMASK,COM_CMB_IQU-smica_2048_R3.00_full.fits,,Planck SMICA split bands,split_maps_bandlimited,cptg_planck_splitmap_stability_bands,hm2 | 2-40,True,False,0.0498582639654046,0.0010637570385549,hm2,,2.0,40.0,2-40,46.86997327240417,,,,,,
,0.2128379294283038,0.2120251769367542,0.0008127524915496,11.404785705955906,11.36123487822984,0.043550827726067,0.9770874101545192,0.9772640979907626,0.8364308675130209,I_STOKES,K_CMB_to_uK,,,TMASK,COM_CMB_IQU-smica_2048_R3.00_full.fits,,Planck SMICA split bands,split_maps_bandlimited,cptg_planck_splitmap_stability_bands,hm2 | 2-64,True,False,0.043550827726067,0.0008127524915496,hm2,,2.0,64.0,2-64,53.584366924588494,,,,,,
,0.1938726823928082,0.1933289435377011,0.0005437388551071,11.768482166070829,11.735476066705251,0.0330060993655756,0.9810266733565542,0.981133971831222,0.8364308675130209,I_STOKES,K_CMB_to_uK,,,TMASK,COM_CMB_IQU-smica_2048_R3.00_full.fits,,Planck SMICA split bands,split_maps_bandlimited,cptg_planck_splitmap_stability_bands,hm2 | 2-95,True,False,0.0330060993655756,0.0005437388551071,hm2,,2.0,95.0,2-95,60.702116568576365,,,,,,
,0.2409116717102752,0.2397122761734562,0.001199395536819,10.326269206464934,10.274859156008263,0.0514100504566688,0.9705463334250408,0.97084327121345,0.8364308675130209,I_STOKES,K_CMB_to_uK,,,TMASK,COM_CMB_IQU-smica_2048_R3.00_full.fits,,Planck SMICA split bands,split_maps_bandlimited,cptg_planck_splitmap_stability_bands,oe1 | 2-30,True,False,0.0514100504566688,0.001199395536819,oe1,,2.0,30.0,2-30,42.86329978600411,,,,,,
,0.2325248863001127,0.2314613491587131,0.0010635371413995,10.892010421038863,10.842191849738349,0.0498185713005145,0.972590019442563,0.972843677114262,0.8364308675130209,I_STOKES,K_CMB_to_uK,,,TMASK,COM_CMB_IQU-smica_2048_R3.00_full.fits,,Planck SMICA split bands,split_maps_bandlimited,cptg_planck_splitmap_stability_bands,oe1 | 2-40,True,False,0.0498185713005145,0.0010635371413995,oe1,,2.0,40.0,2-40,46.84234274597551,,,,,,
,0.2126042143718291,0.2117928329591267,0.0008113814127023,11.387666744672227,11.344206923530034,0.0434598211421946,0.9771382945040112,0.9773144816263962,0.8364308675130209,I_STOKES,K_CMB_to_uK,,,TMASK,COM_CMB_IQU-smica_2048_R3.00_full.fits,,Planck SMICA split bands,split_maps_bandlimited,cptg_planck_splitmap_stability_bands,oe1 | 2-64,True,False,0.0434598211421946,0.0008113814127023,oe1,,2.0,64.0,2-64,53.56275169953141,,,,,,
,0.1936685602282697,0.1931271502305714,0.0005414099976982,11.75260285048844,11.719747870440406,0.0328549800480342,0.9810669907957028,0.9811737133472328,0.8364308675130209,I_STOKES,K_CMB_to_uK,,,TMASK,COM_CMB_IQU-smica_2048_R3.00_full.fits,,Planck SMICA split bands,split_maps_bandlimited,cptg_planck_splitmap_stability_bands,oe1 | 2-95,True,False,0.0328549800480342,0.0005414099976982,oe1,,2.0,95.0,2-95,60.68410296764792,,,,,,
,0.241749299490612,0.2405496646334168,0.0011996348571952,10.384405049531408,10.332874417199069,0.0515306323323407,0.9703380449606838,0.9706361406616664,0.8364308675130209,I_STOKES,K_CMB_to_uK,,,TMASK,COM_CMB_IQU-smica_2048_R3.00_full.fits,,Planck SMICA split bands,split_maps_bandlimited,cptg_planck_splitmap_stability_bands,oe2 | 2-30,True,False,0.0515306323323407,0.0011996348571952,oe2,,2.0,30.0,2-30,42.9552642816848,,,,,,
,0.2330558336430426,0.2319902382239788,0.0010655954190637,10.935937182031015,10.885935067163595,0.0500021148674196,0.9724629475445192,0.9727177095928256,0.8364308675130209,I_STOKES,K_CMB_to_uK,,,TMASK,COM_CMB_IQU-smica_2048_R3.00_full.fits,,Planck SMICA split bands,split_maps_bandlimited,cptg_planck_splitmap_stability_bands,oe2 | 2-40,True,False,0.0500021148674196,0.0010655954190637,oe2,,2.0,40.0,2-40,46.92410831809909,,,,,,
,0.2129685802584618,0.2121538365645331,0.0008147436939286,11.424367855838174,11.380662199086508,0.0437056567516656,0.977058949183646,0.9772361830524344,0.8364308675130209,I_STOKES,K_CMB_to_uK,,,TMASK,COM_CMB_IQU-smica_2048_R3.00_full.fits,,Planck SMICA split bands,split_maps_bandlimited,cptg_planck_splitmap_stability_bands,oe2 | 2-64,True,False,0.0437056567516656,0.0008147436939286,oe2,,2.0,64.0,2-64,53.64344281195559,,,,,,
,0.193977332318271,0.1934319451449644,0.0005453871733065,11.788274884022607,11.75513093962291,0.033143944399697,0.981005988234265,0.981113671935248,0.8364308675130209,I_STOKES,K_CMB_to_uK,,,TMASK,COM_CMB_IQU-smica_2048_R3.00_full.fits,,Planck SMICA split bands,split_maps_bandlimited,cptg_planck_splitmap_stability_bands,oe2 | 2-95,True,False,0.033143944399697,0.0005453871733065,oe2,,2.0,95.0,2-95,60.77140428285109,,,,,,
SMICA,0.2412490456394991,0.2400496803914514,0.0011993652480476,10.352125924128064,10.30066051814521,0.0514654059828529,0.9704625171169862,0.9707598899774008,0.8364308675130209,I_STOKES,K_CMB_to_uK,,,TMASK,COM_CMB_IQU-smica_2048_R3.00_full.fits,,Planck low-ell bands non-inpainted,planck_lowell_bands,cptg_planck_lowell_bandtest,SMICA | 2-30,True,False,0.0514654059828529,0.0011993652480476,,,2.0,30.0,2-30,42.91053627460708,,,,,,
SMICA,0.2327046820230576,0.2316402241280206,0.001064457895037,10.910225877018457,10.860319377628477,0.04990649938998,0.9725470182838916,0.9728011029669444,0.8364308675130209,I_STOKES,K_CMB_to_uK,,,TMASK,COM_CMB_IQU-smica_2048_R3.00_full.fits,,Planck low-ell bands non-inpainted,planck_lowell_bands,cptg_planck_lowell_bandtest,SMICA | 2-40,True,False,0.04990649938998,0.001064457895037,,,2.0,40.0,2-40,46.88442786010386,,,,,,
SMICA,0.2127017152066205,0.2118885411752379,0.0008131740313826,11.401244205982987,11.357656425297952,0.0435877806850371,0.9771170749213062,0.977293735484209,0.8364308675130209,I_STOKES,K_CMB_to_uK,,,TMASK,COM_CMB_IQU-smica_2048_R3.00_full.fits,,Planck low-ell bands non-inpainted,planck_lowell_bands,cptg_planck_lowell_bandtest,SMICA | 2-64,True,False,0.0435877806850371,0.0008131740313826,,,2.0,64.0,2-64,53.60203228689392,,,,,,
SMICA,0.1937469473132608,0.1932034462739481,0.0005435010393126,11.76553098926323,11.732526194042428,0.033004795220803,0.9810515134789684,0.9811586927256448,0.8364308675130209,I_STOKES,K_CMB_to_uK,,,TMASK,COM_CMB_IQU-smica_2048_R3.00_full.fits,,Planck low-ell bands non-inpainted,planck_lowell_bands,cptg_planck_lowell_bandtest,SMICA | 2-95,True,False,0.033004795220803,0.0005435010393126,,,2.0,95.0,2-95,60.72627802615164,,,,,,
SMICA_noSZ,0.2383197909769598,0.2371503270380634,0.0011694639388963,10.282556031191726,10.23209828939502,0.0504577417967055,0.9711857847221832,0.9714720231192252,0.8364308675130209,I_STOKES,K_CMB_to_uK,,,TMASK,COM_CMB_IQU-smica_2048_R3.00_full.fits,,Planck low-ell bands non-inpainted,planck_lowell_bands,cptg_planck_lowell_bandtest,SMICA_noSZ | 2-30,True,False,0.0504577417967055,0.0011694639388963,,,2.0,30.0,2-30,43.14604334386068,,,,,,
SMICA_noSZ,0.2300205371232488,0.2289834081505291,0.0010371289727196,10.8443878638884,10.795492104467485,0.0488957594209154,0.9731852352500326,0.9734297909195504,0.8364308675130209,I_STOKES,K_CMB_to_uK,,,TMASK,COM_CMB_IQU-smica_2048_R3.00_full.fits,,Planck low-ell bands non-inpainted,planck_lowell_bands,cptg_planck_lowell_bandtest,SMICA_noSZ | 2-40,True,False,0.0488957594209154,0.0010371289727196,,,2.0,40.0,2-40,47.14530276084782,,,,,,
SMICA_noSZ,0.2101374280597369,0.2093457004393135,0.0007917276204233,11.320827825829737,11.278174728956298,0.0426530968734386,0.9776717310206208,0.977841567882504,0.8364308675130209,I_STOKES,K_CMB_to_uK,,,TMASK,COM_CMB_IQU-smica_2048_R3.00_full.fits,,Planck low-ell bands non-inpainted,planck_lowell_bands,cptg_planck_lowell_bandtest,SMICA_noSZ | 2-64,True,False,0.0426530968734386,0.0007917276204233,,,2.0,64.0,2-64,53.87344810659575,,,,,,
SMICA_noSZ,0.1913205289711196,0.190790622790303,0.0005299061808166,11.668497788159458,11.636179201481683,0.0323185866777748,0.9815275817878774,0.9816307234449204,0.8364308675130209,I_STOKES,K_CMB_to_uK,,,TMASK,COM_CMB_IQU-smica_2048_R3.00_full.fits,,Planck low-ell bands non-inpainted,planck_lowell_bands,cptg_planck_lowell_bandtest,SMICA_noSZ | 2-95,True,False,0.0323185866777748,0.0005299061808166,,,2.0,95.0,2-95,60.98926158583249,,,,,,
NILC,0.245835995948071,0.2445989237275017,0.0012370722205693,10.530298999818864,10.477309443441134,0.052989556377728,0.969311389271251,0.9696242951406424,0.7820383707682291,I_STOKES,K_CMB_to_uK,,,TMASK,COM_CMB_IQU-nilc_2048_R3.00_full.fits,,Planck low-ell bands non-inpainted,planck_lowell_bands,cptg_planck_lowell_bandtest,NILC | 2-30,True,False,0.052989556377728,0.0012370722205693,,,2.0,30.0,2-30,42.834650634495446,,,,,,
NILC,0.2372815120242765,0.2361810154500347,0.0011004965742417,11.086902686372484,11.035482336252429,0.0514203501200576,0.9714408468455348,0.9717089915904216,0.7820383707682291,I_STOKES,K_CMB_to_uK,,,TMASK,COM_CMB_IQU-nilc_2048_R3.00_full.fits,,Planck low-ell bands non-inpainted,planck_lowell_bands,cptg_planck_lowell_bandtest,NILC | 2-40,True,False,0.0514203501200576,0.0011004965742417,,,2.0,40.0,2-40,46.7246798614389,,,,,,
NILC,0.2166253369253801,0.2157816593787903,0.0008436775465897,11.58286807811124,11.537756985100083,0.0451110930111546,0.9762547625970948,0.9764415877867592,0.7820383707682291,I_STOKES,K_CMB_to_uK,,,TMASK,COM_CMB_IQU-nilc_2048_R3.00_full.fits,,Planck low-ell bands non-inpainted,planck_lowell_bands,cptg_planck_lowell_bandtest,NILC | 2-64,True,False,0.0451110930111546,0.0008436775465897,,,2.0,64.0,2-64,53.46959059595663,,,,,,
NILC,0.1973498900754559,0.196784128141278,0.0005657619341778,11.961426561946425,11.927135588565967,0.0342909733804557,0.9803331108495632,0.9804468340123969,0.7820383707682291,I_STOKES,K_CMB_to_uK,,,TMASK,COM_CMB_IQU-nilc_2048_R3.00_full.fits,,Planck low-ell bands non-inpainted,planck_lowell_bands,cptg_planck_lowell_bandtest,NILC | 2-95,True,False,0.0342909733804557,0.0005657619341778,,,2.0,95.0,2-95,60.61025196098676,,,,,,
SEVEM,0.2482859767100306,0.2470774190604084,0.0012085576496222,10.607796006156416,10.55616146288197,0.0516345432744458,0.9686865426467154,0.9689955095630112,0.8378740946451823,I_STOKES,K_CMB_to_uK,,,TMASK,COM_CMB_IQU-sevem_2048_R3.00_full.fits,,Planck low-ell bands non-inpainted,planck_lowell_bands,cptg_planck_lowell_bandtest,SEVEM | 2-30,True,False,0.0516345432744458,0.0012085576496222,,,2.0,30.0,2-30,42.72410446501011,,,,,,
SEVEM,0.2386911227696231,0.2376121144944506,0.0010790082751724,11.13155319806422,11.081232776102713,0.0503204219615103,0.9710953742003317,0.9713599558523498,0.8378740946451823,I_STOKES,K_CMB_to_uK,,,TMASK,COM_CMB_IQU-sevem_2048_R3.00_full.fits,,Planck low-ell bands non-inpainted,planck_lowell_bands,cptg_planck_lowell_bandtest,SEVEM | 2-40,True,False,0.0503204219615103,0.0010790082751724,,,2.0,40.0,2-40,46.63580726798975,,,,,,
SEVEM,0.2181679794508245,0.2173352327912033,0.0008327466596212,11.607776408274605,11.563469553281704,0.0443068549929002,0.975911222984754,0.976097013173849,0.8378740946451823,I_STOKES,K_CMB_to_uK,,,TMASK,COM_CMB_IQU-sevem_2048_R3.00_full.fits,,Planck low-ell bands non-inpainted,planck_lowell_bands,cptg_planck_lowell_bandtest,SEVEM | 2-64,True,False,0.0443068549929002,0.0008327466596212,,,2.0,64.0,2-64,53.20568324230649,,,,,,
SEVEM,0.1987860966133162,0.1982347264548325,0.0005513701584837,12.001059492405286,11.9677723250076,0.0332871673976864,0.9800428864251944,0.9801545617018677,0.8378740946451823,I_STOKES,K_CMB_to_uK,,,TMASK,COM_CMB_IQU-sevem_2048_R3.00_full.fits,,Planck low-ell bands non-inpainted,planck_lowell_bands,cptg_planck_lowell_bandtest,SEVEM | 2-95,True,False,0.0332871673976864,0.0005513701584837,,,2.0,95.0,2-95,60.37172466719365,,,,,,
COMMANDER,0.236226053147606,0.2350461495010772,0.0011799036465288,10.257744399155593,10.206508941167554,0.0512354579880369,0.9716979113597686,0.9719839972577804,0.8803787231445312,I_STOKES,K_CMB_to_uK,,,TMASK,COM_CMB_IQU-commander_2048_R3.00_full.fits,,Planck low-ell bands non-inpainted,planck_lowell_bands,cptg_planck_lowell_bandtest,COMMANDER | 2-30,True,False,0.0512354579880369,0.0011799036465288,,,2.0,30.0,2-30,43.42342541170103,,,,,,
COMMANDER,0.2281637687859523,0.2271124416129228,0.0010513271730295,10.788321241111756,10.73861109066805,0.0497101504437065,0.9736226466056492,0.9738684225347214,0.8803787231445312,I_STOKES,K_CMB_to_uK,,,TMASK,COM_CMB_IQU-commander_2048_R3.00_full.fits,,Planck low-ell bands non-inpainted,planck_lowell_bands,cptg_planck_lowell_bandtest,COMMANDER | 2-40,True,False,0.0497101504437065,0.0010513271730295,,,2.0,40.0,2-40,47.283235627268326,,,,,,
COMMANDER,0.2088809085752553,0.2080694188864416,0.0008114896888136,11.24370212583466,11.200021023519268,0.0436811023153911,0.977941054686925,0.978114031080104,0.8803787231445312,I_STOKES,K_CMB_to_uK,,,TMASK,COM_CMB_IQU-commander_2048_R3.00_full.fits,,Planck low-ell bands non-inpainted,planck_lowell_bands,cptg_planck_lowell_bandtest,COMMANDER | 2-64,True,False,0.0436811023153911,0.0008114896888136,,,2.0,64.0,2-64,53.82829001715009,,,,,,
COMMANDER,0.1904149447563579,0.1898666797330586,0.0005482650232992,11.590681454723027,11.557308206389193,0.0333732483338344,0.981703676999734,0.9818098618240446,0.8803787231445312,I_STOKES,K_CMB_to_uK,,,TMASK,COM_CMB_IQU-commander_2048_R3.00_full.fits,,Planck low-ell bands non-inpainted,planck_lowell_bands,cptg_planck_lowell_bandtest,COMMANDER | 2-95,True,False,0.0333732483338344,0.0005482650232992,,,2.0,95.0,2-95,60.87064998786561,,,,,,
SMICA,0.2490951060516665,0.2480547307544242,0.0010403752972422,11.322534109770526,11.275244201202254,0.0472899085682723,0.968479001604868,0.9687459932246736,0.9830919901529948,I_STOKES_INP,K_CMB_to_uK,,,TMASKINP,COM_CMB_IQU-smica_2048_R3.00_full.fits,,Planck low-ell bands inpainted,planck_lowell_bands_inpainted,cptg_planck_lowell_bandtest_inpainted,SMICA | 2-30,True,False,0.0472899085682723,0.0010403752972422,,,2.0,30.0,2-30,45.45466303710537,,,,,,
SMICA,0.2389055563708338,0.2379616000917102,0.0009439562791236,11.71178957284431,11.665514310456103,0.0462752623882067,0.9710428015906478,0.9712745566353258,0.9830919901529948,I_STOKES_INP,K_CMB_to_uK,,,TMASKINP,COM_CMB_IQU-smica_2048_R3.00_full.fits,,Planck low-ell bands inpainted,planck_lowell_bands_inpainted,cptg_planck_lowell_bandtest_inpainted,SMICA | 2-40,True,False,0.0462752623882067,0.0009439562791236,,,2.0,40.0,2-40,49.02267553235574,,,,,,
SMICA,0.2174391199363431,0.216687102264073,0.00075201767227,12.051064212890616,12.009385359239952,0.0416788536506622,0.9760738844837192,0.9762411067816033,0.9830919901529948,I_STOKES_INP,K_CMB_to_uK,,,TMASKINP,COM_CMB_IQU-smica_2048_R3.00_full.fits,,Planck low-ell bands inpainted,planck_lowell_bands_inpainted,cptg_planck_lowell_bandtest_inpainted,SMICA | 2-64,True,False,0.0416788536506622,0.00075201767227,,,2.0,64.0,2-64,55.422705060702285,,,,,,
SMICA,0.1975427375065989,0.1969951130998302,0.0005476244067687,12.302133843492266,12.268030090385134,0.0341037531071322,0.9802942756259552,0.9804044702986556,0.9830919901529948,I_STOKES_INP,K_CMB_to_uK,,,TMASKINP,COM_CMB_IQU-smica_2048_R3.00_full.fits,,Planck low-ell bands inpainted,planck_lowell_bands_inpainted,cptg_planck_lowell_bandtest_inpainted,SMICA | 2-95,True,False,0.0341037531071322,0.0005476244067687,,,2.0,95.0,2-95,62.275809269279314,,,,,,
SMICA_noSZ,0.2576400400919585,0.2566170448910977,0.0010229952008608,11.754411426544326,11.70773891991839,0.0466725066259368,0.9662409686186848,0.9665131618190886,0.9830919901529948,I_STOKES_INP,uK_native_or_already_scaled,,,TMASKINP,COM_CMB_IQU-smica_2048_R3.00_full.fits,,Planck low-ell bands inpainted,planck_lowell_bands_inpainted,cptg_planck_lowell_bandtest_inpainted,SMICA_noSZ | 2-30,True,False,0.0466725066259368,0.0010229952008608,,,2.0,30.0,2-30,45.62338766268188,,,,,,
SMICA_noSZ,0.2466611509141291,0.2457306204738272,0.0009305304403018,12.138212984285447,12.092421514364522,0.0457914699209247,0.9691017862458878,0.9693381544491458,0.9830919901529948,I_STOKES_INP,uK_native_or_already_scaled,,,TMASKINP,COM_CMB_IQU-smica_2048_R3.00_full.fits,,Planck low-ell bands inpainted,planck_lowell_bands_inpainted,cptg_planck_lowell_bandtest_inpainted,SMICA_noSZ | 2-40,True,False,0.0457914699209247,0.0009305304403018,,,2.0,40.0,2-40,49.21007195215415,,,,,,
SMICA_noSZ,0.2242353287441562,0.2234918421117035,0.0007434866324526,12.471064190550267,12.429714464037223,0.0413497265130455,0.9745350198112273,0.9747057936053164,0.9830919901529948,I_STOKES_INP,uK_native_or_already_scaled,,,TMASKINP,COM_CMB_IQU-smica_2048_R3.00_full.fits,,Planck low-ell bands inpainted,planck_lowell_bands_inpainted,cptg_planck_lowell_bandtest_inpainted,SMICA_noSZ | 2-64,True,False,0.0413497265130455,0.0007434866324526,,,2.0,64.0,2-64,55.615964979270814,,,,,,
SMICA_noSZ,0.2036260575305722,0.2030854185880453,0.0005406389425268,12.726049293375896,12.692260897548987,0.0337883958269085,0.9790487346941102,0.9791610230133708,0.9830919901529948,I_STOKES_INP,uK_native_or_already_scaled,,,TMASKINP,COM_CMB_IQU-smica_2048_R3.00_full.fits,,Planck low-ell bands inpainted,planck_lowell_bands_inpainted,cptg_planck_lowell_bandtest_inpainted,SMICA_noSZ | 2-95,True,False,0.0337883958269085,0.0005406389425268,,,2.0,95.0,2-95,62.497155068010976,,,,,,
NILC,0.2458050261559188,0.244568343351731,0.0012366828041877,10.52822168825788,10.475252589439346,0.0529690988185347,0.9693192413357048,0.9696320069572082,0.7820383707682291,I_STOKES_INP,K_CMB_to_uK,,,TMASK,COM_CMB_IQU-nilc_2048_R3.00_full.fits,,Planck low-ell bands inpainted,planck_lowell_bands_inpainted,cptg_planck_lowell_bandtest_inpainted,NILC | 2-30,True,False,0.0529690988185347,0.0012366828041877,,,2.0,30.0,2-30,42.83159646043865,,,,,,
NILC,0.2372314884307528,0.2361312003295189,0.0011002881012339,11.083212280595037,11.031807946893574,0.0514043337014609,0.9714530617690212,0.971721095852456,0.7820383707682291,I_STOKES_INP,K_CMB_to_uK,,,TMASK,COM_CMB_IQU-nilc_2048_R3.00_full.fits,,Planck low-ell bands inpainted,planck_lowell_bands_inpainted,cptg_planck_lowell_bandtest_inpainted,NILC | 2-40,True,False,0.0514043337014609,0.0011002881012339,,,2.0,40.0,2-40,46.718976278860175,,,,,,
NILC,0.2165787718940148,0.215735016467933,0.0008437554260818,11.578550854457555,11.53344271655384,0.0451081379037177,0.9762650931947148,0.9764518933870092,0.7820383707682291,I_STOKES_INP,K_CMB_to_uK,,,TMASK,COM_CMB_IQU-nilc_2048_R3.00_full.fits,,Planck low-ell bands inpainted,planck_lowell_bands_inpainted,cptg_planck_lowell_bandtest_inpainted,NILC | 2-64,True,False,0.0451081379037177,0.0008437554260818,,,2.0,64.0,2-64,53.46115297081676,,,,,,
NILC,0.1973440933638953,0.1967793634103077,0.0005647299535876,11.96071712473822,11.926489724710224,0.034227400027996,0.980334277527083,0.9804477900892948,0.7820383707682291,I_STOKES_INP,K_CMB_to_uK,,,TMASK,COM_CMB_IQU-nilc_2048_R3.00_full.fits,,Planck low-ell bands inpainted,planck_lowell_bands_inpainted,cptg_planck_lowell_bandtest_inpainted,NILC | 2-95,True,False,0.034227400027996,0.0005647299535876,,,2.0,95.0,2-95,60.60843737888364,,,,,,
SEVEM,0.2611128250610824,0.2599503471793302,0.0011624778817522,11.397580458723166,11.346838274053924,0.0507421846692413,0.9653080703649796,0.9656217680192004,0.9608548482259116,I_STOKES_INP,K_CMB_to_uK,,,TMASKINP,COM_CMB_IQU-sevem_2048_R3.00_full.fits,,Planck low-ell bands inpainted,planck_lowell_bands_inpainted,cptg_planck_lowell_bandtest_inpainted,SEVEM | 2-30,True,False,0.0507421846692413,0.0011624778817522,,,2.0,30.0,2-30,43.65002161826757,,,,,,
SEVEM,0.2501543603098138,0.2490970860807672,0.0010572742290465,11.803761441176968,11.753872993251798,0.04988844792517,0.9682057935072956,0.968478346229534,0.9608548482259116,I_STOKES_INP,K_CMB_to_uK,,,TMASKINP,COM_CMB_IQU-sevem_2048_R3.00_full.fits,,Planck low-ell bands inpainted,planck_lowell_bands_inpainted,cptg_planck_lowell_bandtest_inpainted,SEVEM | 2-40,True,False,0.04988844792517,0.0010572742290465,,,2.0,40.0,2-40,47.18591123719818,,,,,,
SEVEM,0.2276886640777941,0.2268377888815884,0.0008508751962057,12.146111614956087,12.100721454030108,0.0453901609259812,0.9737338718771458,0.97393244127071,0.9608548482259116,I_STOKES_INP,K_CMB_to_uK,,,TMASKINP,COM_CMB_IQU-sevem_2048_R3.00_full.fits,,Planck low-ell bands inpainted,planck_lowell_bands_inpainted,cptg_planck_lowell_bandtest_inpainted,SEVEM | 2-64,True,False,0.0453901609259812,0.0008508751962057,,,2.0,64.0,2-64,53.34526276989415,,,,,,
SEVEM,0.2065759447226297,0.2059517605494886,0.0006241841731411,12.409548023402772,12.37205167559498,0.0374963478077923,0.9784305070136244,0.9785620833936616,0.9608548482259116,I_STOKES_INP,K_CMB_to_uK,,,TMASKINP,COM_CMB_IQU-sevem_2048_R3.00_full.fits,,Planck low-ell bands inpainted,planck_lowell_bands_inpainted,cptg_planck_lowell_bandtest_inpainted,SEVEM | 2-95,True,False,0.0374963478077923,0.0006241841731411,,,2.0,95.0,2-95,60.072570598987774,,,,,,
COMMANDER,0.2362331243403947,0.2350531458143953,0.0011799785259993,10.255983755400788,10.20475537399508,0.051228381405707,0.971696185111472,0.9719822982808856,0.8803787231445312,I_STOKES_INP,K_CMB_to_uK,,,TMASK,COM_CMB_IQU-commander_2048_R3.00_full.fits,,Planck low-ell bands inpainted,planck_lowell_bands_inpainted,cptg_planck_lowell_bandtest_inpainted,COMMANDER | 2-30,True,False,0.051228381405707,0.0011799785259993,,,2.0,30.0,2-30,43.41467262068913,,,,,,
COMMANDER,0.228178156803899,0.2271269013629,0.0010512554409989,10.786982025245472,10.737284570831624,0.0496974544138471,0.9736192684732958,0.9738650441152372,0.8803787231445312,I_STOKES_INP,K_CMB_to_uK,,,TMASK,COM_CMB_IQU-commander_2048_R3.00_full.fits,,Planck low-ell bands inpainted,planck_lowell_bands_inpainted,cptg_planck_lowell_bandtest_inpainted,COMMANDER | 2-40,True,False,0.0496974544138471,0.0010512554409989,,,2.0,40.0,2-40,47.27438496453464,,,,,,
COMMANDER,0.2088739009203052,0.2080627135772471,0.0008111873430581,11.241807926432326,11.198148990285526,0.0436589361467998,0.9779425484187724,0.97811545444296,0.8803787231445312,I_STOKES_INP,K_CMB_to_uK,,,TMASK,COM_CMB_IQU-commander_2048_R3.00_full.fits,,Planck low-ell bands inpainted,planck_lowell_bands_inpainted,cptg_planck_lowell_bandtest_inpainted,COMMANDER | 2-64,True,False,0.0436589361467998,0.0008111873430581,,,2.0,64.0,2-64,53.82102731313272,,,,,,
COMMANDER,0.1904365248903714,0.1898894236031509,0.0005471012872205,11.591211604603812,11.557911444390454,0.0333001602133578,0.981699489732917,0.9818054619923156,0.8803787231445312,I_STOKES_INP,K_CMB_to_uK,,,TMASK,COM_CMB_IQU-commander_2048_R3.00_full.fits,,Planck low-ell bands inpainted,planck_lowell_bands_inpainted,cptg_planck_lowell_bandtest_inpainted,COMMANDER | 2-95,True,False,0.0333001602133578,0.0005471012872205,,,2.0,95.0,2-95,60.86653603491516,,,,,,
,0.2463909411784202,0.245517487526538,0.0008734536518821,11.55104209711168,11.510093757637376,0.0409483394743031,0.9691705237496252,0.9693921617790026,1.0,,,,,,,,WMAP low-ell bands,wmap_lowell_bands,cptg_wmap_lowell_bandtest,2-30,True,False,0.0409483394743031,0.0008734536518821,,,2.0,30.0,2-30,46.8809528542982,,,,,,
,0.2354762838379256,0.2346752313311239,0.0008010525068016,11.869220487331152,11.828843305093546,0.0403771822376057,0.9718800953563228,0.972073832483736,1.0,,,,,,,,WMAP low-ell bands,wmap_lowell_bands,cptg_wmap_lowell_bandtest,2-40,True,False,0.0403771822376057,0.0008010525068016,,,2.0,40.0,2-40,50.40516307578787,,,,,,
,0.2141727194326077,0.2134730830089541,0.0006996364236535,12.011607322709558,11.972369094741705,0.0392382279678535,0.9767958058111276,0.976948945866684,1.0,,,,,,,,WMAP low-ell bands,wmap_lowell_bands,cptg_wmap_lowell_bandtest,2-64,True,False,0.0392382279678535,0.0006996364236535,,,2.0,64.0,2-64,56.08374098499117,,,,,,
,0.199645595164532,0.1989097821129993,0.0007358130515327,12.23773758559022,12.192634226163287,0.0451033594269336,0.9798681729350154,0.9800178052358884,1.0,,,,,,,,WMAP low-ell bands,wmap_lowell_bands,cptg_wmap_lowell_bandtest,2-95,True,False,0.0451033594269336,0.0007358130515327,,,2.0,95.0,2-95,61.29730824015851,,,,,,
SMICA,0.1812654535695481,0.1810281574954824,0.0002372960740656,18.21892784377171,18.195077297703072,0.0238505460686369,0.9834342048872542,0.9834779134244912,0.8364308675130209,I_STOKES,K_CMB_to_uK,,,TMASK,COM_CMB_IQU-smica_2048_R3.00_full.fits,,Smoothing ladder non-inpainted,smoothing_beam_transfer,cptg_cmb_smoothing_ladder_v2,SMICA | native,True,False,0.0238505460686369,0.0002372960740656,,100.50965302542576,,,,,-1.0,native,,,,
SMICA,0.1362555991195184,0.1360210804991321,0.0002345186203862,13.141226859046888,13.118608615003474,0.0226182440434126,0.9906737160682256,0.9907059430828582,0.8364308675130209,I_STOKES,K_CMB_to_uK,,,TMASK,COM_CMB_IQU-smica_2048_R3.00_full.fits,,Smoothing ladder non-inpainted,smoothing_beam_transfer,cptg_cmb_smoothing_ladder_v2,SMICA | 10arcmin,True,False,0.0226182440434126,0.0002345186203862,,96.44540807104656,,,,,10.0,10arcmin,,,,
SMICA,0.1393043851205511,0.1391357159669265,0.0001686691536246,12.464859073399234,12.449766675352029,0.015092398047205,0.9902496090813584,0.9902733221398878,0.8364308675130209,I_STOKES,K_CMB_to_uK,,,TMASK,COM_CMB_IQU-smica_2048_R3.00_full.fits,,Smoothing ladder non-inpainted,smoothing_beam_transfer,cptg_cmb_smoothing_ladder_v2,SMICA | 20arcmin,True,False,0.015092398047205,0.0001686691536246,,89.47930147792833,,,,,20.0,20arcmin,,,,
SMICA,0.1589491330646796,0.1587512626226747,0.0001978704420048,12.086658554565435,12.07161227891459,0.015046275650846,0.9872867734842612,0.9873186094745128,0.8364308675130209,I_STOKES,K_CMB_to_uK,,,TMASK,COM_CMB_IQU-smica_2048_R3.00_full.fits,,Smoothing ladder non-inpainted,smoothing_beam_transfer,cptg_cmb_smoothing_ladder_v2,SMICA | 40arcmin,True,False,0.015046275650846,0.0001978704420048,,76.04104735599361,,,,,40.0,40arcmin,,,,
SMICA,0.1785875274724055,0.1782466555245686,0.0003408719478369,11.85946125162937,11.836824969497266,0.0226362821321028,0.9839240290895298,0.983985838202375,0.8364308675130209,I_STOKES,K_CMB_to_uK,,,TMASK,COM_CMB_IQU-smica_2048_R3.00_full.fits,,Smoothing ladder non-inpainted,smoothing_beam_transfer,cptg_cmb_smoothing_ladder_v2,SMICA | 60arcmin,True,False,0.0226362821321028,0.0003408719478369,,66.40699616305417,,,,,60.0,60arcmin,,,,
SMICA,0.2123682600844766,0.2116099091783494,0.0007583509061271,11.21985630934427,11.179791055735167,0.0400652536091019,0.977189706074671,0.977354206974294,0.8364308675130209,I_STOKES,K_CMB_to_uK,,,TMASK,COM_CMB_IQU-smica_2048_R3.00_full.fits,,Smoothing ladder non-inpainted,smoothing_beam_transfer,cptg_cmb_smoothing_ladder_v2,SMICA | 120arcmin,True,False,0.0400652536091019,0.0007583509061271,,52.83207718931818,,,,,120.0,120arcmin,,,,
SMICA_noSZ,0.1804092599584941,0.1801645779870497,0.0002446819714443,18.178538504471547,18.153883668903376,0.024654835568171,0.9835916321935788,0.9836364800264112,0.8364308675130209,I_STOKES,K_CMB_to_uK,,,TMASK,COM_CMB_IQU-smica_2048_R3.00_full.fits,,Smoothing ladder non-inpainted,smoothing_beam_transfer,cptg_cmb_smoothing_ladder_v2,SMICA_noSZ | native,True,False,0.024654835568171,0.0002446819714443,,100.762779630346,,,,,-1.0,native,,,,
SMICA_noSZ,0.1346854891604294,0.1344389643932306,0.0002465247671987,13.021686431786645,12.997851880372512,0.0238345514141293,0.9908883988671984,0.9909218762611208,0.8364308675130209,I_STOKES,K_CMB_to_uK,,,TMASK,COM_CMB_IQU-smica_2048_R3.00_full.fits,,Smoothing ladder non-inpainted,smoothing_beam_transfer,cptg_cmb_smoothing_ladder_v2,SMICA_noSZ | 10arcmin,True,False,0.0238345514141293,0.0002465247671987,,96.6821779611015,,,,,10.0,10arcmin,,,,
SMICA_noSZ,0.1376039300947752,0.1374243706194744,0.0001795594753007,12.344187649647274,12.328079709591654,0.0161079400556207,0.9904873338015032,0.9905122625987944,0.8364308675130209,I_STOKES,K_CMB_to_uK,,,TMASK,COM_CMB_IQU-smica_2048_R3.00_full.fits,,Smoothing ladder non-inpainted,smoothing_beam_transfer,cptg_cmb_smoothing_ladder_v2,SMICA_noSZ | 20arcmin,True,False,0.0161079400556207,0.0001795594753007,,89.70810383936833,,,,,20.0,20arcmin,,,,
SMICA_noSZ,0.1569118693741831,0.156709923798041,0.0002019455761421,11.968732474471688,11.953328715757396,0.0154037587142923,0.9876126088927232,0.9876446728341212,0.8364308675130209,I_STOKES,K_CMB_to_uK,,,TMASK,COM_CMB_IQU-smica_2048_R3.00_full.fits,,Smoothing ladder non-inpainted,smoothing_beam_transfer,cptg_cmb_smoothing_ladder_v2,SMICA_noSZ | 40arcmin,True,False,0.0154037587142923,0.0002019455761421,,76.27678213386267,,,,,40.0,40arcmin,,,,
SMICA_noSZ,0.1762907198281262,0.1759541090409671,0.000336610787159,11.750909927204663,11.72847265402155,0.0224372731831135,0.984338144186746,0.9843983703308996,0.8364308675130209,I_STOKES,K_CMB_to_uK,,,TMASK,COM_CMB_IQU-smica_2048_R3.00_full.fits,,Smoothing ladder non-inpainted,smoothing_beam_transfer,cptg_cmb_smoothing_ladder_v2,SMICA_noSZ | 60arcmin,True,False,0.0224372731831135,0.000336610787159,,66.65642944030836,,,,,60.0,60arcmin,,,,
SMICA_noSZ,0.2097311416876895,0.2089926556446062,0.0007384860430833,11.136620931948874,11.09740768464962,0.0392132472992532,0.9777590949907476,0.9779172099518232,0.8364308675130209,I_STOKES,K_CMB_to_uK,,,TMASK,COM_CMB_IQU-smica_2048_R3.00_full.fits,,Smoothing ladder non-inpainted,smoothing_beam_transfer,cptg_cmb_smoothing_ladder_v2,SMICA_noSZ | 120arcmin,True,False,0.0392132472992532,0.0007384860430833,,53.099510365191286,,,,,120.0,120arcmin,,,,
NILC,0.1837367845758635,0.1834905116536511,0.0002462729222124,18.423495356863608,18.398801292202712,0.0246940646608955,0.9829754798537566,0.9830214810130454,0.7820383707682291,I_STOKES,K_CMB_to_uK,,,TMASK,COM_CMB_IQU-nilc_2048_R3.00_full.fits,,Smoothing ladder non-inpainted,smoothing_beam_transfer,cptg_cmb_smoothing_ladder_v2,NILC | native,True,False,0.0246940646608955,0.0002462729222124,,100.27113187700684,,,,,-1.0,native,,,,
NILC,0.1385889947844601,0.1383449170492996,0.0002440777351605,13.331010802064704,13.307532726269224,0.0234780757954808,0.9903499838565256,0.9903841092861954,0.7820383707682291,I_STOKES,K_CMB_to_uK,,,TMASK,COM_CMB_IQU-nilc_2048_R3.00_full.fits,,Smoothing ladder non-inpainted,smoothing_beam_transfer,cptg_cmb_smoothing_ladder_v2,NILC | 10arcmin,True,False,0.0234780757954808,0.0002440777351605,,96.19097694443695,,,,,10.0,10arcmin,,,,
NILC,0.1418171026989065,0.1416365551192068,0.0001805475796996,12.651715729719514,12.635608810239582,0.0161069194799328,0.9898928777304123,0.9899187270949446,0.7820383707682291,I_STOKES,K_CMB_to_uK,,,TMASK,COM_CMB_IQU-nilc_2048_R3.00_full.fits,,Smoothing ladder non-inpainted,smoothing_beam_transfer,cptg_cmb_smoothing_ladder_v2,NILC | 20arcmin,True,False,0.0161069194799328,0.0001805475796996,,89.21149486871492,,,,,20.0,20arcmin,,,,
NILC,0.1620209635882121,0.161804518300079,0.000216445288133,12.273881029573245,12.257484239570756,0.0163967900024886,0.98678731615752,0.9868228300101136,0.7820383707682291,I_STOKES,K_CMB_to_uK,,,TMASK,COM_CMB_IQU-nilc_2048_R3.00_full.fits,,Smoothing ladder non-inpainted,smoothing_beam_transfer,cptg_cmb_smoothing_ladder_v2,NILC | 40arcmin,True,False,0.0163967900024886,0.000216445288133,,75.75489466145993,,,,,40.0,40arcmin,,,,
NILC,0.1821954079958225,0.1818294253774003,0.0003659826184221,12.046333566867895,12.022135653486398,0.0241979133814975,0.983262342001076,0.9833300869797296,0.7820383707682291,I_STOKES,K_CMB_to_uK,,,TMASK,COM_CMB_IQU-nilc_2048_R3.00_full.fits,,Smoothing ladder non-inpainted,smoothing_beam_transfer,cptg_cmb_smoothing_ladder_v2,NILC | 60arcmin,True,False,0.0241979133814975,0.0003659826184221,,66.11765740629477,,,,,60.0,60arcmin,,,,
NILC,0.217125964113219,0.2163327085200199,0.000793255593199,11.404714108260398,11.363047726756172,0.0416663815042266,0.9761435937931832,0.976319701337626,0.7820383707682291,I_STOKES,K_CMB_to_uK,,,TMASK,COM_CMB_IQU-nilc_2048_R3.00_full.fits,,Smoothing ladder non-inpainted,smoothing_beam_transfer,cptg_cmb_smoothing_ladder_v2,NILC | 120arcmin,True,False,0.0416663815042266,0.000793255593199,,52.52579605041374,,,,,120.0,120arcmin,,,,
SEVEM,0.1825141356225831,0.1823039527831837,0.0002101828393994,18.347829389862127,18.32670007368712,0.0211293161750099,0.9832032293976364,0.9832422228523482,0.8378740946451823,I_STOKES,K_CMB_to_uK,,,TMASK,COM_CMB_IQU-sevem_2048_R3.00_full.fits,,Smoothing ladder non-inpainted,smoothing_beam_transfer,cptg_cmb_smoothing_ladder_v2,SEVEM | native,True,False,0.0211293161750099,0.0002101828393994,,100.52826498766753,,,,,-1.0,native,,,,
SEVEM,0.138270026152205,0.1380712258116773,0.0001988003405276,13.336595310933491,13.317420369240969,0.0191749416925262,0.9903945677695966,0.9904223021532376,0.8378740946451823,I_STOKES,K_CMB_to_uK,,,TMASK,COM_CMB_IQU-sevem_2048_R3.00_full.fits,,Smoothing ladder non-inpainted,smoothing_beam_transfer,cptg_cmb_smoothing_ladder_v2,SEVEM | 10arcmin,True,False,0.0191749416925262,0.0001988003405276,,96.45326382055372,,,,,10.0,10arcmin,,,,
SEVEM,0.1419880511837043,0.1418500297456672,0.0001380214380371,12.704514643608125,12.692165045412668,0.0123495981954562,0.9898683717143508,0.9898881598749028,0.8378740946451823,I_STOKES,K_CMB_to_uK,,,TMASK,COM_CMB_IQU-sevem_2048_R3.00_full.fits,,Smoothing ladder non-inpainted,smoothing_beam_transfer,cptg_cmb_smoothing_ladder_v2,SEVEM | 20arcmin,True,False,0.0123495981954562,0.0001380214380371,,89.47594207889371,,,,,20.0,20arcmin,,,,
SEVEM,0.1623278553094521,0.1621470311793942,0.0001808241300579,12.342783985875029,12.329034816501208,0.0137491693738205,0.9867368784909282,0.9867666088103774,0.8378740946451823,I_STOKES,K_CMB_to_uK,,,TMASK,COM_CMB_IQU-sevem_2048_R3.00_full.fits,,Smoothing ladder non-inpainted,smoothing_beam_transfer,cptg_cmb_smoothing_ladder_v2,SEVEM | 40arcmin,True,False,0.0137491693738205,0.0001808241300579,,76.03614279475005,,,,,40.0,40arcmin,,,,
SEVEM,0.1823339167229739,0.1820003699005029,0.0003335468224709,12.1091732881302,12.087021752389632,0.0221515357405674,0.9832366666863188,0.98329846194347,0.8378740946451823,I_STOKES,K_CMB_to_uK,,,TMASK,COM_CMB_IQU-sevem_2048_R3.00_full.fits,,Smoothing ladder non-inpainted,smoothing_beam_transfer,cptg_cmb_smoothing_ladder_v2,SEVEM | 60arcmin,True,False,0.0221515357405674,0.0003335468224709,,66.412072453465,,,,,60.0,60arcmin,,,,
SEVEM,0.2169281030123135,0.2161675081000149,0.0007605949122986,11.455568454005869,11.415402855530548,0.040165598475319,0.9761875834043044,0.9763562916845476,0.8378740946451823,I_STOKES,K_CMB_to_uK,,,TMASK,COM_CMB_IQU-sevem_2048_R3.00_full.fits,,Smoothing ladder non-inpainted,smoothing_beam_transfer,cptg_cmb_smoothing_ladder_v2,SEVEM | 120arcmin,True,False,0.040165598475319,0.0007605949122986,,52.80813456131873,,,,,120.0,120arcmin,,,,
COMMANDER,0.1797075464567617,0.1794773383095084,0.0002302081472533,18.118270795647938,18.09506101045228,0.0232097851956574,0.9837200809917884,0.9837621079475132,0.8803787231445312,I_STOKES,K_CMB_to_uK,,,TMASK,COM_CMB_IQU-commander_2048_R3.00_full.fits,,Smoothing ladder non-inpainted,smoothing_beam_transfer,cptg_cmb_smoothing_ladder_v2,COMMANDER | native,True,False,0.0232097851956574,0.0002302081472533,,100.82086786492997,,,,,-1.0,native,,,,
COMMANDER,0.1335291784086316,0.1332977746623452,0.0002314037462864,12.914301794403771,12.891921533763265,0.0223802606405101,0.991044882189174,0.9910760330418172,0.8803787231445312,I_STOKES,K_CMB_to_uK,,,TMASK,COM_CMB_IQU-commander_2048_R3.00_full.fits,,Smoothing ladder non-inpainted,smoothing_beam_transfer,cptg_cmb_smoothing_ladder_v2,COMMANDER | 10arcmin,True,False,0.0223802606405101,0.0002314037462864,,96.71520448424296,,,,,10.0,10arcmin,,,,
COMMANDER,0.1367047889321929,0.1365369693770528,0.00016781955514,12.265816583594034,12.250758999301873,0.0150575842921618,0.9906118314853728,0.990634976158797,0.8803787231445312,I_STOKES,K_CMB_to_uK,,,TMASK,COM_CMB_IQU-commander_2048_R3.00_full.fits,,Smoothing ladder non-inpainted,smoothing_beam_transfer,cptg_cmb_smoothing_ladder_v2,COMMANDER | 20arcmin,True,False,0.0150575842921618,0.00016781955514,,89.72484928584335,,,,,20.0,20arcmin,,,,
COMMANDER,0.1559845922894815,0.15578474614071,0.0001998461487715,11.900863232197366,11.88561594623724,0.0152472859601271,0.9877594883717034,0.9877910268726758,0.8803787231445312,I_STOKES,K_CMB_to_uK,,,TMASK,COM_CMB_IQU-commander_2048_R3.00_full.fits,,Smoothing ladder non-inpainted,smoothing_beam_transfer,cptg_cmb_smoothing_ladder_v2,COMMANDER | 40arcmin,True,False,0.0152472859601271,0.0001998461487715,,76.29512029054342,,,,,40.0,40arcmin,,,,
COMMANDER,0.1751566685169177,0.1748145941990141,0.0003420743179035,11.680682172491569,11.65787024405838,0.0228119284331889,0.9845405737516496,0.9846013698673384,0.8803787231445312,I_STOKES,K_CMB_to_uK,,,TMASK,COM_CMB_IQU-commander_2048_R3.00_full.fits,,Smoothing ladder non-inpainted,smoothing_beam_transfer,cptg_cmb_smoothing_ladder_v2,COMMANDER | 60arcmin,True,False,0.0228119284331889,0.0003420743179035,,66.68705377530846,,,,,60.0,60arcmin,,,,
COMMANDER,0.20828904253091,0.2075378394995099,0.0007512030314,11.06688033317171,11.026967172338072,0.0399131608336382,0.9780673159034576,0.9782269904553024,0.8803787231445312,I_STOKES,K_CMB_to_uK,,,TMASK,COM_CMB_IQU-commander_2048_R3.00_full.fits,,Smoothing ladder non-inpainted,smoothing_beam_transfer,cptg_cmb_smoothing_ladder_v2,COMMANDER | 120arcmin,True,False,0.0399131608336382,0.0007512030314,,53.132321310322354,,,,,120.0,120arcmin,,,,
SMICA,0.1836642928501106,0.183350879982349,0.0003134128677616,18.592047449296462,18.56032115771185,0.031726291584615,0.982989027167582,0.9830475343591978,0.9830919901529948,I_STOKES_INP,K_CMB_to_uK,,,TMASKINP,COM_CMB_IQU-smica_2048_R3.00_full.fits,,Smoothing ladder inpainted,smoothing_beam_transfer_inpainted,cptg_cmb_smoothing_ladder_v2_inpainted,SMICA | native,True,False,0.031726291584615,0.0003134128677616,,101.22842693473102,,,,,-1.0,native,,,,
SMICA,0.1410733319008489,0.1407389598153455,0.0003343720855034,13.710617290298446,13.678120377982529,0.0324969123159188,0.9899991490028518,0.9900467388916908,0.9830919901529948,I_STOKES_INP,K_CMB_to_uK,,,TMASKINP,COM_CMB_IQU-smica_2048_R3.00_full.fits,,Smoothing ladder inpainted,smoothing_beam_transfer_inpainted,cptg_cmb_smoothing_ladder_v2_inpainted,SMICA | 10arcmin,True,False,0.0324969123159188,0.0003343720855034,,97.18787460081204,,,,,10.0,10arcmin,,,,
SMICA,0.1433821950915934,0.1431146002939238,0.0002675947976696,12.938665934193263,12.914518447187891,0.0241474870053721,0.9896673916678737,0.9897061236461492,0.9830919901529948,I_STOKES_INP,K_CMB_to_uK,,,TMASKINP,COM_CMB_IQU-smica_2048_R3.00_full.fits,,Smoothing ladder inpainted,smoothing_beam_transfer_inpainted,cptg_cmb_smoothing_ladder_v2_inpainted,SMICA | 20arcmin,True,False,0.0241474870053721,0.0002675947976696,,90.23900021845782,,,,,20.0,20arcmin,,,,
SMICA,0.1632189024535269,0.1629411602712625,0.0002777421822643,12.545094312676971,12.523746896300937,0.021347416376038,0.986589879268903,0.9866357880613484,0.9830919901529948,I_STOKES_INP,K_CMB_to_uK,,,TMASKINP,COM_CMB_IQU-smica_2048_R3.00_full.fits,,Smoothing ladder inpainted,smoothing_beam_transfer_inpainted,cptg_cmb_smoothing_ladder_v2_inpainted,SMICA | 40arcmin,True,False,0.021347416376038,0.0002777421822643,,76.86054816015516,,,,,40.0,40arcmin,,,,
SMICA,0.1837134844189555,0.1833204150371887,0.0003930693817668,12.364389054857927,12.337934476539472,0.0264545783184555,0.9829798348003204,0.9830532159614204,0.9830919901529948,I_STOKES_INP,K_CMB_to_uK,,,TMASKINP,COM_CMB_IQU-smica_2048_R3.00_full.fits,,Smoothing ladder inpainted,smoothing_beam_transfer_inpainted,cptg_cmb_smoothing_ladder_v2_inpainted,SMICA | 60arcmin,True,False,0.0264545783184555,0.0003930693817668,,67.30256678742832,,,,,60.0,60arcmin,,,,
SMICA,0.2207586698410928,0.2200253212526302,0.0007333485884625,11.898627339171036,11.859100730453456,0.0395266087175816,0.9753284618826892,0.9754941603534296,0.9830919901529948,I_STOKES_INP,K_CMB_to_uK,,,TMASKINP,COM_CMB_IQU-smica_2048_R3.00_full.fits,,Smoothing ladder inpainted,smoothing_beam_transfer_inpainted,cptg_cmb_smoothing_ladder_v2_inpainted,SMICA | 120arcmin,True,False,0.0395266087175816,0.0007333485884625,,53.89879975149309,,,,,120.0,120arcmin,,,,
SMICA_noSZ,0.1861714568668719,0.1858647528514219,0.00030670401545,18.91446389113077,18.88330367933932,0.0311602117914482,0.9825172714248164,0.9825753373902072,0.9830919901529948,I_STOKES_INP,uK_native_or_already_scaled,,,TMASKINP,COM_CMB_IQU-smica_2048_R3.00_full.fits,,Smoothing ladder inpainted,smoothing_beam_transfer_inpainted,cptg_cmb_smoothing_ladder_v2_inpainted,SMICA_noSZ | native,True,False,0.0311602117914482,0.00030670401545,,101.5970128259574,,,,,-1.0,native,,,,
SMICA_noSZ,0.1437883278583278,0.1434589315532517,0.0003293963050761,14.018033212788946,13.985920117007788,0.0321130957811579,0.9896084664005058,0.9896562711151056,0.9830919901529948,I_STOKES_INP,uK_native_or_already_scaled,,,TMASKINP,COM_CMB_IQU-smica_2048_R3.00_full.fits,,Smoothing ladder inpainted,smoothing_beam_transfer_inpainted,cptg_cmb_smoothing_ladder_v2_inpainted,SMICA_noSZ | 10arcmin,True,False,0.0321130957811579,0.0003293963050761,,97.49075896202557,,,,,10.0,10arcmin,,,,
SMICA_noSZ,0.147197877472391,0.1469305614997381,0.0002673159726529,13.320111604607812,13.295921863216336,0.024189741391476,0.9891070644108308,0.9891468091730168,0.9830919901529948,I_STOKES_INP,uK_native_or_already_scaled,,,TMASKINP,COM_CMB_IQU-smica_2048_R3.00_full.fits,,Smoothing ladder inpainted,smoothing_beam_transfer_inpainted,cptg_cmb_smoothing_ladder_v2_inpainted,SMICA_noSZ | 20arcmin,True,False,0.024189741391476,0.0002673159726529,,90.49119344201262,,,,,20.0,20arcmin,,,,
SMICA_noSZ,0.1681049291513942,0.1678246213545363,0.0002803077968579,12.957346288557588,12.935740466470122,0.0216058220874657,0.985769107243162,0.9858168676114152,0.9830919901529948,I_STOKES_INP,uK_native_or_already_scaled,,,TMASKINP,COM_CMB_IQU-smica_2048_R3.00_full.fits,,Smoothing ladder inpainted,smoothing_beam_transfer_inpainted,cptg_cmb_smoothing_ladder_v2_inpainted,SMICA_noSZ | 40arcmin,True,False,0.0216058220874657,0.0002803077968579,,77.07891942233462,,,,,40.0,40arcmin,,,,
SMICA_noSZ,0.1893449296198782,0.1889527641466542,0.000392165473224,12.783237786212917,12.756761531972415,0.0264762542405012,0.9819106362725268,0.9819861775601648,0.9830919901529948,I_STOKES_INP,uK_native_or_already_scaled,,,TMASKINP,COM_CMB_IQU-smica_2048_R3.00_full.fits,,Smoothing ladder inpainted,smoothing_beam_transfer_inpainted,cptg_cmb_smoothing_ladder_v2_inpainted,SMICA_noSZ | 60arcmin,True,False,0.0264762542405012,0.000392165473224,,67.51296594989928,,,,,60.0,60arcmin,,,,
SMICA_noSZ,0.2279978089909277,0.2272760929467872,0.0007217160441405,12.330882132062785,12.291849320684015,0.0390328113787692,0.9736616432854956,0.9738303620790316,0.9830919901529948,I_STOKES_INP,uK_native_or_already_scaled,,,TMASKINP,COM_CMB_IQU-smica_2048_R3.00_full.fits,,Smoothing ladder inpainted,smoothing_beam_transfer_inpainted,cptg_cmb_smoothing_ladder_v2_inpainted,SMICA_noSZ | 120arcmin,True,False,0.0390328113787692,0.0007217160441405,,54.08333609273166,,,,,120.0,120arcmin,,,,
NILC,0.1834392885174103,0.1831894064334379,0.0002498820839723,18.38275461370581,18.357713516625957,0.0250410970798569,0.9830310409281218,0.9830776375091465,0.7820383707682291,I_STOKES_INP,K_CMB_to_uK,,,TMASK,COM_CMB_IQU-nilc_2048_R3.00_full.fits,,Smoothing ladder inpainted,smoothing_beam_transfer_inpainted,cptg_cmb_smoothing_ladder_v2_inpainted,NILC | native,True,False,0.0250410970798569,0.0002498820839723,,100.21165456036478,,,,,-1.0,native,,,,
NILC,0.1389629650286732,0.1387169952284902,0.000245969800183,13.363279533845205,13.339626014390925,0.0236535194542781,0.9902975786855306,0.9903320631155812,0.7820383707682291,I_STOKES_INP,K_CMB_to_uK,,,TMASK,COM_CMB_IQU-nilc_2048_R3.00_full.fits,,Smoothing ladder inpainted,smoothing_beam_transfer_inpainted,cptg_cmb_smoothing_ladder_v2_inpainted,NILC | 10arcmin,True,False,0.0236535194542781,0.000245969800183,,96.16432357418292,,,,,10.0,10arcmin,,,,
NILC,0.1419159898907877,0.1417351072632801,0.0001808826275076,12.659447540991694,12.64331212076335,0.0161354202283448,0.9898787056062484,0.9899046213491745,0.7820383707682291,I_STOKES_INP,K_CMB_to_uK,,,TMASK,COM_CMB_IQU-nilc_2048_R3.00_full.fits,,Smoothing ladder inpainted,smoothing_beam_transfer_inpainted,cptg_cmb_smoothing_ladder_v2_inpainted,NILC | 20arcmin,True,False,0.0161354202283448,0.0001808826275076,,89.2038138248822,,,,,20.0,20arcmin,,,,
NILC,0.162016517030214,0.1618011127453841,0.0002154042848299,12.273628659226098,12.257310618003697,0.0163180412224015,0.9867880462266974,0.9868233883937636,0.7820383707682291,I_STOKES_INP,K_CMB_to_uK,,,TMASK,COM_CMB_IQU-nilc_2048_R3.00_full.fits,,Smoothing ladder inpainted,smoothing_beam_transfer_inpainted,cptg_cmb_smoothing_ladder_v2_inpainted,NILC | 40arcmin,True,False,0.0163180412224015,0.0002154042848299,,75.75541607857932,,,,,40.0,40arcmin,,,,
NILC,0.182185748773696,0.1818208961605811,0.0003648526131148,12.045525716442809,12.021402855222494,0.024122861220313,0.9832641317602178,0.9833316640799896,0.7820383707682291,I_STOKES_INP,K_CMB_to_uK,,,TMASK,COM_CMB_IQU-nilc_2048_R3.00_full.fits,,Smoothing ladder inpainted,smoothing_beam_transfer_inpainted,cptg_cmb_smoothing_ladder_v2_inpainted,NILC | 60arcmin,True,False,0.024122861220313,0.0003648526131148,,66.11672865480432,,,,,60.0,60arcmin,,,,
NILC,0.2171003158451115,0.2163076680524225,0.0007926477926889,11.402373026512958,11.360742198958889,0.0416308275540693,0.9761492984470396,0.9763252494637364,0.7820383707682291,I_STOKES_INP,K_CMB_to_uK,,,TMASK,COM_CMB_IQU-nilc_2048_R3.00_full.fits,,Smoothing ladder inpainted,smoothing_beam_transfer_inpainted,cptg_cmb_smoothing_ladder_v2_inpainted,NILC | 120arcmin,True,False,0.0416308275540693,0.0007926477926889,,52.52121804672035,,,,,120.0,120arcmin,,,,
SEVEM,0.1810442858907742,0.1808459898168642,0.0001982960739099,18.29940608525542,18.27936292087861,0.0200431643768048,0.9834749445442418,0.9835114274715666,0.9608548482259116,I_STOKES_INP,K_CMB_to_uK,,,TMASKINP,COM_CMB_IQU-sevem_2048_R3.00_full.fits,,Smoothing ladder inpainted,smoothing_beam_transfer_inpainted,cptg_cmb_smoothing_ladder_v2_inpainted,SEVEM | native,True,False,0.0200431643768048,0.0001982960739099,,101.07696023223636,,,,,-1.0,native,,,,
SEVEM,0.1376502914329733,0.1374431040315746,0.0002071874013986,13.360488125257332,13.340378289039236,0.0201098362180953,0.9904808919212073,0.9905096633283296,0.9608548482259116,I_STOKES_INP,K_CMB_to_uK,,,TMASKINP,COM_CMB_IQU-sevem_2048_R3.00_full.fits,,Smoothing ladder inpainted,smoothing_beam_transfer_inpainted,cptg_cmb_smoothing_ladder_v2_inpainted,SEVEM | 10arcmin,True,False,0.0201098362180953,0.0002071874013986,,97.06109581150444,,,,,10.0,10arcmin,,,,
SEVEM,0.1439616904430664,0.1437799824992916,0.0001817079437748,12.978611684151236,12.962230125731626,0.01638155841961,0.9895832615993122,0.9896096789064772,0.9608548482259116,I_STOKES_INP,K_CMB_to_uK,,,TMASKINP,COM_CMB_IQU-sevem_2048_R3.00_full.fits,,Smoothing ladder inpainted,smoothing_beam_transfer_inpainted,cptg_cmb_smoothing_ladder_v2_inpainted,SEVEM | 20arcmin,True,False,0.01638155841961,0.0001817079437748,,90.15323204532656,,,,,20.0,20arcmin,,,,
SEVEM,0.1656806259109854,0.1654240012761905,0.0002566246347948,12.722026205269056,12.70232091196257,0.0197052933064867,0.9861794611389538,0.9862225403925242,0.9608548482259116,I_STOKES_INP,K_CMB_to_uK,,,TMASKINP,COM_CMB_IQU-sevem_2048_R3.00_full.fits,,Smoothing ladder inpainted,smoothing_beam_transfer_inpainted,cptg_cmb_smoothing_ladder_v2_inpainted,SEVEM | 40arcmin,True,False,0.0197052933064867,0.0002566246347948,,76.786444614859,,,,,40.0,40arcmin,,,,
SEVEM,0.1865796347664775,0.186177229686137,0.0004024050803404,12.52728660264632,12.500268413988724,0.0270181886575961,0.9824398394680608,0.9825161766797594,0.9608548482259116,I_STOKES_INP,K_CMB_to_uK,,,TMASKINP,COM_CMB_IQU-sevem_2048_R3.00_full.fits,,Smoothing ladder inpainted,smoothing_beam_transfer_inpainted,cptg_cmb_smoothing_ladder_v2_inpainted,SEVEM | 60arcmin,True,False,0.0270181886575961,0.0004024050803404,,67.14176827672233,,,,,60.0,60arcmin,,,,
SEVEM,0.2245619067448348,0.2237906955249989,0.0007712112198359,12.025247322410408,11.983949108520184,0.041298213890224,0.9744598244605464,0.9746372268945882,0.9608548482259116,I_STOKES_INP,K_CMB_to_uK,,,TMASKINP,COM_CMB_IQU-sevem_2048_R3.00_full.fits,,Smoothing ladder inpainted,smoothing_beam_transfer_inpainted,cptg_cmb_smoothing_ladder_v2_inpainted,SEVEM | 120arcmin,True,False,0.041298213890224,0.0007712112198359,,53.5498094789267,,,,,120.0,120arcmin,,,,
COMMANDER,0.1791142931057512,0.1788751301010855,0.0002391630046656,18.032586841529024,18.008508765033096,0.0240780764959289,0.983828272619377,0.9838717842439224,0.8803787231445312,I_STOKES_INP,K_CMB_to_uK,,,TMASK,COM_CMB_IQU-commander_2048_R3.00_full.fits,,Smoothing ladder inpainted,smoothing_beam_transfer_inpainted,cptg_cmb_smoothing_ladder_v2_inpainted,COMMANDER | native,True,False,0.0240780764959289,0.0002391630046656,,100.67642581087802,,,,,-1.0,native,,,,
COMMANDER,0.1343514417098105,0.1341139413071261,0.0002375004026844,12.983694378618768,12.960742390876693,0.0229519877420756,0.9909337465796506,0.990965918055186,0.8803787231445312,I_STOKES_INP,K_CMB_to_uK,,,TMASK,COM_CMB_IQU-commander_2048_R3.00_full.fits,,Smoothing ladder inpainted,smoothing_beam_transfer_inpainted,cptg_cmb_smoothing_ladder_v2_inpainted,COMMANDER | 10arcmin,True,False,0.0229519877420756,0.0002375004026844,,96.63978453363092,,,,,10.0,10arcmin,,,,
COMMANDER,0.1369397946965712,0.1367690250975502,0.000170769599021,12.28231495499865,12.266998399248276,0.0153165557503758,0.9905793721979196,0.9906029647489658,0.8803787231445312,I_STOKES_INP,K_CMB_to_uK,,,TMASK,COM_CMB_IQU-commander_2048_R3.00_full.fits,,Smoothing ladder inpainted,smoothing_beam_transfer_inpainted,cptg_cmb_smoothing_ladder_v2_inpainted,COMMANDER | 20arcmin,True,False,0.0153165557503758,0.000170769599021,,89.69134926931636,,,,,20.0,20arcmin,,,,
COMMANDER,0.1560077156405138,0.1558077212997954,0.0001999943407184,11.900880944354316,11.885624590983186,0.0152563533711305,0.9877558365017202,0.9877874031724896,0.8803787231445312,I_STOKES_INP,K_CMB_to_uK,,,TMASK,COM_CMB_IQU-commander_2048_R3.00_full.fits,,Smoothing ladder inpainted,smoothing_beam_transfer_inpainted,cptg_cmb_smoothing_ladder_v2_inpainted,COMMANDER | 40arcmin,True,False,0.0152563533711305,0.0001999943407184,,76.28392541672319,,,,,40.0,40arcmin,,,,
COMMANDER,0.1751719348533618,0.1748302041409646,0.0003417307123972,11.680196057537222,11.657409977546592,0.0227860799906292,0.9845378576265816,0.9845985982017154,0.8803787231445312,I_STOKES_INP,K_CMB_to_uK,,,TMASK,COM_CMB_IQU-commander_2048_R3.00_full.fits,,Smoothing ladder inpainted,smoothing_beam_transfer_inpainted,cptg_cmb_smoothing_ladder_v2_inpainted,COMMANDER | 60arcmin,True,False,0.0227860799906292,0.0003417307123972,,66.678466886347,,,,,60.0,60arcmin,,,,
COMMANDER,0.2082968433989504,0.2075459170885198,0.0007509263104305,11.065287966355765,11.025396743181958,0.0398912231738055,0.9780656546469038,0.9782252767493718,0.8803787231445312,I_STOKES_INP,K_CMB_to_uK,,,TMASK,COM_CMB_IQU-commander_2048_R3.00_full.fits,,Smoothing ladder inpainted,smoothing_beam_transfer_inpainted,cptg_cmb_smoothing_ladder_v2_inpainted,COMMANDER | 120arcmin,True,False,0.0398912231738055,0.0007509263104305,,53.12268676660858,,,,,120.0,120arcmin,,,,
SMICA,0.2412490456394991,0.2400496803914514,0.0011993652480476,10.352125924128064,10.30066051814521,0.0514654059828529,0.9704625171169862,0.9707598899774008,0.8364308675130209,I_STOKES,K_CMB_to_uK,,,TMASK,COM_CMB_IQU-smica_2048_R3.00_full.fits,,Smoothing ladder bands,smoothing_beam_transfer_bandlimited,cptg_cmb_smoothing_ladder_v2_bands,SMICA | 2-30 | native,True,False,0.0514654059828529,0.0011993652480476,,,2.0,30.0,2-30,42.91053627460708,-1.0,native,,,,
SMICA,0.2327046820230576,0.2316402241280206,0.001064457895037,10.910225877018457,10.860319377628477,0.04990649938998,0.9725470182838916,0.9728011029669444,0.8364308675130209,I_STOKES,K_CMB_to_uK,,,TMASK,COM_CMB_IQU-smica_2048_R3.00_full.fits,,Smoothing ladder bands,smoothing_beam_transfer_bandlimited,cptg_cmb_smoothing_ladder_v2_bands,SMICA | 2-40 | native,True,False,0.04990649938998,0.001064457895037,,,2.0,40.0,2-40,46.88442786010386,-1.0,native,,,,
SMICA,0.2127017152066205,0.2118885411752379,0.0008131740313826,11.401244205982987,11.357656425297952,0.0435877806850371,0.9771170749213062,0.977293735484209,0.8364308675130209,I_STOKES,K_CMB_to_uK,,,TMASK,COM_CMB_IQU-smica_2048_R3.00_full.fits,,Smoothing ladder bands,smoothing_beam_transfer_bandlimited,cptg_cmb_smoothing_ladder_v2_bands,SMICA | 2-64 | native,True,False,0.0435877806850371,0.0008131740313826,,,2.0,64.0,2-64,53.60203228689392,-1.0,native,,,,
SMICA,0.1937469473132608,0.1932034462739481,0.0005435010393126,11.76553098926323,11.732526194042428,0.033004795220803,0.9810515134789684,0.9811586927256448,0.8364308675130209,I_STOKES,K_CMB_to_uK,,,TMASK,COM_CMB_IQU-smica_2048_R3.00_full.fits,,Smoothing ladder bands,smoothing_beam_transfer_bandlimited,cptg_cmb_smoothing_ladder_v2_bands,SMICA | 2-95 | native,True,False,0.033004795220803,0.0005435010393126,,,2.0,95.0,2-95,60.72627802615164,-1.0,native,,,,
SMICA,0.2412682823523151,0.240068864974771,0.001199417377544,10.35146983537822,10.300009557704648,0.0514602776735717,0.9704577347241212,0.970755145708866,0.8364308675130209,I_STOKES,K_CMB_to_uK,,,TMASK,COM_CMB_IQU-smica_2048_R3.00_full.fits,,Smoothing ladder bands,smoothing_beam_transfer_bandlimited,cptg_cmb_smoothing_ladder_v2_bands,SMICA | 2-30 | 10arcmin,True,False,0.0514602776735717,0.001199417377544,,,2.0,30.0,2-30,42.90439561492941,10.0,10arcmin,,,,
SMICA,0.2327342789098228,0.2316695664747479,0.0010647124350748,10.908731578886384,10.858826329787112,0.0499052490992717,0.972539935942828,0.9727941154813272,0.8364308675130209,I_STOKES,K_CMB_to_uK,,,TMASK,COM_CMB_IQU-smica_2048_R3.00_full.fits,,Smoothing ladder bands,smoothing_beam_transfer_bandlimited,cptg_cmb_smoothing_ladder_v2_bands,SMICA | 2-40 | 10arcmin,True,False,0.0499052490992717,0.0010647124350748,,,2.0,40.0,2-40,46.872044934614784,10.0,10arcmin,,,,
SMICA,0.2127906776533909,0.2119765813141559,0.000814096339235,11.398386115223436,11.354778075097231,0.0436080401262035,0.9770977050184456,0.977274643162412,0.8364308675130209,I_STOKES,K_CMB_to_uK,,,TMASK,COM_CMB_IQU-smica_2048_R3.00_full.fits,,Smoothing ladder bands,smoothing_beam_transfer_bandlimited,cptg_cmb_smoothing_ladder_v2_bands,SMICA | 2-64 | 10arcmin,True,False,0.0436080401262035,0.000814096339235,,,2.0,64.0,2-64,53.566191155187546,10.0,10arcmin,,,,
SMICA,0.1939665118407222,0.193420668620005,0.0005458432207171,11.760419906692952,11.727324784148667,0.0330951225442834,0.98100812640321,0.9811158937691145,0.8364308675130209,I_STOKES,K_CMB_to_uK,,,TMASK,COM_CMB_IQU-smica_2048_R3.00_full.fits,,Smoothing ladder bands,smoothing_beam_transfer_bandlimited,cptg_cmb_smoothing_ladder_v2_bands,SMICA | 2-95 | 10arcmin,True,False,0.0330951225442834,0.0005458432207171,,,2.0,95.0,2-95,60.631187286340186,10.0,10arcmin,,,,
SMICA,0.2413317155567917,0.240132113405777,0.0011996021510147,10.349324903080085,10.297880887996357,0.051444015083728,0.9704419616009056,0.9707395015071402,0.8364308675130209,I_STOKES,K_CMB_to_uK,,,TMASK,COM_CMB_IQU-smica_2048_R3.00_full.fits,,Smoothing ladder bands,smoothing_beam_transfer_bandlimited,cptg_cmb_smoothing_ladder_v2_bands,SMICA | 2-30 | 20arcmin,True,False,0.051444015083728,0.0011996021510147,,,2.0,30.0,2-30,42.8842304427435,20.0,20arcmin,,,,
SMICA,0.2328301056415459,0.2317645894804176,0.0010655161611283,10.9040318005354,10.854130942255434,0.0499008582799653,0.9725169984106506,0.9727714803233188,0.8364308675130209,I_STOKES,K_CMB_to_uK,,,TMASK,COM_CMB_IQU-smica_2048_R3.00_full.fits,,Smoothing ladder bands,smoothing_beam_transfer_bandlimited,cptg_cmb_smoothing_ladder_v2_bands,SMICA | 2-40 | 20arcmin,True,False,0.0499008582799653,0.0010655161611283,,,2.0,40.0,2-40,46.83256819598202,20.0,20arcmin,,,,
SMICA,0.213066979875369,0.2122500637613183,0.0008169161140506,11.389578810415358,11.345910239771891,0.0436685706434669,0.977037491134299,0.9772152828226858,0.8364308675130209,I_STOKES,K_CMB_to_uK,,,TMASK,COM_CMB_IQU-smica_2048_R3.00_full.fits,,Smoothing ladder bands,smoothing_beam_transfer_bandlimited,cptg_cmb_smoothing_ladder_v2_bands,SMICA | 2-64 | 20arcmin,True,False,0.0436685706434669,0.0008169161140506,,,2.0,64.0,2-64,53.45539143173456,20.0,20arcmin,,,,
SMICA,0.1946327154961868,0.1940798012442117,0.000552914251975,11.744901089174617,11.711536075570985,0.0333650136036336,0.9808761683302926,0.9809857198571672,0.8364308675130209,I_STOKES,K_CMB_to_uK,,,TMASK,COM_CMB_IQU-smica_2048_R3.00_full.fits,,Smoothing ladder bands,smoothing_beam_transfer_bandlimited,cptg_cmb_smoothing_ladder_v2_bands,SMICA | 2-95 | 20arcmin,True,False,0.0333650136036336,0.000552914251975,,,2.0,95.0,2-95,60.34392038991369,20.0,20arcmin,,,,
SMICA,0.241575705325229,0.2403754150975146,0.0012002902277143,10.340958536075442,10.289578570282355,0.0513799657930871,0.9703812511756956,0.9706792816321902,0.8364308675130209,I_STOKES,K_CMB_to_uK,,,TMASK,COM_CMB_IQU-smica_2048_R3.00_full.fits,,Smoothing ladder bands,smoothing_beam_transfer_bandlimited,cptg_cmb_smoothing_ladder_v2_bands,SMICA | 2-30 | 40arcmin,True,False,0.0513799657930871,0.0012002902277143,,,2.0,30.0,2-30,42.80628518564644,40.0,40arcmin,,,,
SMICA,0.2331993301057655,0.2321306962760767,0.0010686338296888,10.885608910856604,10.835725706073692,0.0498832047829118,0.972428526229908,0.9726841798128516,0.8364308675130209,I_STOKES,K_CMB_to_uK,,,TMASK,COM_CMB_IQU-smica_2048_R3.00_full.fits,,Smoothing ladder bands,smoothing_beam_transfer_bandlimited,cptg_cmb_smoothing_ladder_v2_bands,SMICA | 2-40 | 40arcmin,True,False,0.0498832047829118,0.0010686338296888,,,2.0,40.0,2-40,46.67941758631781,40.0,40arcmin,,,,
SMICA,0.2141347583532522,0.2133068157900403,0.0008279425632119,11.35508590530644,11.311181968354632,0.0439039369518052,0.9768040234616976,0.9769851579761948,0.8364308675130209,I_STOKES,K_CMB_to_uK,,,TMASK,COM_CMB_IQU-smica_2048_R3.00_full.fits,,Smoothing ladder bands,smoothing_beam_transfer_bandlimited,cptg_cmb_smoothing_ladder_v2_bands,SMICA | 2-64 | 40arcmin,True,False,0.0439039369518052,0.0008279425632119,,,2.0,64.0,2-64,53.02775687903159,40.0,40arcmin,,,,
SMICA,0.1971795575400005,0.1965990086457872,0.0005805488942133,11.684764029285777,11.650360986085069,0.034403043200708,0.9803673666531356,0.9804839527471532,0.8364308675130209,I_STOKES,K_CMB_to_uK,,,TMASK,COM_CMB_IQU-smica_2048_R3.00_full.fits,,Smoothing ladder bands,smoothing_beam_transfer_bandlimited,cptg_cmb_smoothing_ladder_v2_bands,SMICA | 2-95 | 40arcmin,True,False,0.034403043200708,0.0005805488942133,,,2.0,95.0,2-95,59.2595103420666,40.0,40arcmin,,,,
SMICA,0.2419771506832262,0.2407757429760165,0.0012014077072097,10.327148993579522,10.275875076354868,0.0512739172246554,0.9702812199271098,0.9705800548046378,0.8364308675130209,I_STOKES,K_CMB_to_uK,,,TMASK,COM_CMB_IQU-smica_2048_R3.00_full.fits,,Smoothing ladder bands,smoothing_beam_transfer_bandlimited,cptg_cmb_smoothing_ladder_v2_bands,SMICA | 2-30 | 60arcmin,True,False,0.0512739172246554,0.0012014077072097,,,2.0,30.0,2-30,42.6781990135046,60.0,60arcmin,,,,
SMICA,0.2338031559279762,0.232729451826909,0.0010737041010672,10.855445341509991,10.805593421693814,0.0498519198161773,0.972283519964484,0.972541088528451,0.8364308675130209,I_STOKES,K_CMB_to_uK,,,TMASK,COM_CMB_IQU-smica_2048_R3.00_full.fits,,Smoothing ladder bands,smoothing_beam_transfer_bandlimited,cptg_cmb_smoothing_ladder_v2_bands,SMICA | 2-40 | 60arcmin,True,False,0.0498519198161773,0.0010737041010672,,,2.0,40.0,2-40,46.42984949636028,60.0,60arcmin,,,,
SMICA,0.2158438248993638,0.2149980775808452,0.0008457473185185,11.29925952562768,11.254985298882948,0.0442742267447329,0.9764277924185816,0.9766143654633028,0.8364308675130209,I_STOKES,K_CMB_to_uK,,,TMASK,COM_CMB_IQU-smica_2048_R3.00_full.fits,,Smoothing ladder bands,smoothing_beam_transfer_bandlimited,cptg_cmb_smoothing_ladder_v2_bands,SMICA | 2-64 | 60arcmin,True,False,0.0442742267447329,0.0008457473185185,,,2.0,64.0,2-64,52.34923691190104,60.0,60arcmin,,,,
SMICA,0.2011048485246373,0.2004802427488547,0.0006246057757825,11.589957460287904,11.55396054413258,0.035996916155323,0.9795696966943724,0.9796977203988162,0.8364308675130209,I_STOKES,K_CMB_to_uK,,,TMASK,COM_CMB_IQU-smica_2048_R3.00_full.fits,,Smoothing ladder bands,smoothing_beam_transfer_bandlimited,cptg_cmb_smoothing_ladder_v2_bands,SMICA | 2-95 | 60arcmin,True,False,0.035996916155323,0.0006246057757825,,,2.0,95.0,2-95,57.63141736917407,60.0,60arcmin,,,,
SMICA,0.2440580144707631,0.2428511299741466,0.0012068844966164,10.254760746919157,10.204050214881084,0.0507105320380709,0.9697598831312624,0.9700628270269388,0.8364308675130209,I_STOKES,K_CMB_to_uK,,,TMASK,COM_CMB_IQU-smica_2048_R3.00_full.fits,,Smoothing ladder bands,smoothing_beam_transfer_bandlimited,cptg_cmb_smoothing_ladder_v2_bands,SMICA | 2-30 | 120arcmin,True,False,0.0507105320380709,0.0012068844966164,,,2.0,30.0,2-30,42.01771766912257,120.0,120arcmin,,,,
SMICA,0.2368655354394862,0.2357669171793859,0.0010986182601003,10.702766257384209,10.653125205037222,0.0496410523469847,0.9715419890455363,0.9718091825460058,0.8364308675130209,I_STOKES,K_CMB_to_uK,,,TMASK,COM_CMB_IQU-smica_2048_R3.00_full.fits,,Smoothing ladder bands,smoothing_beam_transfer_bandlimited,cptg_cmb_smoothing_ladder_v2_bands,SMICA | 2-40 | 120arcmin,True,False,0.0496410523469847,0.0010986182601003,,,2.0,40.0,2-40,45.18498749734117,120.0,120arcmin,,,,
SMICA,0.2237784191853488,0.2228483079444942,0.0009301112408545,11.02942612026556,10.98358348158762,0.0458426386779393,0.9746399209128416,0.974853009431538,0.8364308675130209,I_STOKES,K_CMB_to_uK,,,TMASK,COM_CMB_IQU-smica_2048_R3.00_full.fits,,Smoothing ladder bands,smoothing_beam_transfer_bandlimited,cptg_cmb_smoothing_ladder_v2_bands,SMICA | 2-64 | 120arcmin,True,False,0.0458426386779393,0.0009301112408545,,,2.0,64.0,2-64,49.2872644306698,120.0,120arcmin,,,,
SMICA,0.2167952418915539,0.2159796045935506,0.0008156372980032,11.17537190724106,11.133327395253277,0.0420445119877843,0.9762170667604116,0.9763978437111648,0.8364308675130209,I_STOKES,K_CMB_to_uK,,,TMASK,COM_CMB_IQU-smica_2048_R3.00_full.fits,,Smoothing ladder bands,smoothing_beam_transfer_bandlimited,cptg_cmb_smoothing_ladder_v2_bands,SMICA | 2-95 | 120arcmin,True,False,0.0420445119877843,0.0008156372980032,,,2.0,95.0,2-95,51.54804971610604,120.0,120arcmin,,,,
SMICA_noSZ,0.2383197909769598,0.2371503270380634,0.0011694639388963,10.282556031191726,10.23209828939502,0.0504577417967055,0.9711857847221832,0.9714720231192252,0.8364308675130209,I_STOKES,K_CMB_to_uK,,,TMASK,COM_CMB_IQU-smica_2048_R3.00_full.fits,,Smoothing ladder bands,smoothing_beam_transfer_bandlimited,cptg_cmb_smoothing_ladder_v2_bands,SMICA_noSZ | 2-30 | native,True,False,0.0504577417967055,0.0011694639388963,,,2.0,30.0,2-30,43.14604334386068,-1.0,native,,,,
SMICA_noSZ,0.2300205371232488,0.2289834081505291,0.0010371289727196,10.8443878638884,10.795492104467485,0.0488957594209154,0.9731852352500326,0.9734297909195504,0.8364308675130209,I_STOKES,K_CMB_to_uK,,,TMASK,COM_CMB_IQU-smica_2048_R3.00_full.fits,,Smoothing ladder bands,smoothing_beam_transfer_bandlimited,cptg_cmb_smoothing_ladder_v2_bands,SMICA_noSZ | 2-40 | native,True,False,0.0488957594209154,0.0010371289727196,,,2.0,40.0,2-40,47.14530276084782,-1.0,native,,,,
SMICA_noSZ,0.2101374280597369,0.2093457004393135,0.0007917276204233,11.320827825829737,11.278174728956298,0.0426530968734386,0.9776717310206208,0.977841567882504,0.8364308675130209,I_STOKES,K_CMB_to_uK,,,TMASK,COM_CMB_IQU-smica_2048_R3.00_full.fits,,Smoothing ladder bands,smoothing_beam_transfer_bandlimited,cptg_cmb_smoothing_ladder_v2_bands,SMICA_noSZ | 2-64 | native,True,False,0.0426530968734386,0.0007917276204233,,,2.0,64.0,2-64,53.87344810659575,-1.0,native,,,,
SMICA_noSZ,0.1913205289711196,0.190790622790303,0.0005299061808166,11.668497788159458,11.636179201481683,0.0323185866777748,0.9815275817878774,0.9816307234449204,0.8364308675130209,I_STOKES,K_CMB_to_uK,,,TMASK,COM_CMB_IQU-smica_2048_R3.00_full.fits,,Smoothing ladder bands,smoothing_beam_transfer_bandlimited,cptg_cmb_smoothing_ladder_v2_bands,SMICA_noSZ | 2-95 | native,True,False,0.0323185866777748,0.0005299061808166,,,2.0,95.0,2-95,60.98926158583249,-1.0,native,,,,
SMICA_noSZ,0.2383387454537689,0.2371692346548525,0.0011695107989163,10.281910926038044,10.231458340837914,0.0504525852001283,0.971181133154205,0.9714674071804432,0.8364308675130209,I_STOKES,K_CMB_to_uK,,,TMASK,COM_CMB_IQU-smica_2048_R3.00_full.fits,,Smoothing ladder bands,smoothing_beam_transfer_bandlimited,cptg_cmb_smoothing_ladder_v2_bands,SMICA_noSZ | 2-30 | 10arcmin,True,False,0.0504525852001283,0.0011695107989163,,,2.0,30.0,2-30,43.13990537485834,10.0,10arcmin,,,,
SMICA_noSZ,0.2300495959775755,0.2290122212790343,0.0010373746985412,10.84290413524611,10.794009659423129,0.0488944758229816,0.9731783663673882,0.9734230125355062,0.8364308675130209,I_STOKES,K_CMB_to_uK,,,TMASK,COM_CMB_IQU-smica_2048_R3.00_full.fits,,Smoothing ladder bands,smoothing_beam_transfer_bandlimited,cptg_cmb_smoothing_ladder_v2_bands,SMICA_noSZ | 2-40 | 10arcmin,True,False,0.0488944758229816,0.0010373746985412,,,2.0,40.0,2-40,47.13289796997966,10.0,10arcmin,,,,
SMICA_noSZ,0.2102253884981382,0.2094327627830614,0.0007926257150768,11.318024127144325,11.27535108450602,0.0426730426383024,0.9776528209209068,0.9778229246452258,0.8364308675130209,I_STOKES,K_CMB_to_uK,,,TMASK,COM_CMB_IQU-smica_2048_R3.00_full.fits,,Smoothing ladder bands,smoothing_beam_transfer_bandlimited,cptg_cmb_smoothing_ladder_v2_bands,SMICA_noSZ | 2-64 | 10arcmin,True,False,0.0426730426383024,0.0007926257150768,,,2.0,64.0,2-64,53.83757027636343,10.0,10arcmin,,,,
SMICA_noSZ,0.1915378049656784,0.1910056237588954,0.0005321812067829,11.663538890723837,11.631132148862417,0.0324067418614184,0.981485205186004,0.9815889112874888,0.8364308675130209,I_STOKES,K_CMB_to_uK,,,TMASK,COM_CMB_IQU-smica_2048_R3.00_full.fits,,Smoothing ladder bands,smoothing_beam_transfer_bandlimited,cptg_cmb_smoothing_ladder_v2_bands,SMICA_noSZ | 2-95 | 10arcmin,True,False,0.0324067418614184,0.0005321812067829,,,2.0,95.0,2-95,60.89418688291755,10.0,10arcmin,,,,
SMICA_noSZ,0.2384012889409847,0.2372316094177176,0.0011696795232671,10.2797999539738,10.22936368509766,0.0504362688761386,0.9711657813418172,0.9714521763966112,0.8364308675130209,I_STOKES,K_CMB_to_uK,,,TMASK,COM_CMB_IQU-smica_2048_R3.00_full.fits,,Smoothing ladder bands,smoothing_beam_transfer_bandlimited,cptg_cmb_smoothing_ladder_v2_bands,SMICA_noSZ | 2-30 | 20arcmin,True,False,0.0504362688761386,0.0011696795232671,,,2.0,30.0,2-30,43.119733117376406,20.0,20arcmin,,,,
SMICA_noSZ,0.230143760935966,0.2291056093071683,0.0010381516287977,10.838237100363685,10.78934707852134,0.0488900218423431,0.9731561010926878,0.973401036082781,0.8364308675130209,I_STOKES,K_CMB_to_uK,,,TMASK,COM_CMB_IQU-smica_2048_R3.00_full.fits,,Smoothing ladder bands,smoothing_beam_transfer_bandlimited,cptg_cmb_smoothing_ladder_v2_bands,SMICA_noSZ | 2-40 | 20arcmin,True,False,0.0488900218423431,0.0010381516287977,,,2.0,40.0,2-40,47.093334428384765,20.0,20arcmin,,,,
SMICA_noSZ,0.2104986904407714,0.2097033183007333,0.0007953721400381,11.309383387570286,11.266650729953044,0.0427326576172415,0.9775940122530256,0.977764936801534,0.8364308675130209,I_STOKES,K_CMB_to_uK,,,TMASK,COM_CMB_IQU-smica_2048_R3.00_full.fits,,Smoothing ladder bands,smoothing_beam_transfer_bandlimited,cptg_cmb_smoothing_ladder_v2_bands,SMICA_noSZ | 2-64 | 20arcmin,True,False,0.0427326576172415,0.0007953721400381,,,2.0,64.0,2-64,53.72662112001328,20.0,20arcmin,,,,
SMICA_noSZ,0.1921971787406182,0.1916581293304058,0.0005390494102123,11.648481022665615,11.615810892613334,0.0326701300522813,0.9813562976300456,0.981461716125772,0.8364308675130209,I_STOKES,K_CMB_to_uK,,,TMASK,COM_CMB_IQU-smica_2048_R3.00_full.fits,,Smoothing ladder bands,smoothing_beam_transfer_bandlimited,cptg_cmb_smoothing_ladder_v2_bands,SMICA_noSZ | 2-95 | 20arcmin,True,False,0.0326701300522813,0.0005390494102123,,,2.0,95.0,2-95,60.606930335777456,20.0,20arcmin,,,,
SMICA_noSZ,0.2386417868219855,0.2374714824863007,0.0011703043356847,10.271567405249934,10.22119542292142,0.0503719823285155,0.9711067099659254,0.9713935647912326,0.8364308675130209,I_STOKES,K_CMB_to_uK,,,TMASK,COM_CMB_IQU-smica_2048_R3.00_full.fits,,Smoothing ladder bands,smoothing_beam_transfer_bandlimited,cptg_cmb_smoothing_ladder_v2_bands,SMICA_noSZ | 2-30 | 40arcmin,True,False,0.0503719823285155,0.0011703043356847,,,2.0,30.0,2-30,43.04178049467923,40.0,40arcmin,,,,
SMICA_noSZ,0.2305064008096396,0.229465237594198,0.0010411632154415,10.819944301133136,10.771072217928948,0.0488720832041877,0.9730702657858576,0.973316319206626,0.8364308675130209,I_STOKES,K_CMB_to_uK,,,TMASK,COM_CMB_IQU-smica_2048_R3.00_full.fits,,Smoothing ladder bands,smoothing_beam_transfer_bandlimited,cptg_cmb_smoothing_ladder_v2_bands,SMICA_noSZ | 2-40 | 40arcmin,True,False,0.0488720832041877,0.0010411632154415,,,2.0,40.0,2-40,46.93988654166975,40.0,40arcmin,,,,
SMICA_noSZ,0.2115545032079089,0.2107483932546738,0.0008061099532351,11.27553721326944,11.23257276374053,0.0429644495289114,0.977366073452278,0.9775402119657604,0.8364308675130209,I_STOKES,K_CMB_to_uK,,,TMASK,COM_CMB_IQU-smica_2048_R3.00_full.fits,,Smoothing ladder bands,smoothing_beam_transfer_bandlimited,cptg_cmb_smoothing_ladder_v2_bands,SMICA_noSZ | 2-64 | 40arcmin,True,False,0.0429644495289114,0.0008061099532351,,,2.0,64.0,2-64,53.29849775019067,40.0,40arcmin,,,,
SMICA_noSZ,0.1947177058168761,0.1941518128477264,0.0005658929691497,11.590116566071575,11.556433109044129,0.0336834570274486,0.9808592933730292,0.9809714635403806,0.8364308675130209,I_STOKES,K_CMB_to_uK,,,TMASK,COM_CMB_IQU-smica_2048_R3.00_full.fits,,Smoothing ladder bands,smoothing_beam_transfer_bandlimited,cptg_cmb_smoothing_ladder_v2_bands,SMICA_noSZ | 2-95 | 40arcmin,True,False,0.0336834570274486,0.0005658929691497,,,2.0,95.0,2-95,59.52266393777048,40.0,40arcmin,,,,
SMICA_noSZ,0.2390374616067913,0.2378661434355151,0.0011713181712762,10.25797866481772,10.207713084143046,0.0502655806746723,0.971009385940429,0.9712969945745148,0.8364308675130209,I_STOKES,K_CMB_to_uK,,,TMASK,COM_CMB_IQU-smica_2048_R3.00_full.fits,,Smoothing ladder bands,smoothing_beam_transfer_bandlimited,cptg_cmb_smoothing_ladder_v2_bands,SMICA_noSZ | 2-30 | 60arcmin,True,False,0.0502655806746723,0.0011713181712762,,,2.0,30.0,2-30,42.91368639820879,60.0,60arcmin,,,,
SMICA_noSZ,0.2310992960027708,0.2300532366900482,0.0010460593127226,10.789993294907234,10.741152934224276,0.0488403606829574,0.9729296222153424,0.9731775029820924,0.8364308675130209,I_STOKES,K_CMB_to_uK,,,TMASK,COM_CMB_IQU-smica_2048_R3.00_full.fits,,Smoothing ladder bands,smoothing_beam_transfer_bandlimited,cptg_cmb_smoothing_ladder_v2_bands,SMICA_noSZ | 2-40 | 60arcmin,True,False,0.0488403606829574,0.0010460593127226,,,2.0,40.0,2-40,46.68985791621737,60.0,60arcmin,,,,
SMICA_noSZ,0.2132439809819092,0.212420535314583,0.0008234456673262,11.22074041402793,11.177411312612834,0.0433291014150949,0.9769988481039013,0.9771782144350736,0.8364308675130209,I_STOKES,K_CMB_to_uK,,,TMASK,COM_CMB_IQU-smica_2048_R3.00_full.fits,,Smoothing ladder bands,smoothing_beam_transfer_bandlimited,cptg_cmb_smoothing_ladder_v2_bands,SMICA_noSZ | 2-64 | 60arcmin,True,False,0.0433291014150949,0.0008234456673262,,,2.0,64.0,2-64,52.61925969661883,60.0,60arcmin,,,,
SMICA_noSZ,0.1986024920391943,0.1979937991609509,0.0006086928782433,11.498063641698412,11.462823452210204,0.0352401894882064,0.9800800924591446,0.9802032408410865,0.8364308675130209,I_STOKES,K_CMB_to_uK,,,TMASK,COM_CMB_IQU-smica_2048_R3.00_full.fits,,Smoothing ladder bands,smoothing_beam_transfer_bandlimited,cptg_cmb_smoothing_ladder_v2_bands,SMICA_noSZ | 2-95 | 60arcmin,True,False,0.0352401894882064,0.0006086928782433,,,2.0,95.0,2-95,57.89486085315214,60.0,60arcmin,,,,
SMICA_noSZ,0.2410880388508441,0.2399117739347536,0.0011762649160904,10.186743199901288,10.137042233016404,0.0497009668848811,0.9705022604612824,0.970793716220968,0.8364308675130209,I_STOKES,K_CMB_to_uK,,,TMASK,COM_CMB_IQU-smica_2048_R3.00_full.fits,,Smoothing ladder bands,smoothing_beam_transfer_bandlimited,cptg_cmb_smoothing_ladder_v2_bands,SMICA_noSZ | 2-30 | 120arcmin,True,False,0.0497009668848811,0.0011762649160904,,,2.0,30.0,2-30,42.25320861398521,120.0,120arcmin,,,,
SMICA_noSZ,0.2341045454837277,0.2330344599807975,0.0010700855029302,10.638392994189614,10.58976518948794,0.0486278047016739,0.97221085529385,0.9724679100080486,0.8364308675130209,I_STOKES,K_CMB_to_uK,,,TMASK,COM_CMB_IQU-smica_2048_R3.00_full.fits,,Smoothing ladder bands,smoothing_beam_transfer_bandlimited,cptg_cmb_smoothing_ladder_v2_bands,SMICA_noSZ | 2-40 | 120arcmin,True,False,0.0486278047016739,0.0010700855029302,,,2.0,40.0,2-40,45.442915139505786,120.0,120arcmin,,,,
SMICA_noSZ,0.2210821970012172,0.2201766642755183,0.0009055327256988,10.955594021062325,10.910720896721658,0.0448731243406648,0.9752550275163904,0.9754598635692509,0.8364308675130209,I_STOKES,K_CMB_to_uK,,,TMASK,COM_CMB_IQU-smica_2048_R3.00_full.fits,,Smoothing ladder bands,smoothing_beam_transfer_bandlimited,cptg_cmb_smoothing_ladder_v2_bands,SMICA_noSZ | 2-64 | 120arcmin,True,False,0.0448731243406648,0.0009055327256988,,,2.0,64.0,2-64,49.55439275375937,120.0,120arcmin,,,,
SMICA_noSZ,0.2141294084362666,0.2133350933850307,0.0007943150512359,11.09464160603546,11.053485928820926,0.0411556772145349,0.976805261528812,0.9769790483996508,0.8364308675130209,I_STOKES,K_CMB_to_uK,,,TMASK,COM_CMB_IQU-smica_2048_R3.00_full.fits,,Smoothing ladder bands,smoothing_beam_transfer_bandlimited,cptg_cmb_smoothing_ladder_v2_bands,SMICA_noSZ | 2-95 | 120arcmin,True,False,0.0411556772145349,0.0007943150512359,,,2.0,95.0,2-95,51.81278782329267,120.0,120arcmin,,,,
NILC,0.245835995948071,0.2445989237275017,0.0012370722205693,10.530298999818864,10.477309443441134,0.052989556377728,0.969311389271251,0.9696242951406424,0.7820383707682291,I_STOKES,K_CMB_to_uK,,,TMASK,COM_CMB_IQU-nilc_2048_R3.00_full.fits,,Smoothing ladder bands,smoothing_beam_transfer_bandlimited,cptg_cmb_smoothing_ladder_v2_bands,NILC | 2-30 | native,True,False,0.052989556377728,0.0012370722205693,,,2.0,30.0,2-30,42.834650634495446,-1.0,native,,,,
NILC,0.2372815120242765,0.2361810154500347,0.0011004965742417,11.086902686372484,11.035482336252429,0.0514203501200576,0.9714408468455348,0.9717089915904216,0.7820383707682291,I_STOKES,K_CMB_to_uK,,,TMASK,COM_CMB_IQU-nilc_2048_R3.00_full.fits,,Smoothing ladder bands,smoothing_beam_transfer_bandlimited,cptg_cmb_smoothing_ladder_v2_bands,NILC | 2-40 | native,True,False,0.0514203501200576,0.0011004965742417,,,2.0,40.0,2-40,46.7246798614389,-1.0,native,,,,
NILC,0.2166253369253801,0.2157816593787903,0.0008436775465897,11.58286807811124,11.537756985100083,0.0451110930111546,0.9762547625970948,0.9764415877867592,0.7820383707682291,I_STOKES,K_CMB_to_uK,,,TMASK,COM_CMB_IQU-nilc_2048_R3.00_full.fits,,Smoothing ladder bands,smoothing_beam_transfer_bandlimited,cptg_cmb_smoothing_ladder_v2_bands,NILC | 2-64 | native,True,False,0.0451110930111546,0.0008436775465897,,,2.0,64.0,2-64,53.46959059595663,-1.0,native,,,,
NILC,0.1973498900754559,0.196784128141278,0.0005657619341778,11.961426561946425,11.927135588565967,0.0342909733804557,0.9803331108495632,0.9804468340123969,0.7820383707682291,I_STOKES,K_CMB_to_uK,,,TMASK,COM_CMB_IQU-nilc_2048_R3.00_full.fits,,Smoothing ladder bands,smoothing_beam_transfer_bandlimited,cptg_cmb_smoothing_ladder_v2_bands,NILC | 2-95 | native,True,False,0.0342909733804557,0.0005657619341778,,,2.0,95.0,2-95,60.61025196098676,-1.0,native,,,,
NILC,0.2458565125456062,0.2446193736892504,0.0012371388563558,10.529634082080092,10.47664943940672,0.0529846426733708,0.969306185608758,0.9696191361445898,0.7820383707682291,I_STOKES,K_CMB_to_uK,,,TMASK,COM_CMB_IQU-nilc_2048_R3.00_full.fits,,Smoothing ladder bands,smoothing_beam_transfer_bandlimited,cptg_cmb_smoothing_ladder_v2_bands,NILC | 2-30 | 10arcmin,True,False,0.0529846426733708,0.0012371388563558,,,2.0,30.0,2-30,42.828371610155536,10.0,10arcmin,,,,
NILC,0.2373135810893538,0.2362128144665906,0.0011007666227632,11.085437097340172,11.034017877675288,0.0514192196648846,0.9714330130835028,0.9717012619575198,0.7820383707682291,I_STOKES,K_CMB_to_uK,,,TMASK,COM_CMB_IQU-nilc_2048_R3.00_full.fits,,Smoothing ladder bands,smoothing_beam_transfer_bandlimited,cptg_cmb_smoothing_ladder_v2_bands,NILC | 2-40 | 10arcmin,True,False,0.0514192196648846,0.0011007666227632,,,2.0,40.0,2-40,46.71219003334772,10.0,10arcmin,,,,
NILC,0.2167199743430345,0.2158753548718531,0.0008446194711813,11.580070199515164,11.534939367445777,0.0451308320693897,0.976233758140136,0.9764208773708054,0.7820383707682291,I_STOKES,K_CMB_to_uK,,,TMASK,COM_CMB_IQU-nilc_2048_R3.00_full.fits,,Smoothing ladder bands,smoothing_beam_transfer_bandlimited,cptg_cmb_smoothing_ladder_v2_bands,NILC | 2-64 | 10arcmin,True,False,0.0451308320693897,0.0008446194711813,,,2.0,64.0,2-64,53.43333135129338,10.0,10arcmin,,,,
NILC,0.1975759299736575,0.1970077371073991,0.0005681928662584,11.956191480204314,11.92180762227396,0.0343838579303543,0.98028757986337,0.9804019272379444,0.7820383707682291,I_STOKES,K_CMB_to_uK,,,TMASK,COM_CMB_IQU-nilc_2048_R3.00_full.fits,,Smoothing ladder bands,smoothing_beam_transfer_bandlimited,cptg_cmb_smoothing_ladder_v2_bands,NILC | 2-95 | 10arcmin,True,False,0.0343838579303543,0.0005681928662584,,,2.0,95.0,2-95,60.514413277965645,10.0,10arcmin,,,,
NILC,0.2459229949179602,0.2446856341550255,0.0012373607629347,10.527502434860596,10.474533340006568,0.0529690948540277,0.9692893203993892,0.9696024172054876,0.7820383707682291,I_STOKES,K_CMB_to_uK,,,TMASK,COM_CMB_IQU-nilc_2048_R3.00_full.fits,,Smoothing ladder bands,smoothing_beam_transfer_bandlimited,cptg_cmb_smoothing_ladder_v2_bands,NILC | 2-30 | 20arcmin,True,False,0.0529690948540277,0.0012373607629347,,,2.0,30.0,2-30,42.808125520643415,20.0,20arcmin,,,,
NILC,0.237415409317948,0.2363138016028964,0.0011016077150516,11.08088006308681,11.029464769521296,0.0514152935655118,0.9714081313044924,0.9716767069625754,0.7820383707682291,I_STOKES,K_CMB_to_uK,,,TMASK,COM_CMB_IQU-nilc_2048_R3.00_full.fits,,Smoothing ladder bands,smoothing_beam_transfer_bandlimited,cptg_cmb_smoothing_ladder_v2_bands,NILC | 2-40 | 20arcmin,True,False,0.0514152935655118,0.0011016077150516,,,2.0,40.0,2-40,46.67296067647923,20.0,20arcmin,,,,
NILC,0.2170111513720144,0.2161636675132767,0.0008474838587376,11.571517837440712,11.526328110892903,0.0451897265478073,0.9761690720493847,0.9763570897450023,0.7820383707682291,I_STOKES,K_CMB_to_uK,,,TMASK,COM_CMB_IQU-nilc_2048_R3.00_full.fits,,Smoothing ladder bands,smoothing_beam_transfer_bandlimited,cptg_cmb_smoothing_ladder_v2_bands,NILC | 2-64 | 20arcmin,True,False,0.0451897265478073,0.0008474838587376,,,2.0,64.0,2-64,53.3222268269711,20.0,20arcmin,,,,
NILC,0.1982601495844525,0.1976846250896068,0.0005755244948457,11.94035552821624,11.905694164860778,0.0346613633554628,0.9801494275574928,0.9802656662005468,0.7820383707682291,I_STOKES,K_CMB_to_uK,,,TMASK,COM_CMB_IQU-nilc_2048_R3.00_full.fits,,Smoothing ladder bands,smoothing_beam_transfer_bandlimited,cptg_cmb_smoothing_ladder_v2_bands,NILC | 2-95 | 20arcmin,True,False,0.0346613633554628,0.0005755244948457,,,2.0,95.0,2-95,60.22569615347751,20.0,20arcmin,,,,
NILC,0.2461801970340488,0.2449419906774892,0.0012382063565596,10.519156688592853,10.466248750284311,0.0529079383085413,0.9692240277533803,0.9695376875287092,0.7820383707682291,I_STOKES,K_CMB_to_uK,,,TMASK,COM_CMB_IQU-nilc_2048_R3.00_full.fits,,Smoothing ladder bands,smoothing_beam_transfer_bandlimited,cptg_cmb_smoothing_ladder_v2_bands,NILC | 2-30 | 40arcmin,True,False,0.0529079383085413,0.0012382063565596,,,2.0,30.0,2-30,42.729499835187646,40.0,40arcmin,,,,
NILC,0.2378106886102308,0.2367057989817744,0.0011048896284564,11.06298157709701,11.011581979897352,0.0513995971996585,0.9713114372125332,0.9715812873692043,0.7820383707682291,I_STOKES,K_CMB_to_uK,,,TMASK,COM_CMB_IQU-nilc_2048_R3.00_full.fits,,Smoothing ladder bands,smoothing_beam_transfer_bandlimited,cptg_cmb_smoothing_ladder_v2_bands,NILC | 2-40 | 40arcmin,True,False,0.0513995971996585,0.0011048896284564,,,2.0,40.0,2-40,46.52011918282242,40.0,40arcmin,,,,
NILC,0.2181403722457211,0.2172816600762321,0.0008587121694889,11.537951776839549,11.492532492459723,0.0454192843798235,0.9759173487328135,0.9761088948432182,0.7820383707682291,I_STOKES,K_CMB_to_uK,,,TMASK,COM_CMB_IQU-nilc_2048_R3.00_full.fits,,Smoothing ladder bands,smoothing_beam_transfer_bandlimited,cptg_cmb_smoothing_ladder_v2_bands,NILC | 2-64 | 40arcmin,True,False,0.0454192843798235,0.0008587121694889,,,2.0,64.0,2-64,52.89232643209568,40.0,40arcmin,,,,
NILC,0.2008811348176165,0.2002769345146269,0.0006042003029895,11.878928836145326,11.843199983814284,0.0357288523310401,0.9796156167953995,0.9797393207249476,0.7820383707682291,I_STOKES,K_CMB_to_uK,,,TMASK,COM_CMB_IQU-nilc_2048_R3.00_full.fits,,Smoothing ladder bands,smoothing_beam_transfer_bandlimited,cptg_cmb_smoothing_ladder_v2_bands,NILC | 2-95 | 40arcmin,True,False,0.0357288523310401,0.0006042003029895,,,2.0,95.0,2-95,59.13411852701058,40.0,40arcmin,,,,
NILC,0.2466031419860864,0.2453635594853893,0.0012395825006971,10.505385498275649,10.45257882305707,0.0528066752185765,0.9691165020298932,0.9694310851122776,0.7820383707682291,I_STOKES,K_CMB_to_uK,,,TMASK,COM_CMB_IQU-nilc_2048_R3.00_full.fits,,Smoothing ladder bands,smoothing_beam_transfer_bandlimited,cptg_cmb_smoothing_ladder_v2_bands,NILC | 2-30 | 60arcmin,True,False,0.0528066752185765,0.0012395825006971,,,2.0,30.0,2-30,42.60037164842112,60.0,60arcmin,,,,
NILC,0.2384578571294265,0.2373476233739599,0.0011102337554666,11.033672189635856,10.98230061623017,0.0513715734056869,0.9711527571709307,0.9714246932571668,0.7820383707682291,I_STOKES,K_CMB_to_uK,,,TMASK,COM_CMB_IQU-nilc_2048_R3.00_full.fits,,Smoothing ladder bands,smoothing_beam_transfer_bandlimited,cptg_cmb_smoothing_ladder_v2_bands,NILC | 2-40 | 60arcmin,True,False,0.0513715734056869,0.0011102337554666,,,2.0,40.0,2-40,46.27095253836474,60.0,60arcmin,,,,
NILC,0.2199480308932283,0.2190711706088799,0.0008768602843483,11.483568883861114,11.437787680747162,0.0457812031139521,0.9755115329035984,0.9757088245106808,0.7820383707682291,I_STOKES,K_CMB_to_uK,,,TMASK,COM_CMB_IQU-nilc_2048_R3.00_full.fits,,Smoothing ladder bands,smoothing_beam_transfer_bandlimited,cptg_cmb_smoothing_ladder_v2_bands,NILC | 2-64 | 60arcmin,True,False,0.0457812031139521,0.0008768602843483,,,2.0,64.0,2-64,52.210373683389335,60.0,60arcmin,,,,
NILC,0.2049270542154882,0.2042771433609755,0.0006499108545126,11.782210577360374,11.744844176063603,0.0373664012967687,0.9787772415016194,0.9789130884913632,0.7820383707682291,I_STOKES,K_CMB_to_uK,,,TMASK,COM_CMB_IQU-nilc_2048_R3.00_full.fits,,Smoothing ladder bands,smoothing_beam_transfer_bandlimited,cptg_cmb_smoothing_ladder_v2_bands,NILC | 2-95 | 60arcmin,True,False,0.0373664012967687,0.0006499108545126,,,2.0,95.0,2-95,57.49465643990056,60.0,60arcmin,,,,
NILC,0.2487907943158629,0.2475444283176094,0.0012463659982534,10.433198947385517,10.38093180278801,0.0522671445975042,0.968557193780008,0.9688764905797066,0.7820383707682291,I_STOKES,K_CMB_to_uK,,,TMASK,COM_CMB_IQU-nilc_2048_R3.00_full.fits,,Smoothing ladder bands,smoothing_beam_transfer_bandlimited,cptg_cmb_smoothing_ladder_v2_bands,NILC | 2-30 | 120arcmin,True,False,0.0522671445975042,0.0012463659982534,,,2.0,30.0,2-30,41.9356310030491,120.0,120arcmin,,,,
NILC,0.2417459008215423,0.2406092693511497,0.0011366314703926,10.88488027378054,10.833702167229031,0.0511781065515073,0.9703394890466782,0.9706219582840312,0.7820383707682291,I_STOKES,K_CMB_to_uK,,,TMASK,COM_CMB_IQU-nilc_2048_R3.00_full.fits,,Smoothing ladder bands,smoothing_beam_transfer_bandlimited,cptg_cmb_smoothing_ladder_v2_bands,NILC | 2-40 | 120arcmin,True,False,0.0511781065515073,0.0011366314703926,,,2.0,40.0,2-40,45.02612138112652,120.0,120arcmin,,,,
NILC,0.2283476653001679,0.2273844375135124,0.0009632277866555,11.219444666555166,11.172118231929858,0.0473264346253081,0.9735795755467862,0.9738049933336816,0.7820383707682291,I_STOKES,K_CMB_to_uK,,,TMASK,COM_CMB_IQU-nilc_2048_R3.00_full.fits,,Smoothing ladder bands,smoothing_beam_transfer_bandlimited,cptg_cmb_smoothing_ladder_v2_bands,NILC | 2-64 | 120arcmin,True,False,0.0473264346253081,0.0009632277866555,,,2.0,64.0,2-64,49.13317003616815,120.0,120arcmin,,,,
NILC,0.2211985407225309,0.2203505069003373,0.0008480338221936,11.3615824841336,11.318024302471478,0.0435581816621226,0.975228782179237,0.9754207432341986,0.7820383707682291,I_STOKES,K_CMB_to_uK,,,TMASK,COM_CMB_IQU-nilc_2048_R3.00_full.fits,,Smoothing ladder bands,smoothing_beam_transfer_bandlimited,cptg_cmb_smoothing_ladder_v2_bands,NILC | 2-95 | 120arcmin,True,False,0.0435581816621226,0.0008480338221936,,,2.0,95.0,2-95,51.36373163684405,120.0,120arcmin,,,,
SEVEM,0.2482859767100306,0.2470774190604084,0.0012085576496222,10.607796006156416,10.55616146288197,0.0516345432744458,0.9686865426467154,0.9689955095630112,0.8378740946451823,I_STOKES,K_CMB_to_uK,,,TMASK,COM_CMB_IQU-sevem_2048_R3.00_full.fits,,Smoothing ladder bands,smoothing_beam_transfer_bandlimited,cptg_cmb_smoothing_ladder_v2_bands,SEVEM | 2-30 | native,True,False,0.0516345432744458,0.0012085576496222,,,2.0,30.0,2-30,42.72410446501011,-1.0,native,,,,
SEVEM,0.2386911227696231,0.2376121144944506,0.0010790082751724,11.13155319806422,11.081232776102713,0.0503204219615103,0.9710953742003317,0.9713599558523498,0.8378740946451823,I_STOKES,K_CMB_to_uK,,,TMASK,COM_CMB_IQU-sevem_2048_R3.00_full.fits,,Smoothing ladder bands,smoothing_beam_transfer_bandlimited,cptg_cmb_smoothing_ladder_v2_bands,SEVEM | 2-40 | native,True,False,0.0503204219615103,0.0010790082751724,,,2.0,40.0,2-40,46.63580726798975,-1.0,native,,,,
SEVEM,0.2181679794508245,0.2173352327912033,0.0008327466596212,11.607776408274605,11.563469553281704,0.0443068549929002,0.975911222984754,0.976097013173849,0.8378740946451823,I_STOKES,K_CMB_to_uK,,,TMASK,COM_CMB_IQU-sevem_2048_R3.00_full.fits,,Smoothing ladder bands,smoothing_beam_transfer_bandlimited,cptg_cmb_smoothing_ladder_v2_bands,SEVEM | 2-64 | native,True,False,0.0443068549929002,0.0008327466596212,,,2.0,64.0,2-64,53.20568324230649,-1.0,native,,,,
SEVEM,0.1987860966133162,0.1982347264548325,0.0005513701584837,12.001059492405286,11.9677723250076,0.0332871673976864,0.9800428864251944,0.9801545617018677,0.8378740946451823,I_STOKES,K_CMB_to_uK,,,TMASK,COM_CMB_IQU-sevem_2048_R3.00_full.fits,,Smoothing ladder bands,smoothing_beam_transfer_bandlimited,cptg_cmb_smoothing_ladder_v2_bands,SEVEM | 2-95 | native,True,False,0.0332871673976864,0.0005513701584837,,,2.0,95.0,2-95,60.37172466719365,-1.0,native,,,,
SEVEM,0.2483069236435465,0.2470983054771756,0.0012086181663709,10.607173597698187,10.555543854492027,0.0516297432061598,0.9686811734666996,0.96899018365266,0.8378740946451823,I_STOKES,K_CMB_to_uK,,,TMASK,COM_CMB_IQU-sevem_2048_R3.00_full.fits,,Smoothing ladder bands,smoothing_beam_transfer_bandlimited,cptg_cmb_smoothing_ladder_v2_bands,SEVEM | 2-30 | 10arcmin,True,False,0.0516297432061598,0.0012086181663709,,,2.0,30.0,2-30,42.71799369124787,10.0,10arcmin,,,,
SEVEM,0.2387240598215493,0.2376447897423375,0.0010792700792117,11.130143941508214,11.079824625799654,0.0503193157085597,0.9710872777724756,0.9713519622692902,0.8378740946451823,I_STOKES,K_CMB_to_uK,,,TMASK,COM_CMB_IQU-sevem_2048_R3.00_full.fits,,Smoothing ladder bands,smoothing_beam_transfer_bandlimited,cptg_cmb_smoothing_ladder_v2_bands,SEVEM | 2-40 | 10arcmin,True,False,0.0503193157085597,0.0010792700792117,,,2.0,40.0,2-40,46.6234695816928,10.0,10arcmin,,,,
SEVEM,0.2182627900995442,0.2174291246563215,0.0008336654432227,11.605055742265147,11.56072966206344,0.0443260802017064,0.9758900229745138,0.9760761027542766,0.8378740946451823,I_STOKES,K_CMB_to_uK,,,TMASK,COM_CMB_IQU-sevem_2048_R3.00_full.fits,,Smoothing ladder bands,smoothing_beam_transfer_bandlimited,cptg_cmb_smoothing_ladder_v2_bands,SEVEM | 2-64 | 10arcmin,True,False,0.0443260802017064,0.0008336654432227,,,2.0,64.0,2-64,53.17010626031293,10.0,10arcmin,,,,
SEVEM,0.1990113831171718,0.1984575725226517,0.00055381059452,11.995776893384422,11.962394941915123,0.0333819514692983,0.9799971636587896,0.9801094650379172,0.8378740946451823,I_STOKES,K_CMB_to_uK,,,TMASK,COM_CMB_IQU-sevem_2048_R3.00_full.fits,,Smoothing ladder bands,smoothing_beam_transfer_bandlimited,cptg_cmb_smoothing_ladder_v2_bands,SEVEM | 2-95 | 10arcmin,True,False,0.0333819514692983,0.00055381059452,,,2.0,95.0,2-95,60.27683796520159,10.0,10arcmin,,,,
SEVEM,0.248375799040463,0.2471669758336517,0.0012088232068113,10.605080027861153,10.553466034479769,0.0516139933813839,0.9686635154045586,0.96897266943584,0.8378740946451823,I_STOKES,K_CMB_to_uK,,,TMASK,COM_CMB_IQU-sevem_2048_R3.00_full.fits,,Smoothing ladder bands,smoothing_beam_transfer_bandlimited,cptg_cmb_smoothing_ladder_v2_bands,SEVEM | 2-30 | 20arcmin,True,False,0.0516139933813839,0.0012088232068113,,,2.0,30.0,2-30,42.69771881492154,20.0,20arcmin,,,,
SEVEM,0.2388300526707255,0.2377499607192554,0.0010800919514701,11.125644986168142,11.07533004686257,0.0503149393055721,0.9710612148811908,0.971326225424374,0.8378740946451823,I_STOKES,K_CMB_to_uK,,,TMASK,COM_CMB_IQU-sevem_2048_R3.00_full.fits,,Smoothing ladder bands,smoothing_beam_transfer_bandlimited,cptg_cmb_smoothing_ladder_v2_bands,SEVEM | 2-40 | 20arcmin,True,False,0.0503149393055721,0.0010800919514701,,,2.0,40.0,2-40,46.58394059606495,20.0,20arcmin,,,,
SEVEM,0.2185563272803538,0.2177198536198219,0.0008364736605318,11.596603177147072,11.552219867681586,0.0443833094654859,0.9758243255405068,0.9760112950085366,0.8378740946451823,I_STOKES,K_CMB_to_uK,,,TMASK,COM_CMB_IQU-sevem_2048_R3.00_full.fits,,Smoothing ladder bands,smoothing_beam_transfer_bandlimited,cptg_cmb_smoothing_ladder_v2_bands,SEVEM | 2-64 | 20arcmin,True,False,0.0443833094654859,0.0008364736605318,,,2.0,64.0,2-64,53.06002036844027,20.0,20arcmin,,,,
SEVEM,0.1996941784111046,0.199133008770999,0.0005611696401056,11.979694610468554,11.946029928970969,0.0336646814975853,0.9798582581604072,0.9799724567339296,0.8378740946451823,I_STOKES,K_CMB_to_uK,,,TMASK,COM_CMB_IQU-sevem_2048_R3.00_full.fits,,Smoothing ladder bands,smoothing_beam_transfer_bandlimited,cptg_cmb_smoothing_ladder_v2_bands,SEVEM | 2-95 | 20arcmin,True,False,0.0336646814975853,0.0005611696401056,,,2.0,95.0,2-95,59.99020455071205,20.0,20arcmin,,,,
SEVEM,0.2486413033309588,0.2474317059925542,0.0012095973384046,10.59698035674338,10.54542786299868,0.0515524937446993,0.9685953977967684,0.9689051025083456,0.8378740946451823,I_STOKES,K_CMB_to_uK,,,TMASK,COM_CMB_IQU-sevem_2048_R3.00_full.fits,,Smoothing ladder bands,smoothing_beam_transfer_bandlimited,cptg_cmb_smoothing_ladder_v2_bands,SEVEM | 2-30 | 40arcmin,True,False,0.0515524937446993,0.0012095973384046,,,2.0,30.0,2-30,42.61954958721424,40.0,40arcmin,,,,
SEVEM,0.2392399012942661,0.2381566190231482,0.0010832822711179,11.108123467535336,11.057825698840936,0.050297768694401,0.970960320806774,0.9712265969921354,0.8378740946451823,I_STOKES,K_CMB_to_uK,,,TMASK,COM_CMB_IQU-sevem_2048_R3.00_full.fits,,Smoothing ladder bands,smoothing_beam_transfer_bandlimited,cptg_cmb_smoothing_ladder_v2_bands,SEVEM | 2-40 | 40arcmin,True,False,0.050297768694401,0.0010832822711179,,,2.0,40.0,2-40,46.43089805438556,40.0,40arcmin,,,,
SEVEM,0.219693251533989,0.2188458059335732,0.0008474456004157,11.56364932781994,11.519043662060126,0.0446056657598141,0.9755689920577394,0.9757594459650653,0.8378740946451823,I_STOKES,K_CMB_to_uK,,,TMASK,COM_CMB_IQU-sevem_2048_R3.00_full.fits,,Smoothing ladder bands,smoothing_beam_transfer_bandlimited,cptg_cmb_smoothing_ladder_v2_bands,SEVEM | 2-64 | 40arcmin,True,False,0.0446056657598141,0.0008474456004157,,,2.0,64.0,2-64,52.6354325728158,40.0,40arcmin,,,,
SEVEM,0.2023053250638877,0.2017154572282591,0.0005898678356286,11.917621037250328,11.882872464394596,0.0347485728557313,0.9793224827761042,0.9794441506849126,0.8378740946451823,I_STOKES,K_CMB_to_uK,,,TMASK,COM_CMB_IQU-sevem_2048_R3.00_full.fits,,Smoothing ladder bands,smoothing_beam_transfer_bandlimited,cptg_cmb_smoothing_ladder_v2_bands,SEVEM | 2-95 | 40arcmin,True,False,0.0347485728557313,0.0005898678356286,,,2.0,95.0,2-95,58.9090822670474,40.0,40arcmin,,,,
SEVEM,0.2490776385371512,0.2478667870637552,0.001210851473396,10.583630878523506,10.5321802339839,0.0514506445396065,0.968483283352338,0.9687938895776272,0.8378740946451823,I_STOKES,K_CMB_to_uK,,,TMASK,COM_CMB_IQU-sevem_2048_R3.00_full.fits,,Smoothing ladder bands,smoothing_beam_transfer_bandlimited,cptg_cmb_smoothing_ladder_v2_bands,SEVEM | 2-30 | 60arcmin,True,False,0.0514506445396065,0.001210851473396,,,2.0,30.0,2-30,42.49129283817624,60.0,60arcmin,,,,
SEVEM,0.2399104518670928,0.2388219928096374,0.0010884590574553,11.079499030214604,11.029232020262969,0.0502670099516375,0.970794852862962,0.971063195671066,0.8378740946451823,I_STOKES,K_CMB_to_uK,,,TMASK,COM_CMB_IQU-sevem_2048_R3.00_full.fits,,Smoothing ladder bands,smoothing_beam_transfer_bandlimited,cptg_cmb_smoothing_ladder_v2_bands,SEVEM | 2-40 | 60arcmin,True,False,0.0502670099516375,0.0010884590574553,,,2.0,40.0,2-40,46.18181052133776,60.0,60arcmin,,,,
SEVEM,0.2215159215461071,0.2206507735419489,0.0008651480041581,11.510393430574185,11.46543867592706,0.0449547546471222,0.9751567465988076,0.9753528695790914,0.8378740946451823,I_STOKES,K_CMB_to_uK,,,TMASK,COM_CMB_IQU-sevem_2048_R3.00_full.fits,,Smoothing ladder bands,smoothing_beam_transfer_bandlimited,cptg_cmb_smoothing_ladder_v2_bands,SEVEM | 2-64 | 60arcmin,True,False,0.0449547546471222,0.0008651480041581,,,2.0,64.0,2-64,51.96192377611272,60.0,60arcmin,,,,
SEVEM,0.2063367043169569,0.2057012510106351,0.0006354533063218,11.820304515462196,11.78390162916552,0.0364028862966758,0.9784810334736852,0.978614818988049,0.8378740946451823,I_STOKES,K_CMB_to_uK,,,TMASK,COM_CMB_IQU-sevem_2048_R3.00_full.fits,,Smoothing ladder bands,smoothing_beam_transfer_bandlimited,cptg_cmb_smoothing_ladder_v2_bands,SEVEM | 2-95 | 60arcmin,True,False,0.0364028862966758,0.0006354533063218,,,2.0,95.0,2-95,57.286484993502896,60.0,60arcmin,,,,
SEVEM,0.2513400604298367,0.2501230793594312,0.0012169810704055,10.5135914080854,10.462684912305392,0.0509064957800067,0.96789860100454,0.96821380775985,0.8378740946451823,I_STOKES,K_CMB_to_uK,,,TMASK,COM_CMB_IQU-sevem_2048_R3.00_full.fits,,Smoothing ladder bands,smoothing_beam_transfer_bandlimited,cptg_cmb_smoothing_ladder_v2_bands,SEVEM | 2-30 | 120arcmin,True,False,0.0509064957800067,0.0012169810704055,,,2.0,30.0,2-30,41.83014593895325,120.0,120arcmin,,,,
SEVEM,0.2433266501745243,0.2422127715935474,0.0011138785809769,10.934634449488618,10.884578875652537,0.050055573836083,0.96994421986794,0.970222976861286,0.8378740946451823,I_STOKES,K_CMB_to_uK,,,TMASK,COM_CMB_IQU-sevem_2048_R3.00_full.fits,,Smoothing ladder bands,smoothing_beam_transfer_bandlimited,cptg_cmb_smoothing_ladder_v2_bands,SEVEM | 2-40 | 120arcmin,True,False,0.050055573836083,0.0011138785809769,,,2.0,40.0,2-40,44.93808812822528,120.0,120arcmin,,,,
SEVEM,0.230045081992412,0.2290959546374611,0.0009491273549509,11.252741657558897,11.20631473622294,0.0464269213359553,0.9731799671521084,0.973403838024522,0.8378740946451823,I_STOKES,K_CMB_to_uK,,,TMASK,COM_CMB_IQU-sevem_2048_R3.00_full.fits,,Smoothing ladder bands,smoothing_beam_transfer_bandlimited,cptg_cmb_smoothing_ladder_v2_bands,SEVEM | 2-64 | 120arcmin,True,False,0.0464269213359553,0.0009491273549509,,,2.0,64.0,2-64,48.91537589110495,120.0,120arcmin,,,,
SEVEM,0.2226436309537875,0.2218120843702134,0.000831546583574,11.4012116286144,11.35862950516553,0.0425821234488719,0.9748998834961352,0.97508941574694,0.8378740946451823,I_STOKES,K_CMB_to_uK,,,TMASK,COM_CMB_IQU-sevem_2048_R3.00_full.fits,,Smoothing ladder bands,smoothing_beam_transfer_bandlimited,cptg_cmb_smoothing_ladder_v2_bands,SEVEM | 2-95 | 120arcmin,True,False,0.0425821234488719,0.000831546583574,,,2.0,95.0,2-95,51.20834393408212,120.0,120arcmin,,,,
COMMANDER,0.236226053147606,0.2350461495010772,0.0011799036465288,10.257744399155593,10.206508941167554,0.0512354579880369,0.9716979113597686,0.9719839972577804,0.8803787231445312,I_STOKES,K_CMB_to_uK,,,TMASK,COM_CMB_IQU-commander_2048_R3.00_full.fits,,Smoothing ladder bands,smoothing_beam_transfer_bandlimited,cptg_cmb_smoothing_ladder_v2_bands,COMMANDER | 2-30 | native,True,False,0.0512354579880369,0.0011799036465288,,,2.0,30.0,2-30,43.42342541170103,-1.0,native,,,,
COMMANDER,0.2281637687859523,0.2271124416129228,0.0010513271730295,10.788321241111756,10.73861109066805,0.0497101504437065,0.9736226466056492,0.9738684225347214,0.8803787231445312,I_STOKES,K_CMB_to_uK,,,TMASK,COM_CMB_IQU-commander_2048_R3.00_full.fits,,Smoothing ladder bands,smoothing_beam_transfer_bandlimited,cptg_cmb_smoothing_ladder_v2_bands,COMMANDER | 2-40 | native,True,False,0.0497101504437065,0.0010513271730295,,,2.0,40.0,2-40,47.283235627268326,-1.0,native,,,,
COMMANDER,0.2088809085752553,0.2080694188864416,0.0008114896888136,11.24370212583466,11.200021023519268,0.0436811023153911,0.977941054686925,0.978114031080104,0.8803787231445312,I_STOKES,K_CMB_to_uK,,,TMASK,COM_CMB_IQU-commander_2048_R3.00_full.fits,,Smoothing ladder bands,smoothing_beam_transfer_bandlimited,cptg_cmb_smoothing_ladder_v2_bands,COMMANDER | 2-64 | native,True,False,0.0436811023153911,0.0008114896888136,,,2.0,64.0,2-64,53.82829001715009,-1.0,native,,,,
COMMANDER,0.1904149447563579,0.1898666797330586,0.0005482650232992,11.590681454723027,11.557308206389193,0.0333732483338344,0.981703676999734,0.9818098618240446,0.8803787231445312,I_STOKES,K_CMB_to_uK,,,TMASK,COM_CMB_IQU-commander_2048_R3.00_full.fits,,Smoothing ladder bands,smoothing_beam_transfer_bandlimited,cptg_cmb_smoothing_ladder_v2_bands,COMMANDER | 2-95 | native,True,False,0.0333732483338344,0.0005482650232992,,,2.0,95.0,2-95,60.87064998786561,-1.0,native,,,,
COMMANDER,0.2362461117403084,0.2350661580196602,0.0011799537206482,10.2571715586812,10.20594113776618,0.0512304209150205,0.9716930348325616,0.971979158624718,0.8803787231445312,I_STOKES,K_CMB_to_uK,,,TMASK,COM_CMB_IQU-commander_2048_R3.00_full.fits,,Smoothing ladder bands,smoothing_beam_transfer_bandlimited,cptg_cmb_smoothing_ladder_v2_bands,COMMANDER | 2-30 | 10arcmin,True,False,0.0512304209150205,0.0011799537206482,,,2.0,30.0,2-30,43.417313762845374,10.0,10arcmin,,,,
COMMANDER,0.228193433761474,0.2271418544984519,0.0010515792630221,10.786911588032462,10.737202477866369,0.0497091101660931,0.973615694332841,0.973861562837917,0.8803787231445312,I_STOKES,K_CMB_to_uK,,,TMASK,COM_CMB_IQU-commander_2048_R3.00_full.fits,,Smoothing ladder bands,smoothing_beam_transfer_bandlimited,cptg_cmb_smoothing_ladder_v2_bands,COMMANDER | 2-40 | 10arcmin,True,False,0.0497091101660931,0.0010515792630221,,,2.0,40.0,2-40,47.27091139400533,10.0,10arcmin,,,,
COMMANDER,0.2089684489879237,0.208156054670926,0.0008123943169977,11.240956552346596,11.19725574839761,0.043700803948985,0.9779223526504036,0.9780955975012844,0.8803787231445312,I_STOKES,K_CMB_to_uK,,,TMASK,COM_CMB_IQU-commander_2048_R3.00_full.fits,,Smoothing ladder bands,smoothing_beam_transfer_bandlimited,cptg_cmb_smoothing_ladder_v2_bands,COMMANDER | 2-64 | 10arcmin,True,False,0.043700803948985,0.0008123943169977,,,2.0,64.0,2-64,53.792601738629976,10.0,10arcmin,,,,
COMMANDER,0.1906278049083791,0.1900772222921152,0.0005505826162639,11.58563418664666,11.55217186574008,0.0334623209065796,0.981662365851502,0.9817691227201636,0.8803787231445312,I_STOKES,K_CMB_to_uK,,,TMASK,COM_CMB_IQU-commander_2048_R3.00_full.fits,,Smoothing ladder bands,smoothing_beam_transfer_bandlimited,cptg_cmb_smoothing_ladder_v2_bands,COMMANDER | 2-95 | 10arcmin,True,False,0.0334623209065796,0.0005505826162639,,,2.0,95.0,2-95,60.77620309490017,10.0,10arcmin,,,,
COMMANDER,0.2363124575667082,0.2351323209183283,0.0011801366483798,10.255257544693755,10.20404312548079,0.0512144192129646,0.9716769017658125,0.9719631551042166,0.8803787231445312,I_STOKES,K_CMB_to_uK,,,TMASK,COM_CMB_IQU-commander_2048_R3.00_full.fits,,Smoothing ladder bands,smoothing_beam_transfer_bandlimited,cptg_cmb_smoothing_ladder_v2_bands,COMMANDER | 2-30 | 20arcmin,True,False,0.0512144192129646,0.0011801366483798,,,2.0,30.0,2-30,43.39702464394547,20.0,20arcmin,,,,
COMMANDER,0.2282898323550657,0.2272374476863695,0.0010523846686961,10.782433615053726,10.732728081913436,0.0497055331402904,0.973593095505178,0.9738392617467722,0.8803787231445312,I_STOKES,K_CMB_to_uK,,,TMASK,COM_CMB_IQU-commander_2048_R3.00_full.fits,,Smoothing ladder bands,smoothing_beam_transfer_bandlimited,cptg_cmb_smoothing_ladder_v2_bands,COMMANDER | 2-40 | 20arcmin,True,False,0.0497055331402904,0.0010523846686961,,,2.0,40.0,2-40,47.23133528909645,20.0,20arcmin,,,,
COMMANDER,0.2092403910249149,0.208425214686013,0.0008151763389019,11.232435842271064,11.188675572650066,0.0437602696209982,0.9778642027527864,0.9780382766585632,0.8803787231445312,I_STOKES,K_CMB_to_uK,,,TMASK,COM_CMB_IQU-commander_2048_R3.00_full.fits,,Smoothing ladder bands,smoothing_beam_transfer_bandlimited,cptg_cmb_smoothing_ladder_v2_bands,COMMANDER | 2-64 | 20arcmin,True,False,0.0437602696209982,0.0008151763389019,,,2.0,64.0,2-64,53.68196736419585,20.0,20arcmin,,,,
COMMANDER,0.1912746062064584,0.1907169974981819,0.0005576087082765,11.570228040690484,11.53649821089138,0.0337298297991033,0.9815365428838144,0.9816450412923844,0.8803787231445312,I_STOKES,K_CMB_to_uK,,,TMASK,COM_CMB_IQU-commander_2048_R3.00_full.fits,,Smoothing ladder bands,smoothing_beam_transfer_bandlimited,cptg_cmb_smoothing_ladder_v2_bands,COMMANDER | 2-95 | 20arcmin,True,False,0.0337298297991033,0.0005576087082765,,,2.0,95.0,2-95,60.49014173999544,20.0,20arcmin,,,,
COMMANDER,0.2365678237352465,0.2353870104248347,0.0011808133104118,10.247829690131226,10.196678297224626,0.0511513929066005,0.9716147610463888,0.9719015066479346,0.8803787231445312,I_STOKES,K_CMB_to_uK,,,TMASK,COM_CMB_IQU-commander_2048_R3.00_full.fits,,Smoothing ladder bands,smoothing_beam_transfer_bandlimited,cptg_cmb_smoothing_ladder_v2_bands,COMMANDER | 2-30 | 40arcmin,True,False,0.0511513929066005,0.0011808133104118,,,2.0,30.0,2-30,43.31878075523923,40.0,40arcmin,,,,
COMMANDER,0.2286614917233375,0.227605989799361,0.0010555019239765,10.764935394962189,10.71524443066719,0.0496909642949994,0.9735058732449536,0.9737531918456468,0.8803787231445312,I_STOKES,K_CMB_to_uK,,,TMASK,COM_CMB_IQU-commander_2048_R3.00_full.fits,,Smoothing ladder bands,smoothing_beam_transfer_bandlimited,cptg_cmb_smoothing_ladder_v2_bands,COMMANDER | 2-40 | 40arcmin,True,False,0.0496909642949994,0.0010555019239765,,,2.0,40.0,2-40,47.078042366604144,40.0,40arcmin,,,,
COMMANDER,0.2102928100378524,0.2094667762334959,0.0008260338043565,11.199187504668847,11.155196901953907,0.0439906027149383,0.9776384168863094,0.9778157343024214,0.8803787231445312,I_STOKES,K_CMB_to_uK,,,TMASK,COM_CMB_IQU-commander_2048_R3.00_full.fits,,Smoothing ladder bands,smoothing_beam_transfer_bandlimited,cptg_cmb_smoothing_ladder_v2_bands,COMMANDER | 2-64 | 40arcmin,True,False,0.0439906027149383,0.0008260338043565,,,2.0,64.0,2-64,53.25520878556432,40.0,40arcmin,,,,
COMMANDER,0.193749158077562,0.1931641482021786,0.0005850098753834,11.510771070568724,11.476015230510496,0.0347558400582279,0.9810510803115748,0.98116643365752,0.8803787231445312,I_STOKES,K_CMB_to_uK,,,TMASK,COM_CMB_IQU-commander_2048_R3.00_full.fits,,Smoothing ladder bands,smoothing_beam_transfer_bandlimited,cptg_cmb_smoothing_ladder_v2_bands,COMMANDER | 2-95 | 40arcmin,True,False,0.0347558400582279,0.0005850098753834,,,2.0,95.0,2-95,59.41068949554202,40.0,40arcmin,,,,
COMMANDER,0.2369878717153025,0.2358059625347337,0.0011819091805687,10.235571300015048,10.184524317735772,0.051046982279276,0.971512392025592,0.9717999441342248,0.8803787231445312,I_STOKES,K_CMB_to_uK,,,TMASK,COM_CMB_IQU-commander_2048_R3.00_full.fits,,Smoothing ladder bands,smoothing_beam_transfer_bandlimited,cptg_cmb_smoothing_ladder_v2_bands,COMMANDER | 2-30 | 60arcmin,True,False,0.051046982279276,0.0011819091805687,,,2.0,30.0,2-30,43.19027478465737,60.0,60arcmin,,,,
COMMANDER,0.2292697435140367,0.2282091772614083,0.0010605662526284,10.736322555959823,10.68665799400908,0.0496645619507454,0.973362803696534,0.9736120051196172,0.8803787231445312,I_STOKES,K_CMB_to_uK,,,TMASK,COM_CMB_IQU-commander_2048_R3.00_full.fits,,Smoothing ladder bands,smoothing_beam_transfer_bandlimited,cptg_cmb_smoothing_ladder_v2_bands,COMMANDER | 2-40 | 60arcmin,True,False,0.0496645619507454,0.0010605662526284,,,2.0,40.0,2-40,46.82834460144327,60.0,60arcmin,,,,
COMMANDER,0.2119798003559785,0.2111362514711186,0.0008435488848599,11.145527174529448,11.101174849433084,0.044352325096364,0.9772740170347756,0.9774566097380044,0.8803787231445312,I_STOKES,K_CMB_to_uK,,,TMASK,COM_CMB_IQU-commander_2048_R3.00_full.fits,,Smoothing ladder bands,smoothing_beam_transfer_bandlimited,cptg_cmb_smoothing_ladder_v2_bands,COMMANDER | 2-64 | 60arcmin,True,False,0.044352325096364,0.0008435488848599,,,2.0,64.0,2-64,52.578251115496464,60.0,60arcmin,,,,
COMMANDER,0.1975727035030779,0.1969440566789827,0.0006286468240951,11.41752288699324,11.38119403500772,0.0363288519855196,0.9802882144094056,0.9804147057724262,0.8803787231445312,I_STOKES,K_CMB_to_uK,,,TMASK,COM_CMB_IQU-commander_2048_R3.00_full.fits,,Smoothing ladder bands,smoothing_beam_transfer_bandlimited,cptg_cmb_smoothing_ladder_v2_bands,COMMANDER | 2-95 | 60arcmin,True,False,0.0363288519855196,0.0006286468240951,,,2.0,95.0,2-95,57.78896924804884,60.0,60arcmin,,,,
COMMANDER,0.2391678537488525,0.2379806119844384,0.001187241764414,10.171165364845857,10.12067516675014,0.0504901980957175,0.970978021040175,0.9712696907104416,0.8803787231445312,I_STOKES,K_CMB_to_uK,,,TMASK,COM_CMB_IQU-commander_2048_R3.00_full.fits,,Smoothing ladder bands,smoothing_beam_transfer_bandlimited,cptg_cmb_smoothing_ladder_v2_bands,COMMANDER | 2-30 | 120arcmin,True,False,0.0504901980957175,0.001187241764414,,,2.0,30.0,2-30,42.52730960878415,120.0,120arcmin,,,,
COMMANDER,0.2323686213463502,0.2312832174360658,0.0010854039102844,10.591831497018063,10.542356592629828,0.0494749043882372,0.9726276705469932,0.9728863434407512,0.8803787231445312,I_STOKES,K_CMB_to_uK,,,TMASK,COM_CMB_IQU-commander_2048_R3.00_full.fits,,Smoothing ladder bands,smoothing_beam_transfer_bandlimited,cptg_cmb_smoothing_ladder_v2_bands,COMMANDER | 2-40 | 120arcmin,True,False,0.0494749043882372,0.0010854039102844,,,2.0,40.0,2-40,45.5820215124086,120.0,120arcmin,,,,
COMMANDER,0.2198710189422909,0.2189446978764776,0.0009263210658133,10.888502917798585,10.842629433987724,0.04587348381086,0.9755289219388348,0.9757372403803384,0.8803787231445312,I_STOKES,K_CMB_to_uK,,,TMASK,COM_CMB_IQU-commander_2048_R3.00_full.fits,,Smoothing ladder bands,smoothing_beam_transfer_bandlimited,cptg_cmb_smoothing_ladder_v2_bands,COMMANDER | 2-64 | 120arcmin,True,False,0.04587348381086,0.0009263210658133,,,2.0,64.0,2-64,49.52222885116325,120.0,120arcmin,,,,
COMMANDER,0.2130186642697036,0.2122014136837474,0.0008172505859561,11.016531139162856,10.974265985733451,0.0422651534294029,0.977048106245771,0.9772259276310544,0.8803787231445312,I_STOKES,K_CMB_to_uK,,,TMASK,COM_CMB_IQU-commander_2048_R3.00_full.fits,,Smoothing ladder bands,smoothing_beam_transfer_bandlimited,cptg_cmb_smoothing_ladder_v2_bands,COMMANDER | 2-95 | 120arcmin,True,False,0.0422651534294029,0.0008172505859561,,,2.0,95.0,2-95,51.716271796798,120.0,120arcmin,,,,
SMICA,0.181775239631512,0.1815284585149887,0.0002467811165232,18.275645346606414,18.250834023716887,0.0248113228895263,0.9833401050790648,0.983385691755362,0.842749277750651,I_STOKES,K_CMB_to_uK,,,TMASK,COM_CMB_IQU-smica_2048_R3.00_full.fits,,Mask ladder non-inpainted,mask_sky_fraction,cptg_cmb_mask_ladder,SMICA | mask_ge_0.50_no_galactic_cut | no_galactic_cut,True,False,0.0248113228895263,0.0002467811165232,,100.53979509890412,,,,,,,mask_ge_0.50_no_galactic_cut,0.5,-1.0,no_galactic_cut
SMICA,0.1859428493407253,0.1857543391590567,0.0001885101816685,18.59672918033341,18.577875684172326,0.0188534961610855,0.9825605613798328,0.9825962169088492,0.7878214518229166,I_STOKES,K_CMB_to_uK,,,TMASK,COM_CMB_IQU-smica_2048_R3.00_full.fits,,Mask ladder non-inpainted,mask_sky_fraction,cptg_cmb_mask_ladder,SMICA | mask_ge_0.50_abs_b_gt_10deg | abs_b_gt_10deg,True,False,0.0188534961610855,0.0001885101816685,,100.01314514792875,,,,,,,mask_ge_0.50_abs_b_gt_10deg,0.5,10.0,abs_b_gt_10deg
SMICA,0.1924489672391994,0.19229991537844,0.0001490518607593,19.130887990325824,19.1160711040944,0.0148168862314221,0.9813069830631828,0.981336202606143,0.646630605061849,I_STOKES,K_CMB_to_uK,,,TMASK,COM_CMB_IQU-smica_2048_R3.00_full.fits,,Mask ladder non-inpainted,mask_sky_fraction,cptg_cmb_mask_ladder,SMICA | mask_ge_0.50_abs_b_gt_20deg | abs_b_gt_20deg,True,False,0.0148168862314221,0.0001490518607593,,99.40758978741408,,,,,,,mask_ge_0.50_abs_b_gt_20deg,0.5,20.0,abs_b_gt_20deg
SMICA,0.1956125416633648,0.1955587756165951,5.376604676973762e-05,19.305962384906863,19.30065594970749,0.0053064351993725,0.9806812599127191,0.980691982877059,0.4942537943522135,I_STOKES,K_CMB_to_uK,,,TMASK,COM_CMB_IQU-smica_2048_R3.00_full.fits,,Mask ladder non-inpainted,mask_sky_fraction,cptg_cmb_mask_ladder,SMICA | mask_ge_0.50_abs_b_gt_30deg | abs_b_gt_30deg,True,False,0.0053064351993725,5.376604676973762e-05,,98.69491097422086,,,,,,,mask_ge_0.50_abs_b_gt_30deg,0.5,30.0,abs_b_gt_30deg
SMICA,0.1924012320852551,0.1923963649459268,4.867139328262882e-06,18.906990691852,18.90651240511247,0.0004782867395292,0.981316343434713,0.98131729769509,0.3557968139648437,I_STOKES,K_CMB_to_uK,,,TMASK,COM_CMB_IQU-smica_2048_R3.00_full.fits,,Mask ladder non-inpainted,mask_sky_fraction,cptg_cmb_mask_ladder,SMICA | mask_ge_0.50_abs_b_gt_40deg | abs_b_gt_40deg,True,False,0.0004782867395292,4.867139328262882e-06,,98.26855310091828,,,,,,,mask_ge_0.50_abs_b_gt_40deg,0.5,40.0,abs_b_gt_40deg
SMICA,0.1818315241463586,0.1815879735237762,0.0002435506225823,18.27933719044304,18.25485329539774,0.0244838950452965,0.9833296989446684,0.983374703697186,0.8408215840657552,I_STOKES,K_CMB_to_uK,,,TMASK,COM_CMB_IQU-smica_2048_R3.00_full.fits,,Mask ladder non-inpainted,mask_sky_fraction,cptg_cmb_mask_ladder,SMICA | mask_ge_0.70_no_galactic_cut | no_galactic_cut,True,False,0.0244838950452965,0.0002435506225823,,100.52897744909048,,,,,,,mask_ge_0.70_no_galactic_cut,0.7,-1.0,no_galactic_cut
SMICA,0.1859308815286935,0.1857440197114903,0.0001868618172032,18.595018928839043,18.576330806675564,0.0186881221634784,0.9825628261307076,0.98259816768678,0.7867355346679688,I_STOKES,K_CMB_to_uK,,,TMASK,COM_CMB_IQU-smica_2048_R3.00_full.fits,,Mask ladder non-inpainted,mask_sky_fraction,cptg_cmb_mask_ladder,SMICA | mask_ge_0.70_abs_b_gt_10deg | abs_b_gt_10deg,True,False,0.0186881221634784,0.0001868618172032,,100.0103843748484,,,,,,,mask_ge_0.70_abs_b_gt_10deg,0.7,10.0,abs_b_gt_10deg
SMICA,0.1924379860094381,0.1922905589927061,0.0001474270167319,19.12931495433996,19.114659958752416,0.014654995587545,0.9813091365826732,0.9813380360111764,0.6460316975911459,I_STOKES,K_CMB_to_uK,,,TMASK,COM_CMB_IQU-smica_2048_R3.00_full.fits,,Mask ladder non-inpainted,mask_sky_fraction,cptg_cmb_mask_ladder,SMICA | mask_ge_0.70_abs_b_gt_20deg | abs_b_gt_20deg,True,False,0.014654995587545,0.0001474270167319,,99.4050881066785,,,,,,,mask_ge_0.70_abs_b_gt_20deg,0.7,20.0,abs_b_gt_20deg
SMICA,0.195543089844449,0.1954909512600132,5.2138584435784674e-05,19.298424192979198,19.29327856231506,0.0051456306641348,0.9806951106302536,0.9807055052233852,0.4938532511393229,I_STOKES,K_CMB_to_uK,,,TMASK,COM_CMB_IQU-smica_2048_R3.00_full.fits,,Mask ladder non-inpainted,mask_sky_fraction,cptg_cmb_mask_ladder,SMICA | mask_ge_0.70_abs_b_gt_30deg | abs_b_gt_30deg,True,False,0.0051456306641348,5.2138584435784674e-05,,98.69141480954782,,,,,,,mask_ge_0.70_abs_b_gt_30deg,0.7,30.0,abs_b_gt_30deg
SMICA,0.1923283826004031,0.1923243405799565,4.0420204465985154e-06,18.89952246341682,18.899125266418668,0.0003971969981506,0.9813306238196752,0.9813314159958828,0.3556073506673177,I_STOKES,K_CMB_to_uK,,,TMASK,COM_CMB_IQU-smica_2048_R3.00_full.fits,,Mask ladder non-inpainted,mask_sky_fraction,cptg_cmb_mask_ladder,SMICA | mask_ge_0.70_abs_b_gt_40deg | abs_b_gt_40deg,True,False,0.0003971969981506,4.0420204465985154e-06,,98.2669443161906,,,,,,,mask_ge_0.70_abs_b_gt_40deg,0.7,40.0,abs_b_gt_40deg
SMICA,0.181641580932141,0.1813998421145377,0.0002417388176033,18.258488336048472,18.234188914303022,0.0242994217454466,0.983364803151136,0.9834094250518552,0.8397038777669271,I_STOKES,K_CMB_to_uK,,,TMASK,COM_CMB_IQU-smica_2048_R3.00_full.fits,,Mask ladder non-inpainted,mask_sky_fraction,cptg_cmb_mask_ladder,SMICA | mask_ge_0.80_no_galactic_cut | no_galactic_cut,True,False,0.0242994217454466,0.0002417388176033,,100.5193207543685,,,,,,,mask_ge_0.80_no_galactic_cut,0.8,-1.0,no_galactic_cut
SMICA,0.1858132191210015,0.1856272762892979,0.0001859428317036,18.58269287635588,18.564097221264955,0.0185956550909232,0.982585084152966,0.9826202289274408,0.7860755920410156,I_STOKES,K_CMB_to_uK,,,TMASK,COM_CMB_IQU-smica_2048_R3.00_full.fits,,Mask ladder non-inpainted,mask_sky_fraction,cptg_cmb_mask_ladder,SMICA | mask_ge_0.80_abs_b_gt_10deg | abs_b_gt_10deg,True,False,0.0185956550909232,0.0001859428317036,,100.00737818472878,,,,,,,mask_ge_0.80_abs_b_gt_10deg,0.8,10.0,abs_b_gt_10deg
SMICA,0.1924020018558761,0.1922555190628782,0.0001464827929978,19.12537364716032,19.110812789570783,0.014560857589533,0.9813161925097597,0.9813449013419612,0.6456820170084635,I_STOKES,K_CMB_to_uK,,,TMASK,COM_CMB_IQU-smica_2048_R3.00_full.fits,,Mask ladder non-inpainted,mask_sky_fraction,cptg_cmb_mask_ladder,SMICA | mask_ge_0.80_abs_b_gt_20deg | abs_b_gt_20deg,True,False,0.014560857589533,0.0001464827929978,,99.40319467926685,,,,,,,mask_ge_0.80_abs_b_gt_20deg,0.8,20.0,abs_b_gt_20deg
SMICA,0.1954899467885524,0.1954386309810995,5.131580745290632e-05,19.292341767543206,19.28727755778857,0.0050642097546322,0.9807057054512373,0.9807159331428412,0.4936459859212239,I_STOKES,K_CMB_to_uK,,,TMASK,COM_CMB_IQU-smica_2048_R3.00_full.fits,,Mask ladder non-inpainted,mask_sky_fraction,cptg_cmb_mask_ladder,SMICA | mask_ge_0.80_abs_b_gt_30deg | abs_b_gt_30deg,True,False,0.0050642097546322,5.131580745290632e-05,,98.68712987277225,,,,,,,mask_ge_0.80_abs_b_gt_30deg,0.8,30.0,abs_b_gt_30deg
SMICA,0.1922898929215538,0.1922864894435708,3.403477982916181e-06,18.895283851711056,18.89494941040687,0.0003344413041865,0.9813381665257992,0.9813388334196644,0.3555208841959635,I_STOKES,K_CMB_to_uK,,,TMASK,COM_CMB_IQU-smica_2048_R3.00_full.fits,,Mask ladder non-inpainted,mask_sky_fraction,cptg_cmb_mask_ladder,SMICA | mask_ge_0.80_abs_b_gt_40deg | abs_b_gt_40deg,True,False,0.0003344413041865,3.403477982916181e-06,,98.26457108392869,,,,,,,mask_ge_0.80_abs_b_gt_40deg,0.8,40.0,abs_b_gt_40deg
SMICA,0.1814560042506184,0.1812161761280481,0.0002398281225703,18.239213355837915,18.21510681654562,0.0241065392922941,0.98339906371798,0.983443286371679,0.8384526570638021,I_STOKES,K_CMB_to_uK,,,TMASK,COM_CMB_IQU-smica_2048_R3.00_full.fits,,Mask ladder non-inpainted,mask_sky_fraction,cptg_cmb_mask_ladder,SMICA | mask_ge_0.90_no_galactic_cut | no_galactic_cut,True,False,0.0241065392922941,0.0002398281225703,,100.5158987775724,,,,,,,mask_ge_0.90_no_galactic_cut,0.9,-1.0,no_galactic_cut
SMICA,0.185685617439729,0.1855006138275808,0.0001850036121481,18.57006744254897,18.55156558116586,0.0185018613831111,0.9826092058779148,0.9826441483413978,0.7853101094563802,I_STOKES,K_CMB_to_uK,,,TMASK,COM_CMB_IQU-smica_2048_R3.00_full.fits,,Mask ladder non-inpainted,mask_sky_fraction,cptg_cmb_mask_ladder,SMICA | mask_ge_0.90_abs_b_gt_10deg | abs_b_gt_10deg,True,False,0.0185018613831111,0.0001850036121481,,100.00810885946272,,,,,,,mask_ge_0.90_abs_b_gt_10deg,0.9,10.0,abs_b_gt_10deg
SMICA,0.1923437646277806,0.1921981402980985,0.000145624329682,19.11984013868893,19.105364421687064,0.014475717001865,0.9813276090117984,0.9813561406879528,0.6452649434407552,I_STOKES,K_CMB_to_uK,,,TMASK,COM_CMB_IQU-smica_2048_R3.00_full.fits,,Mask ladder non-inpainted,mask_sky_fraction,cptg_cmb_mask_ladder,SMICA | mask_ge_0.90_abs_b_gt_20deg | abs_b_gt_20deg,True,False,0.014475717001865,0.000145624329682,,99.40452281200392,,,,,,,mask_ge_0.90_abs_b_gt_20deg,0.9,20.0,abs_b_gt_20deg
SMICA,0.1954282211452278,0.1953774907235143,5.0730421713440776e-05,19.286237952836416,19.281231516310108,0.0050064365263082,0.9807180075740488,0.9807281152891372,0.493390401204427,I_STOKES,K_CMB_to_uK,,,TMASK,COM_CMB_IQU-smica_2048_R3.00_full.fits,,Mask ladder non-inpainted,mask_sky_fraction,cptg_cmb_mask_ladder,SMICA | mask_ge_0.90_abs_b_gt_30deg | abs_b_gt_30deg,True,False,0.0050064365263082,5.0730421713440776e-05,,98.68706699481396,,,,,,,mask_ge_0.90_abs_b_gt_30deg,0.9,30.0,abs_b_gt_30deg
SMICA,0.1922642072085723,0.1922607730134922,3.4341950800875765e-06,18.89248318534901,18.8921457305843,0.0003374547647112,0.9813431992052823,0.9813438720246102,0.3554026285807292,I_STOKES,K_CMB_to_uK,,,TMASK,COM_CMB_IQU-smica_2048_R3.00_full.fits,,Mask ladder non-inpainted,mask_sky_fraction,cptg_cmb_mask_ladder,SMICA | mask_ge_0.90_abs_b_gt_40deg | abs_b_gt_40deg,True,False,0.0003374547647112,3.4341950800875765e-06,,98.26313207041204,,,,,,,mask_ge_0.90_abs_b_gt_40deg,0.9,40.0,abs_b_gt_40deg
SMICA,0.1813920294829559,0.1811530431081335,0.0002389863748224,18.232743205140828,18.208721327144943,0.0240218779958816,0.9834108661388964,0.9834549176106968,0.8376681009928385,I_STOKES,K_CMB_to_uK,,,TMASK,COM_CMB_IQU-smica_2048_R3.00_full.fits,,Mask ladder non-inpainted,mask_sky_fraction,cptg_cmb_mask_ladder,SMICA | mask_ge_0.95_no_galactic_cut | no_galactic_cut,True,False,0.0240218779958816,0.0002389863748224,,100.51568008314293,,,,,,,mask_ge_0.95_no_galactic_cut,0.95,-1.0,no_galactic_cut
SMICA,0.1856212067669035,0.1854369399431148,0.0001842668237886,18.56376558703133,18.5453372717442,0.0184283152871351,0.982621375504522,0.9826561663697704,0.7848409016927084,I_STOKES,K_CMB_to_uK,,,TMASK,COM_CMB_IQU-smica_2048_R3.00_full.fits,,Mask ladder non-inpainted,mask_sky_fraction,cptg_cmb_mask_ladder,SMICA | mask_ge_0.95_abs_b_gt_10deg | abs_b_gt_10deg,True,False,0.0184283152871351,0.0001842668237886,,100.0088616509376,,,,,,,mask_ge_0.95_abs_b_gt_10deg,0.95,10.0,abs_b_gt_10deg
SMICA,0.1923158538163022,0.1921706178989088,0.0001452359173933,19.11713157857615,19.102694421744573,0.0144371568315762,0.9813330792197452,0.9813615305361992,0.6449979146321615,I_STOKES,K_CMB_to_uK,,,TMASK,COM_CMB_IQU-smica_2048_R3.00_full.fits,,Mask ladder non-inpainted,mask_sky_fraction,cptg_cmb_mask_ladder,SMICA | mask_ge_0.95_abs_b_gt_20deg | abs_b_gt_20deg,True,False,0.0144371568315762,0.0001452359173933,,99.4048654815354,,,,,,,mask_ge_0.95_abs_b_gt_20deg,0.95,20.0,abs_b_gt_20deg
SMICA,0.1954086129807916,0.1953583307564628,5.028222432879037e-05,19.283906967482604,19.27894486411733,0.0049621033652691,0.9807219147000454,0.9807319320813656,0.4932276407877604,I_STOKES,K_CMB_to_uK,,,TMASK,COM_CMB_IQU-smica_2048_R3.00_full.fits,,Mask ladder non-inpainted,mask_sky_fraction,cptg_cmb_mask_ladder,SMICA | mask_ge_0.95_abs_b_gt_30deg | abs_b_gt_30deg,True,False,0.0049621033652691,5.028222432879037e-05,,98.68504091668768,,,,,,,mask_ge_0.95_abs_b_gt_30deg,0.95,30.0,abs_b_gt_30deg
SMICA,0.1922796396446368,0.1922763940800108,3.245564625942165e-06,18.894085470161222,18.893766549366728,0.0003189207944984,0.9813401755650936,0.9813408114817136,0.3553326924641927,I_STOKES,K_CMB_to_uK,,,TMASK,COM_CMB_IQU-smica_2048_R3.00_full.fits,,Mask ladder non-inpainted,mask_sky_fraction,cptg_cmb_mask_ladder,SMICA | mask_ge_0.95_abs_b_gt_40deg | abs_b_gt_40deg,True,False,0.0003189207944984,3.245564625942165e-06,,98.26357853114602,,,,,,,mask_ge_0.95_abs_b_gt_40deg,0.95,40.0,abs_b_gt_40deg
SMICA,0.1812654535695481,0.1810281574954824,0.0002372960740656,18.21892784377171,18.195077297703072,0.0238505460686369,0.9834342048872542,0.9834779134244912,0.8364308675130209,I_STOKES,K_CMB_to_uK,,,TMASK,COM_CMB_IQU-smica_2048_R3.00_full.fits,,Mask ladder non-inpainted,mask_sky_fraction,cptg_cmb_mask_ladder,SMICA | mask_ge_0.99_no_galactic_cut | no_galactic_cut,True,False,0.0238505460686369,0.0002372960740656,,100.50965302542576,,,,,,,mask_ge_0.99_no_galactic_cut,0.99,-1.0,no_galactic_cut
SMICA,0.1854639946949022,0.1852807253800112,0.0001832693148909,18.547776106327824,18.52944781449226,0.0183282918355622,0.9826510604847528,0.982685632744601,0.7841669718424479,I_STOKES,K_CMB_to_uK,,,TMASK,COM_CMB_IQU-smica_2048_R3.00_full.fits,,Mask ladder non-inpainted,mask_sky_fraction,cptg_cmb_mask_ladder,SMICA | mask_ge_0.99_abs_b_gt_10deg | abs_b_gt_10deg,True,False,0.0183282918355622,0.0001832693148909,,100.0074226635734,,,,,,,mask_ge_0.99_abs_b_gt_10deg,0.99,10.0,abs_b_gt_10deg
SMICA,0.1922321744661427,0.1920879797516951,0.0001441947144475,19.10818707059711,19.093853884251445,0.0143331863456666,0.9813494744992828,0.98137770915938,0.6446253458658854,I_STOKES,K_CMB_to_uK,,,TMASK,COM_CMB_IQU-smica_2048_R3.00_full.fits,,Mask ladder non-inpainted,mask_sky_fraction,cptg_cmb_mask_ladder,SMICA | mask_ge_0.99_abs_b_gt_20deg | abs_b_gt_20deg,True,False,0.0143331863456666,0.0001441947144475,,99.401607060126,,,,,,,mask_ge_0.99_abs_b_gt_20deg,0.99,20.0,abs_b_gt_20deg
SMICA,0.1953773250368157,0.1953272912133627,5.003382345300511e-05,19.28042445516596,19.27548696637033,0.0049374887956261,0.980728148296692,0.9807381145378464,0.4930025736490885,I_STOKES,K_CMB_to_uK,,,TMASK,COM_CMB_IQU-smica_2048_R3.00_full.fits,,Mask ladder non-inpainted,mask_sky_fraction,cptg_cmb_mask_ladder,SMICA | mask_ge_0.99_abs_b_gt_30deg | abs_b_gt_30deg,True,False,0.0049374887956261,5.003382345300511e-05,,98.68301990281049,,,,,,,mask_ge_0.99_abs_b_gt_30deg,0.99,30.0,abs_b_gt_30deg
SMICA,0.1922075419766546,0.1922045320146254,3.009962029149049e-06,18.88687521916197,18.886579451489823,0.0002957676721457,0.9813542993268498,0.981354888851652,0.3552271525065104,I_STOKES,K_CMB_to_uK,,,TMASK,COM_CMB_IQU-smica_2048_R3.00_full.fits,,Mask ladder non-inpainted,mask_sky_fraction,cptg_cmb_mask_ladder,SMICA | mask_ge_0.99_abs_b_gt_40deg | abs_b_gt_40deg,True,False,0.0002957676721457,3.009962029149049e-06,,98.26292467470375,,,,,,,mask_ge_0.99_abs_b_gt_40deg,0.99,40.0,abs_b_gt_40deg
SMICA_noSZ,0.1809643778406487,0.1807109380682095,0.0002534397724391,18.241064399201257,18.215517873053148,0.0255465261481084,0.9834896511670812,0.983536250914275,0.842749277750651,I_STOKES,K_CMB_to_uK,,,TMASK,COM_CMB_IQU-smica_2048_R3.00_full.fits,,Mask ladder non-inpainted,mask_sky_fraction,cptg_cmb_mask_ladder,SMICA_noSZ | mask_ge_0.50_no_galactic_cut | no_galactic_cut,True,False,0.0255465261481084,0.0002534397724391,,100.79919936101312,,,,,,,mask_ge_0.50_no_galactic_cut,0.5,-1.0,no_galactic_cut
SMICA_noSZ,0.1855181627141791,0.1853265666284728,0.0001915960857063,18.591449393987173,18.57224885383853,0.0192005401486383,0.982640835352956,0.9826769884869098,0.7878214518229166,I_STOKES,K_CMB_to_uK,,,TMASK,COM_CMB_IQU-smica_2048_R3.00_full.fits,,Mask ladder non-inpainted,mask_sky_fraction,cptg_cmb_mask_ladder,SMICA_noSZ | mask_ge_0.50_abs_b_gt_10deg | abs_b_gt_10deg,True,False,0.0192005401486383,0.0001915960857063,,100.21363472982596,,,,,,,mask_ge_0.50_abs_b_gt_10deg,0.5,10.0,abs_b_gt_10deg
SMICA_noSZ,0.1914322964429091,0.1912852261865195,0.0001470702563896,19.05909904020526,19.044456648955283,0.0146423912499784,0.9815058206035228,0.9815344936591744,0.646630605061849,I_STOKES,K_CMB_to_uK,,,TMASK,COM_CMB_IQU-smica_2048_R3.00_full.fits,,Mask ladder non-inpainted,mask_sky_fraction,cptg_cmb_mask_ladder,SMICA_noSZ | mask_ge_0.50_abs_b_gt_20deg | abs_b_gt_20deg,True,False,0.0146423912499784,0.0001470702563896,,99.56052032155009,,,,,,,mask_ge_0.50_abs_b_gt_20deg,0.5,20.0,abs_b_gt_20deg
SMICA_noSZ,0.1959790110809907,0.1959363199016955,4.269117929528443e-05,19.356184600620583,19.35196813711921,0.0042164635013719,0.98060809053144,0.9806166215924452,0.4942537943522135,I_STOKES,K_CMB_to_uK,,,TMASK,COM_CMB_IQU-smica_2048_R3.00_full.fits,,Mask ladder non-inpainted,mask_sky_fraction,cptg_cmb_mask_ladder,SMICA_noSZ | mask_ge_0.50_abs_b_gt_30deg | abs_b_gt_30deg,True,False,0.0042164635013719,4.269117929528443e-05,,98.7666204347842,,,,,,,mask_ge_0.50_abs_b_gt_30deg,0.5,30.0,abs_b_gt_30deg
SMICA_noSZ,0.1935907924200245,0.1935955970404047,-4.804620380188807e-06,19.031667033844744,19.03213937002436,-0.0004723361796123,0.9810823640705132,0.9810814159928668,0.3557968139648437,I_STOKES,K_CMB_to_uK,,,TMASK,COM_CMB_IQU-smica_2048_R3.00_full.fits,,Mask ladder non-inpainted,mask_sky_fraction,cptg_cmb_mask_ladder,SMICA_noSZ | mask_ge_0.50_abs_b_gt_40deg | abs_b_gt_40deg,False,True,0.0004723361796123,4.804620380188807e-06,,98.3087408028821,,,,,,,mask_ge_0.50_abs_b_gt_40deg,0.5,40.0,abs_b_gt_40deg
SMICA_noSZ,0.1810130636608048,0.1807625545083073,0.0002505091524974,18.243779383594244,18.218531295863407,0.0252480877308372,0.983480691617344,0.9835267657199936,0.8408215840657552,I_STOKES,K_CMB_to_uK,,,TMASK,COM_CMB_IQU-smica_2048_R3.00_full.fits,,Mask ladder non-inpainted,mask_sky_fraction,cptg_cmb_mask_ladder,SMICA_noSZ | mask_ge_0.70_no_galactic_cut | no_galactic_cut,True,False,0.0252480877308372,0.0002505091524974,,100.78708693523214,,,,,,,mask_ge_0.70_no_galactic_cut,0.7,-1.0,no_galactic_cut
SMICA_noSZ,0.1854936714542522,0.1853035978734029,0.0001900735808493,18.588245463043343,18.56919826672032,0.0190471963230223,0.982645458876406,0.9826813199685706,0.7867355346679688,I_STOKES,K_CMB_to_uK,,,TMASK,COM_CMB_IQU-smica_2048_R3.00_full.fits,,Mask ladder non-inpainted,mask_sky_fraction,cptg_cmb_mask_ladder,SMICA_noSZ | mask_ge_0.70_abs_b_gt_10deg | abs_b_gt_10deg,True,False,0.0190471963230223,0.0001900735808493,,100.20959376841978,,,,,,,mask_ge_0.70_abs_b_gt_10deg,0.7,10.0,abs_b_gt_10deg
SMICA_noSZ,0.1914131734422765,0.1912676597375437,0.0001455137047328,19.056555498831383,19.04206856493748,0.0144869338939095,0.9815095501485238,0.9815379169133116,0.6460316975911459,I_STOKES,K_CMB_to_uK,,,TMASK,COM_CMB_IQU-smica_2048_R3.00_full.fits,,Mask ladder non-inpainted,mask_sky_fraction,cptg_cmb_mask_ladder,SMICA_noSZ | mask_ge_0.70_abs_b_gt_20deg | abs_b_gt_20deg,True,False,0.0144869338939095,0.0001455137047328,,99.55717862113691,,,,,,,mask_ge_0.70_abs_b_gt_20deg,0.7,20.0,abs_b_gt_20deg
SMICA_noSZ,0.1959054584844493,0.1958644264058553,4.103207859393332e-05,19.348063392262777,19.344010971958134,0.0040524203046388,0.9806227874855844,0.980630983840866,0.4938532511393229,I_STOKES,K_CMB_to_uK,,,TMASK,COM_CMB_IQU-smica_2048_R3.00_full.fits,,Mask ladder non-inpainted,mask_sky_fraction,cptg_cmb_mask_ladder,SMICA_noSZ | mask_ge_0.70_abs_b_gt_30deg | abs_b_gt_30deg,True,False,0.0040524203046388,4.103207859393332e-05,,98.76224757565188,,,,,,,mask_ge_0.70_abs_b_gt_30deg,0.7,30.0,abs_b_gt_30deg
SMICA_noSZ,0.1935154549109072,0.1935211373762801,-5.682465372913725e-06,19.023814208648933,19.024372831553503,-0.0005586229045704,0.9810972269406456,0.98109610609185,0.3556073506673177,I_STOKES,K_CMB_to_uK,,,TMASK,COM_CMB_IQU-smica_2048_R3.00_full.fits,,Mask ladder non-inpainted,mask_sky_fraction,cptg_cmb_mask_ladder,SMICA_noSZ | mask_ge_0.70_abs_b_gt_40deg | abs_b_gt_40deg,False,True,0.0005586229045704,5.682465372913725e-06,,98.30643354768397,,,,,,,mask_ge_0.70_abs_b_gt_40deg,0.7,40.0,abs_b_gt_40deg
SMICA_noSZ,0.1808083566382033,0.1805594715811778,0.0002488850570255,18.22095601132274,18.19587462813749,0.0250813831852489,0.983518346636092,0.9835640686921852,0.8397038777669271,I_STOKES,K_CMB_to_uK,,,TMASK,COM_CMB_IQU-smica_2048_R3.00_full.fits,,Mask ladder non-inpainted,mask_sky_fraction,cptg_cmb_mask_ladder,SMICA_noSZ | mask_ge_0.80_no_galactic_cut | no_galactic_cut,True,False,0.0250813831852489,0.0002488850570255,,100.77496610282668,,,,,,,mask_ge_0.80_no_galactic_cut,0.8,-1.0,no_galactic_cut
SMICA_noSZ,0.1853622812937731,0.1851729598599738,0.0001893214337992,18.57409623004572,18.55512540974045,0.0189708203052667,0.98267025225839,0.9827059453044418,0.7860755920410156,I_STOKES,K_CMB_to_uK,,,TMASK,COM_CMB_IQU-smica_2048_R3.00_full.fits,,Mask ladder non-inpainted,mask_sky_fraction,cptg_cmb_mask_ladder,SMICA_noSZ | mask_ge_0.80_abs_b_gt_10deg | abs_b_gt_10deg,True,False,0.0189708203052667,0.0001893214337992,,100.20429237493246,,,,,,,mask_ge_0.80_abs_b_gt_10deg,0.8,10.0,abs_b_gt_10deg
SMICA_noSZ,0.1913665113797004,0.1912217603209012,0.0001447510587992,19.05116646156644,19.03675601693435,0.0144104446320874,0.981518648993672,0.9815468600019952,0.6456820170084635,I_STOKES,K_CMB_to_uK,,,TMASK,COM_CMB_IQU-smica_2048_R3.00_full.fits,,Mask ladder non-inpainted,mask_sky_fraction,cptg_cmb_mask_ladder,SMICA_noSZ | mask_ge_0.80_abs_b_gt_20deg | abs_b_gt_20deg,True,False,0.0144104446320874,0.0001447510587992,,99.55329343787852,,,,,,,mask_ge_0.80_abs_b_gt_20deg,0.8,20.0,abs_b_gt_20deg
SMICA_noSZ,0.1958545303764453,0.1958143260802228,4.020429622253463e-05,19.342094295125488,19.33812382128906,0.0039704738364285,0.9806329603531702,0.9806409892013224,0.4936459859212239,I_STOKES,K_CMB_to_uK,,,TMASK,COM_CMB_IQU-smica_2048_R3.00_full.fits,,Mask ladder non-inpainted,mask_sky_fraction,cptg_cmb_mask_ladder,SMICA_noSZ | mask_ge_0.80_abs_b_gt_30deg | abs_b_gt_30deg,True,False,0.0039704738364285,4.020429622253463e-05,,98.7574515531946,,,,,,,mask_ge_0.80_abs_b_gt_30deg,0.8,30.0,abs_b_gt_30deg
SMICA_noSZ,0.1934756871918962,0.1934820016821647,-6.314490268416462e-06,19.019454090336364,19.020074830644912,-0.0006207403085483,0.9811050700437866,0.9811038247938204,0.3555208841959635,I_STOKES,K_CMB_to_uK,,,TMASK,COM_CMB_IQU-smica_2048_R3.00_full.fits,,Mask ladder non-inpainted,mask_sky_fraction,cptg_cmb_mask_ladder,SMICA_noSZ | mask_ge_0.80_abs_b_gt_40deg | abs_b_gt_40deg,False,True,0.0006207403085483,6.314490268416462e-06,,98.30410407831847,,,,,,,mask_ge_0.80_abs_b_gt_40deg,0.8,40.0,abs_b_gt_40deg
SMICA_noSZ,0.1806107238211944,0.1803636533836344,0.00024707043756,18.200287083604188,18.175389598015705,0.0248974855884824,0.9835546585934024,0.9835999962068463,0.8384526570638021,I_STOKES,K_CMB_to_uK,,,TMASK,COM_CMB_IQU-smica_2048_R3.00_full.fits,,Mask ladder non-inpainted,mask_sky_fraction,cptg_cmb_mask_ladder,SMICA_noSZ | mask_ge_0.90_no_galactic_cut | no_galactic_cut,True,False,0.0248974855884824,0.00024707043756,,100.77079975396458,,,,,,,mask_ge_0.90_no_galactic_cut,0.9,-1.0,no_galactic_cut
SMICA_noSZ,0.1852189745685928,0.1850305152056453,0.0001884593629474,18.55982337122504,18.54093884550565,0.0188845257193861,0.9826972735587288,0.9827327757039211,0.7853101094563802,I_STOKES,K_CMB_to_uK,,,TMASK,COM_CMB_IQU-smica_2048_R3.00_full.fits,,Mask ladder non-inpainted,mask_sky_fraction,cptg_cmb_mask_ladder,SMICA_noSZ | mask_ge_0.90_abs_b_gt_10deg | abs_b_gt_10deg,True,False,0.0188845257193861,0.0001884593629474,,100.20476257604868,,,,,,,mask_ge_0.90_abs_b_gt_10deg,0.9,10.0,abs_b_gt_10deg
SMICA_noSZ,0.191307744008264,0.1911638274439573,0.0001439165643066,19.045568801535516,19.031241243383636,0.01432755815188,0.981530105031154,0.981558144521748,0.6452649434407552,I_STOKES,K_CMB_to_uK,,,TMASK,COM_CMB_IQU-smica_2048_R3.00_full.fits,,Mask ladder non-inpainted,mask_sky_fraction,cptg_cmb_mask_ladder,SMICA_noSZ | mask_ge_0.90_abs_b_gt_20deg | abs_b_gt_20deg,True,False,0.01432755815188,0.0001439165643066,,99.55461500143343,,,,,,,mask_ge_0.90_abs_b_gt_20deg,0.9,20.0,abs_b_gt_20deg
SMICA_noSZ,0.1957909158897497,0.1957512520652902,3.9663824459523767e-05,19.33580146286042,19.33188436675041,0.0039170961100083,0.9806456634559972,0.9806535817070527,0.493390401204427,I_STOKES,K_CMB_to_uK,,,TMASK,COM_CMB_IQU-smica_2048_R3.00_full.fits,,Mask ladder non-inpainted,mask_sky_fraction,cptg_cmb_mask_ladder,SMICA_noSZ | mask_ge_0.90_abs_b_gt_30deg | abs_b_gt_30deg,True,False,0.0039170961100083,3.9663824459523767e-05,,98.75739829394564,,,,,,,mask_ge_0.90_abs_b_gt_30deg,0.9,30.0,abs_b_gt_30deg
SMICA_noSZ,0.1934449675829737,0.1934512434145012,-6.275831527458031e-06,19.01614471006599,19.01676164066901,-0.0006169306030194,0.981111127506371,0.9811098900843797,0.3554026285807292,I_STOKES,K_CMB_to_uK,,,TMASK,COM_CMB_IQU-smica_2048_R3.00_full.fits,,Mask ladder non-inpainted,mask_sky_fraction,cptg_cmb_mask_ladder,SMICA_noSZ | mask_ge_0.90_abs_b_gt_40deg | abs_b_gt_40deg,False,True,0.0006169306030194,6.275831527458031e-06,,98.30260744265397,,,,,,,mask_ge_0.90_abs_b_gt_40deg,0.9,40.0,abs_b_gt_40deg
SMICA_noSZ,0.180547478235942,0.1803011431500861,0.0002463350858558,18.19385008091892,18.16902678421313,0.024823296705783,0.9835662703156518,0.9836114567138654,0.8376681009928385,I_STOKES,K_CMB_to_uK,,,TMASK,COM_CMB_IQU-smica_2048_R3.00_full.fits,,Mask ladder non-inpainted,mask_sky_fraction,cptg_cmb_mask_ladder,SMICA_noSZ | mask_ge_0.95_no_galactic_cut | no_galactic_cut,True,False,0.024823296705783,0.0002463350858558,,100.77044696876315,,,,,,,mask_ge_0.95_no_galactic_cut,0.95,-1.0,no_galactic_cut
SMICA_noSZ,0.1851533099323034,0.1849655025135153,0.0001878074187881,18.55343981340226,18.53462041642648,0.0188193969757826,0.9827096477704452,0.9827450141719992,0.7848409016927084,I_STOKES,K_CMB_to_uK,,,TMASK,COM_CMB_IQU-smica_2048_R3.00_full.fits,,Mask ladder non-inpainted,mask_sky_fraction,cptg_cmb_mask_ladder,SMICA_noSZ | mask_ge_0.95_abs_b_gt_10deg | abs_b_gt_10deg,True,False,0.0188193969757826,0.0001878074187881,,100.205823056503,,,,,,,mask_ge_0.95_abs_b_gt_10deg,0.95,10.0,abs_b_gt_10deg
SMICA_noSZ,0.1912820572393186,0.1911384830561656,0.0001435741831529,19.04307925239084,19.028785729057603,0.014293523333233,0.9815351112305124,0.9815630801405416,0.6449979146321615,I_STOKES,K_CMB_to_uK,,,TMASK,COM_CMB_IQU-smica_2048_R3.00_full.fits,,Mask ladder non-inpainted,mask_sky_fraction,cptg_cmb_mask_ladder,SMICA_noSZ | mask_ge_0.95_abs_b_gt_20deg | abs_b_gt_20deg,True,False,0.014293523333233,0.0001435741831529,,99.55496886237206,,,,,,,mask_ge_0.95_abs_b_gt_20deg,0.95,20.0,abs_b_gt_20deg
SMICA_noSZ,0.1957731613458755,0.195733928505037,3.9232840838454575e-05,19.333650381479288,19.32977592788704,0.0038744535922496,0.980649208074244,0.9806570395566356,0.4932276407877604,I_STOKES,K_CMB_to_uK,,,TMASK,COM_CMB_IQU-smica_2048_R3.00_full.fits,,Mask ladder non-inpainted,mask_sky_fraction,cptg_cmb_mask_ladder,SMICA_noSZ | mask_ge_0.95_abs_b_gt_30deg | abs_b_gt_30deg,True,False,0.0038744535922496,3.9232840838454575e-05,,98.7553669183603,,,,,,,mask_ge_0.95_abs_b_gt_30deg,0.95,30.0,abs_b_gt_30deg
SMICA_noSZ,0.1934599489689844,0.1934663863140046,-6.437345020260388e-06,19.01771235828882,19.018345169248395,-0.0006328109595763,0.9811081735185564,0.9811069041478608,0.3553326924641927,I_STOKES,K_CMB_to_uK,,,TMASK,COM_CMB_IQU-smica_2048_R3.00_full.fits,,Mask ladder non-inpainted,mask_sky_fraction,cptg_cmb_mask_ladder,SMICA_noSZ | mask_ge_0.95_abs_b_gt_40deg | abs_b_gt_40deg,False,True,0.0006328109595763,6.437345020260388e-06,,98.3030981846157,,,,,,,mask_ge_0.95_abs_b_gt_40deg,0.95,40.0,abs_b_gt_40deg
SMICA_noSZ,0.1804092599584941,0.1801645779870497,0.0002446819714443,18.178538504471547,18.153883668903376,0.024654835568171,0.9835916321935788,0.9836364800264112,0.8364308675130209,I_STOKES,K_CMB_to_uK,,,TMASK,COM_CMB_IQU-smica_2048_R3.00_full.fits,,Mask ladder non-inpainted,mask_sky_fraction,cptg_cmb_mask_ladder,SMICA_noSZ | mask_ge_0.99_no_galactic_cut | no_galactic_cut,True,False,0.024654835568171,0.0002446819714443,,100.762779630346,,,,,,,mask_ge_0.99_no_galactic_cut,0.99,-1.0,no_galactic_cut
SMICA_noSZ,0.1849799301749927,0.1847930607848536,0.000186869390139,18.53560761112776,18.516882673309524,0.0187249378182379,0.9827422985872007,0.9827774543027356,0.7841669718424479,I_STOKES,K_CMB_to_uK,,,TMASK,COM_CMB_IQU-smica_2048_R3.00_full.fits,,Mask ladder non-inpainted,mask_sky_fraction,cptg_cmb_mask_ladder,SMICA_noSZ | mask_ge_0.99_abs_b_gt_10deg | abs_b_gt_10deg,True,False,0.0187249378182379,0.000186869390139,,100.2033441876257,,,,,,,mask_ge_0.99_abs_b_gt_10deg,0.99,10.0,abs_b_gt_10deg
SMICA_noSZ,0.1911839502494882,0.1910414096875437,0.0001425405619445,19.032511324238754,19.018321300150262,0.0141900240884886,0.9815542252810088,0.9815819781274492,0.6446253458658854,I_STOKES,K_CMB_to_uK,,,TMASK,COM_CMB_IQU-smica_2048_R3.00_full.fits,,Mask ladder non-inpainted,mask_sky_fraction,cptg_cmb_mask_ladder,SMICA_noSZ | mask_ge_0.99_abs_b_gt_20deg | abs_b_gt_20deg,True,False,0.0141900240884886,0.0001425405619445,,99.55077975636554,,,,,,,mask_ge_0.99_abs_b_gt_20deg,0.99,20.0,abs_b_gt_20deg
SMICA_noSZ,0.1957366734243241,0.1956976872337894,3.89861905347455e-05,19.32958695118124,19.32573694726193,0.003850003919311,0.9806564916813528,0.9806642724252506,0.4930025736490885,I_STOKES,K_CMB_to_uK,,,TMASK,COM_CMB_IQU-smica_2048_R3.00_full.fits,,Mask ladder non-inpainted,mask_sky_fraction,cptg_cmb_mask_ladder,SMICA_noSZ | mask_ge_0.99_abs_b_gt_30deg | abs_b_gt_30deg,True,False,0.003850003919311,3.89861905347455e-05,,98.75301655545128,,,,,,,mask_ge_0.99_abs_b_gt_30deg,0.99,30.0,abs_b_gt_30deg
SMICA_noSZ,0.1933834531300884,0.1933901347655273,-6.681635438821054e-06,19.010093417764047,19.01075023980244,-0.0006568220383904,0.9811232542629305,0.9811219372613026,0.3552271525065104,I_STOKES,K_CMB_to_uK,,,TMASK,COM_CMB_IQU-smica_2048_R3.00_full.fits,,Mask ladder non-inpainted,mask_sky_fraction,cptg_cmb_mask_ladder,SMICA_noSZ | mask_ge_0.99_abs_b_gt_40deg | abs_b_gt_40deg,False,True,0.0006568220383904,6.681635438821054e-06,,98.30258540773916,,,,,,,mask_ge_0.99_abs_b_gt_40deg,0.99,40.0,abs_b_gt_40deg
NILC,0.1834591923499629,0.1832066940365362,0.0002524983134267,18.403501453315705,18.378172370490333,0.0253290828253724,0.9830273265491146,0.9830744159320812,0.7862688700358073,I_STOKES,K_CMB_to_uK,,,TMASK,COM_CMB_IQU-nilc_2048_R3.00_full.fits,,Mask ladder non-inpainted,mask_sky_fraction,cptg_cmb_mask_ladder,NILC | mask_ge_0.50_no_galactic_cut | no_galactic_cut,True,False,0.0253290828253724,0.0002524983134267,,100.31386935471498,,,,,,,mask_ge_0.50_no_galactic_cut,0.5,-1.0,no_galactic_cut
NILC,0.186256120075949,0.1860351042582737,0.0002210158176752,18.62267027341808,18.60057218238033,0.0220980910377477,0.9825012253092889,0.9825430982830288,0.769622802734375,I_STOKES,K_CMB_to_uK,,,TMASK,COM_CMB_IQU-nilc_2048_R3.00_full.fits,,Mask ladder non-inpainted,mask_sky_fraction,cptg_cmb_mask_ladder,NILC | mask_ge_0.50_abs_b_gt_10deg | abs_b_gt_10deg,True,False,0.0220980910377477,0.0002210158176752,,99.9842059730675,,,,,,,mask_ge_0.50_abs_b_gt_10deg,0.5,10.0,abs_b_gt_10deg
NILC,0.1921113361178494,0.1919348578023769,0.0001764783154725,19.088791249256246,19.07125580448681,0.0175354447694324,0.9813731372597352,0.98140766777134,0.6443532307942709,I_STOKES,K_CMB_to_uK,,,TMASK,COM_CMB_IQU-nilc_2048_R3.00_full.fits,,Mask ladder non-inpainted,mask_sky_fraction,cptg_cmb_mask_ladder,NILC | mask_ge_0.50_abs_b_gt_20deg | abs_b_gt_20deg,True,False,0.0175354447694324,0.0001764783154725,,99.36316947765305,,,,,,,mask_ge_0.50_abs_b_gt_20deg,0.5,20.0,abs_b_gt_20deg
NILC,0.1949522672555794,0.1948639958540028,8.827140157666169e-05,19.22725905230754,19.218553243809303,0.008705808498238,0.980812731102074,0.9808302723304432,0.4964599609375,I_STOKES,K_CMB_to_uK,,,TMASK,COM_CMB_IQU-nilc_2048_R3.00_full.fits,,Mask ladder non-inpainted,mask_sky_fraction,cptg_cmb_mask_ladder,NILC | mask_ge_0.50_abs_b_gt_30deg | abs_b_gt_30deg,True,False,0.008705808498238,8.827140157666169e-05,,98.62547034193194,,,,,,,mask_ge_0.50_abs_b_gt_30deg,0.5,30.0,abs_b_gt_30deg
NILC,0.1911739072675113,0.191143948866794,2.9958400717317035e-05,18.774745979798244,18.771803834756238,0.0029421450420095,0.9815561813671556,0.981562015774657,0.3578033447265625,I_STOKES,K_CMB_to_uK,,,TMASK,COM_CMB_IQU-nilc_2048_R3.00_full.fits,,Mask ladder non-inpainted,mask_sky_fraction,cptg_cmb_mask_ladder,NILC | mask_ge_0.50_abs_b_gt_40deg | abs_b_gt_40deg,True,False,0.0029421450420095,2.9958400717317035e-05,,98.20768036888305,,,,,,,mask_ge_0.50_abs_b_gt_40deg,0.5,40.0,abs_b_gt_40deg
NILC,0.1835508955318454,0.1833001836696803,0.0002507118621651,18.409878304438504,18.384732282358005,0.0251460220804986,0.983010207856184,0.9830569885142272,0.7850456237792969,I_STOKES,K_CMB_to_uK,,,TMASK,COM_CMB_IQU-nilc_2048_R3.00_full.fits,,Mask ladder non-inpainted,mask_sky_fraction,cptg_cmb_mask_ladder,NILC | mask_ge_0.70_no_galactic_cut | no_galactic_cut,True,False,0.0251460220804986,0.0002507118621651,,100.29849351099708,,,,,,,mask_ge_0.70_no_galactic_cut,0.7,-1.0,no_galactic_cut
NILC,0.1862711114093865,0.1860508173108907,0.0002202940984958,18.622783569921797,18.600759278087285,0.0220242918345086,0.9824983832324162,0.9825401230371968,0.7688026428222656,I_STOKES,K_CMB_to_uK,,,TMASK,COM_CMB_IQU-nilc_2048_R3.00_full.fits,,Mask ladder non-inpainted,mask_sky_fraction,cptg_cmb_mask_ladder,NILC | mask_ge_0.70_abs_b_gt_10deg | abs_b_gt_10deg,True,False,0.0220242918345086,0.0002202940984958,,99.9767673527896,,,,,,,mask_ge_0.70_abs_b_gt_10deg,0.7,10.0,abs_b_gt_10deg
NILC,0.1921084588942563,0.1919328936757962,0.0001755652184601,19.08776528693666,19.070321246722056,0.0174440402146025,0.9813737004939932,0.9814080518954564,0.6440022786458334,I_STOKES,K_CMB_to_uK,,,TMASK,COM_CMB_IQU-nilc_2048_R3.00_full.fits,,Mask ladder non-inpainted,mask_sky_fraction,cptg_cmb_mask_ladder,NILC | mask_ge_0.70_abs_b_gt_20deg | abs_b_gt_20deg,True,False,0.0174440402146025,0.0001755652184601,,99.35931711077475,,,,,,,mask_ge_0.70_abs_b_gt_20deg,0.7,20.0,abs_b_gt_20deg
NILC,0.1949489252686086,0.1948611459046361,8.777936397255659e-05,19.225583955671336,19.216927280445734,0.0086566752255983,0.9808133953696871,0.9808308385326862,0.4963213602701823,I_STOKES,K_CMB_to_uK,,,TMASK,COM_CMB_IQU-nilc_2048_R3.00_full.fits,,Mask ladder non-inpainted,mask_sky_fraction,cptg_cmb_mask_ladder,NILC | mask_ge_0.70_abs_b_gt_30deg | abs_b_gt_30deg,True,False,0.0086566752255983,8.777936397255659e-05,,98.61856857729036,,,,,,,mask_ge_0.70_abs_b_gt_30deg,0.7,30.0,abs_b_gt_30deg
NILC,0.1911603762732202,0.191130604006844,2.9772266376182355e-05,18.77343638019857,18.770512511980677,0.002923868217902,0.9815588166498636,0.9815646143845952,0.3577855428059895,I_STOKES,K_CMB_to_uK,,,TMASK,COM_CMB_IQU-nilc_2048_R3.00_full.fits,,Mask ladder non-inpainted,mask_sky_fraction,cptg_cmb_mask_ladder,NILC | mask_ge_0.70_abs_b_gt_40deg | abs_b_gt_40deg,True,False,0.002923868217902,2.9772266376182355e-05,,98.20778105901104,,,,,,,mask_ge_0.70_abs_b_gt_40deg,0.7,40.0,abs_b_gt_40deg
NILC,0.1836016690654864,0.1833519369205347,0.0002497321449517,18.413908782847283,18.388862469484817,0.0250463133624663,0.9830007258981894,0.9830473372261828,0.7843360900878906,I_STOKES,K_CMB_to_uK,,,TMASK,COM_CMB_IQU-nilc_2048_R3.00_full.fits,,Mask ladder non-inpainted,mask_sky_fraction,cptg_cmb_mask_ladder,NILC | mask_ge_0.80_no_galactic_cut | no_galactic_cut,True,False,0.0250463133624663,0.0002497321449517,,100.29270908359484,,,,,,,mask_ge_0.80_no_galactic_cut,0.8,-1.0,no_galactic_cut
NILC,0.1862548606377614,0.1860349859907965,0.0002198746469648,18.62091479241912,18.59893272412771,0.0219820682914111,0.9825014640644604,0.9825431206758328,0.7682940165201823,I_STOKES,K_CMB_to_uK,,,TMASK,COM_CMB_IQU-nilc_2048_R3.00_full.fits,,Mask ladder non-inpainted,mask_sky_fraction,cptg_cmb_mask_ladder,NILC | mask_ge_0.80_abs_b_gt_10deg | abs_b_gt_10deg,True,False,0.0219820682914111,0.0002198746469648,,99.975456901681,,,,,,,mask_ge_0.80_abs_b_gt_10deg,0.8,10.0,abs_b_gt_10deg
NILC,0.1921284457786123,0.1919533072770322,0.00017513850158,19.08961869913518,19.072217177974935,0.0174015211602416,0.9813697877572424,0.9814040594094816,0.6437759399414062,I_STOKES,K_CMB_to_uK,,,TMASK,COM_CMB_IQU-nilc_2048_R3.00_full.fits,,Mask ladder non-inpainted,mask_sky_fraction,cptg_cmb_mask_ladder,NILC | mask_ge_0.80_abs_b_gt_20deg | abs_b_gt_20deg,True,False,0.0174015211602416,0.00017513850158,,99.3586276190042,,,,,,,mask_ge_0.80_abs_b_gt_20deg,0.8,20.0,abs_b_gt_20deg
NILC,0.1949311059541452,0.1948434099650851,8.769598906013809e-05,19.223779390716167,19.21513095906186,0.0086484316543078,0.9808169370129648,0.9808343619557676,0.496222178141276,I_STOKES,K_CMB_to_uK,,,TMASK,COM_CMB_IQU-nilc_2048_R3.00_full.fits,,Mask ladder non-inpainted,mask_sky_fraction,cptg_cmb_mask_ladder,NILC | mask_ge_0.80_abs_b_gt_30deg | abs_b_gt_30deg,True,False,0.0086484316543078,8.769598906013809e-05,,98.61832618565396,,,,,,,mask_ge_0.80_abs_b_gt_30deg,0.8,30.0,abs_b_gt_30deg
NILC,0.1911556181547904,0.1911259563170263,2.9661837764177745e-05,18.77312210426384,18.77020905725241,0.0029130470114289,0.9815597432901678,0.9815655193729568,0.3577728271484375,I_STOKES,K_CMB_to_uK,,,TMASK,COM_CMB_IQU-nilc_2048_R3.00_full.fits,,Mask ladder non-inpainted,mask_sky_fraction,cptg_cmb_mask_ladder,NILC | mask_ge_0.80_abs_b_gt_40deg | abs_b_gt_40deg,True,False,0.0029130470114289,2.9661837764177745e-05,,98.2085814975215,,,,,,,mask_ge_0.80_abs_b_gt_40deg,0.8,40.0,abs_b_gt_40deg
NILC,0.1836627738175104,0.1834140046296787,0.0002487691878317,18.419386591344104,18.394437736726235,0.0249488546178682,0.9829893109864716,0.9830357587116068,0.7835426330566406,I_STOKES,K_CMB_to_uK,,,TMASK,COM_CMB_IQU-nilc_2048_R3.00_full.fits,,Mask ladder non-inpainted,mask_sky_fraction,cptg_cmb_mask_ladder,NILC | mask_ge_0.90_no_galactic_cut | no_galactic_cut,True,False,0.0249488546178682,0.0002487691878317,,100.28916697972682,,,,,,,mask_ge_0.90_no_galactic_cut,0.9,-1.0,no_galactic_cut
NILC,0.1862604450577208,0.1860410738982018,0.0002193711595189,18.6216882934412,18.599756308086672,0.0219319853545236,0.9825004053978298,0.9825419679702256,0.7677357991536459,I_STOKES,K_CMB_to_uK,,,TMASK,COM_CMB_IQU-nilc_2048_R3.00_full.fits,,Mask ladder non-inpainted,mask_sky_fraction,cptg_cmb_mask_ladder,NILC | mask_ge_0.90_abs_b_gt_10deg | abs_b_gt_10deg,True,False,0.0219319853545236,0.0002193711595189,,99.97661225211002,,,,,,,mask_ge_0.90_abs_b_gt_10deg,0.9,10.0,abs_b_gt_10deg
NILC,0.1921561872558113,0.1919818753949891,0.0001743118608222,19.09264719768668,19.075327563546452,0.0173196341402217,0.981364356240489,0.9813984713253956,0.6435038248697916,I_STOKES,K_CMB_to_uK,,,TMASK,COM_CMB_IQU-nilc_2048_R3.00_full.fits,,Mask ladder non-inpainted,mask_sky_fraction,cptg_cmb_mask_ladder,NILC | mask_ge_0.90_abs_b_gt_20deg | abs_b_gt_20deg,True,False,0.0173196341402217,0.0001743118608222,,99.36004388070654,,,,,,,mask_ge_0.90_abs_b_gt_20deg,0.9,20.0,abs_b_gt_20deg
NILC,0.1949329970402578,0.1948454989507567,8.749808950117566e-05,19.224561827760237,19.21593264513356,0.0086291826266773,0.9808165611697748,0.9808339469750372,0.4961077372233073,I_STOKES,K_CMB_to_uK,,,TMASK,COM_CMB_IQU-nilc_2048_R3.00_full.fits,,Mask ladder non-inpainted,mask_sky_fraction,cptg_cmb_mask_ladder,NILC | mask_ge_0.90_abs_b_gt_30deg | abs_b_gt_30deg,True,False,0.0086291826266773,8.749808950117566e-05,,98.62138334532428,,,,,,,mask_ge_0.90_abs_b_gt_30deg,0.9,30.0,abs_b_gt_30deg
NILC,0.1911491718503362,0.1911196573298094,2.951452052676884e-05,18.772582677809798,18.769684084154267,0.0028985936555265,0.9815609986653556,0.9815667458620102,0.3577562967936198,I_STOKES,K_CMB_to_uK,,,TMASK,COM_CMB_IQU-nilc_2048_R3.00_full.fits,,Mask ladder non-inpainted,mask_sky_fraction,cptg_cmb_mask_ladder,NILC | mask_ge_0.90_abs_b_gt_40deg | abs_b_gt_40deg,True,False,0.0028985936555265,2.951452052676884e-05,,98.20907146021086,,,,,,,mask_ge_0.90_abs_b_gt_40deg,0.9,40.0,abs_b_gt_40deg
NILC,0.1836292552977733,0.1833816626050793,0.000247592692694,18.414705666629903,18.389876580688373,0.0248290859415334,0.9829955730311228,0.9830417925094525,0.7829602559407552,I_STOKES,K_CMB_to_uK,,,TMASK,COM_CMB_IQU-nilc_2048_R3.00_full.fits,,Mask ladder non-inpainted,mask_sky_fraction,cptg_cmb_mask_ladder,NILC | mask_ge_0.95_no_galactic_cut | no_galactic_cut,True,False,0.0248290859415334,0.000247592692694,,100.2819819574425,,,,,,,mask_ge_0.95_no_galactic_cut,0.95,-1.0,no_galactic_cut
NILC,0.1862572467313985,0.1860388662733582,0.0002183804580402,18.621060381123797,18.5992278040478,0.0218325770759939,0.9825010117246898,0.9825423859741236,0.7673136393229166,I_STOKES,K_CMB_to_uK,,,TMASK,COM_CMB_IQU-nilc_2048_R3.00_full.fits,,Mask ladder non-inpainted,mask_sky_fraction,cptg_cmb_mask_ladder,NILC | mask_ge_0.95_abs_b_gt_10deg | abs_b_gt_10deg,True,False,0.0218325770759939,0.0002183804580402,,99.974957795748,,,,,,,mask_ge_0.95_abs_b_gt_10deg,0.95,10.0,abs_b_gt_10deg
NILC,0.1921951981019663,0.19202169118045,0.0001735069215162,19.095724532005335,19.078485597784343,0.0172389342209946,0.9813567169111068,0.9813906816941966,0.6433054606119791,I_STOKES,K_CMB_to_uK,,,TMASK,COM_CMB_IQU-nilc_2048_R3.00_full.fits,,Mask ladder non-inpainted,mask_sky_fraction,cptg_cmb_mask_ladder,NILC | mask_ge_0.95_abs_b_gt_20deg | abs_b_gt_20deg,True,False,0.0172389342209946,0.0001735069215162,,99.35588776715632,,,,,,,mask_ge_0.95_abs_b_gt_20deg,0.95,20.0,abs_b_gt_20deg
NILC,0.1949495731146961,0.1948623703145456,8.72028001504821e-05,19.225567638462515,19.216967859013035,0.0085997794494794,0.9808132666019552,0.98083059527902,0.4960072835286458,I_STOKES,K_CMB_to_uK,,,TMASK,COM_CMB_IQU-nilc_2048_R3.00_full.fits,,Mask ladder non-inpainted,mask_sky_fraction,cptg_cmb_mask_ladder,NILC | mask_ge_0.95_abs_b_gt_30deg | abs_b_gt_30deg,True,False,0.0085997794494794,8.72028001504821e-05,,98.6181571536522,,,,,,,mask_ge_0.95_abs_b_gt_30deg,0.95,30.0,abs_b_gt_30deg
NILC,0.1911343557512447,0.1911049856257481,2.937012549664164e-05,18.77119923144502,18.76831480768466,0.00288442376036,0.9815638838361754,0.9815696024577076,0.3577435811360677,I_STOKES,K_CMB_to_uK,,,TMASK,COM_CMB_IQU-nilc_2048_R3.00_full.fits,,Mask ladder non-inpainted,mask_sky_fraction,cptg_cmb_mask_ladder,NILC | mask_ge_0.95_abs_b_gt_40deg | abs_b_gt_40deg,True,False,0.00288442376036,2.937012549664164e-05,,98.20944621737776,,,,,,,mask_ge_0.95_abs_b_gt_40deg,0.95,40.0,abs_b_gt_40deg
NILC,0.1837367845758635,0.1834905116536511,0.0002462729222124,18.423495356863608,18.398801292202712,0.0246940646608955,0.9829754798537566,0.9830214810130454,0.7820383707682291,I_STOKES,K_CMB_to_uK,,,TMASK,COM_CMB_IQU-nilc_2048_R3.00_full.fits,,Mask ladder non-inpainted,mask_sky_fraction,cptg_cmb_mask_ladder,NILC | mask_ge_0.99_no_galactic_cut | no_galactic_cut,True,False,0.0246940646608955,0.0002462729222124,,100.27113187700684,,,,,,,mask_ge_0.99_no_galactic_cut,0.99,-1.0,no_galactic_cut
NILC,0.1862965742520994,0.1860787504421334,0.0002178238099659,18.62418388783353,18.602407906668876,0.0217759811646622,0.9824935554098724,0.9825348332928936,0.7666524251302084,I_STOKES,K_CMB_to_uK,,,TMASK,COM_CMB_IQU-nilc_2048_R3.00_full.fits,,Mask ladder non-inpainted,mask_sky_fraction,cptg_cmb_mask_ladder,NILC | mask_ge_0.99_abs_b_gt_10deg | abs_b_gt_10deg,True,False,0.0217759811646622,0.0002178238099659,,99.97061922690536,,,,,,,mask_ge_0.99_abs_b_gt_10deg,0.99,10.0,abs_b_gt_10deg
NILC,0.1923180589593275,0.1921451047333592,0.0001729542259683,19.10731878989042,19.090135320228143,0.0171834696622745,0.9813326470662824,0.9813665261903968,0.6430040995279948,I_STOKES,K_CMB_to_uK,,,TMASK,COM_CMB_IQU-nilc_2048_R3.00_full.fits,,Mask ladder non-inpainted,mask_sky_fraction,cptg_cmb_mask_ladder,NILC | mask_ge_0.99_abs_b_gt_20deg | abs_b_gt_20deg,True,False,0.0171834696622745,0.0001729542259683,,99.3527019422099,,,,,,,mask_ge_0.99_abs_b_gt_20deg,0.99,20.0,abs_b_gt_20deg
NILC,0.1949819185511606,0.1948950562839424,8.686226721818513e-05,19.228299148664867,19.219733156129696,0.0085659925351713,0.9808068369654184,0.9808241009661616,0.4958890279134114,I_STOKES,K_CMB_to_uK,,,TMASK,COM_CMB_IQU-nilc_2048_R3.00_full.fits,,Mask ladder non-inpainted,mask_sky_fraction,cptg_cmb_mask_ladder,NILC | mask_ge_0.99_abs_b_gt_30deg | abs_b_gt_30deg,True,False,0.0085659925351713,8.686226721818513e-05,,98.61580648884434,,,,,,,mask_ge_0.99_abs_b_gt_30deg,0.99,30.0,abs_b_gt_30deg
NILC,0.1911337349595131,0.1911045511551038,2.918380440927737e-05,18.771347718557656,18.768481561306903,0.0028661572507502,0.9815640047192168,0.981569687046114,0.3577206929524739,I_STOKES,K_CMB_to_uK,,,TMASK,COM_CMB_IQU-nilc_2048_R3.00_full.fits,,Mask ladder non-inpainted,mask_sky_fraction,cptg_cmb_mask_ladder,NILC | mask_ge_0.99_abs_b_gt_40deg | abs_b_gt_40deg,True,False,0.0028661572507502,2.918380440927737e-05,,98.21054207167508,,,,,,,mask_ge_0.99_abs_b_gt_40deg,0.99,40.0,abs_b_gt_40deg
SEVEM,0.1825220535343785,0.1823117507409117,0.0002103027934667,18.348701596299374,18.32756013351465,0.0211414627847297,0.9832017595456152,0.9832407769929924,0.8378855387369791,I_STOKES,K_CMB_to_uK,,,TMASK,COM_CMB_IQU-sevem_2048_R3.00_full.fits,,Mask ladder non-inpainted,mask_sky_fraction,cptg_cmb_mask_ladder,SEVEM | mask_ge_0.50_no_galactic_cut | no_galactic_cut,True,False,0.0211414627847297,0.0002103027934667,,100.5286826495372,,,,,,,mask_ge_0.50_no_galactic_cut,0.5,-1.0,no_galactic_cut
SEVEM,0.1864706779445069,0.18629092578805,0.0001797521564568,18.6656561368504,18.64766300259859,0.0179931342518067,0.982460526569346,0.9824946264326492,0.7909393310546875,I_STOKES,K_CMB_to_uK,,,TMASK,COM_CMB_IQU-sevem_2048_R3.00_full.fits,,Mask ladder non-inpainted,mask_sky_fraction,cptg_cmb_mask_ladder,SEVEM | mask_ge_0.50_abs_b_gt_10deg | abs_b_gt_10deg,True,False,0.0179931342518067,0.0001797521564568,,100.09968506901252,,,,,,,mask_ge_0.50_abs_b_gt_10deg,0.5,10.0,abs_b_gt_10deg
SEVEM,0.1937702406304512,0.1936142894901293,0.0001559511403219,19.274418902010023,19.258906367179947,0.0155125348300764,0.9810469376365316,0.981077727249596,0.6464653015136719,I_STOKES,K_CMB_to_uK,,,TMASK,COM_CMB_IQU-sevem_2048_R3.00_full.fits,,Mask ladder non-inpainted,mask_sky_fraction,cptg_cmb_mask_ladder,SEVEM | mask_ge_0.50_abs_b_gt_20deg | abs_b_gt_20deg,True,False,0.0155125348300764,0.0001559511403219,,99.47048029304568,,,,,,,mask_ge_0.50_abs_b_gt_20deg,0.5,20.0,abs_b_gt_20deg
SEVEM,0.1961142911888357,0.1960460776016394,6.821358719627524e-05,19.36780033748668,19.361063719114235,0.0067366183724431,0.9805810444789866,0.9805946845955326,0.4966697692871094,I_STOKES,K_CMB_to_uK,,,TMASK,COM_CMB_IQU-sevem_2048_R3.00_full.fits,,Mask ladder non-inpainted,mask_sky_fraction,cptg_cmb_mask_ladder,SEVEM | mask_ge_0.50_abs_b_gt_30deg | abs_b_gt_30deg,True,False,0.0067366183724431,6.821358719627524e-05,,98.75772040925716,,,,,,,mask_ge_0.50_abs_b_gt_30deg,0.5,30.0,abs_b_gt_30deg
SEVEM,0.1926864282406864,0.1926644873592613,2.1940881425042136e-05,18.94739574854945,18.94523824027433,0.0021575082751184,0.9812603835740272,0.9812646917680232,0.3572133382161458,I_STOKES,K_CMB_to_uK,,,TMASK,COM_CMB_IQU-sevem_2048_R3.00_full.fits,,Mask ladder non-inpainted,mask_sky_fraction,cptg_cmb_mask_ladder,SEVEM | mask_ge_0.50_abs_b_gt_40deg | abs_b_gt_40deg,True,False,0.0021575082751184,2.1940881425042136e-05,,98.33279863842866,,,,,,,mask_ge_0.50_abs_b_gt_40deg,0.5,40.0,abs_b_gt_40deg
SEVEM,0.1825228098143418,0.1823125230211957,0.0002102867931461,18.34879750188573,18.327657624690744,0.0211398771949866,0.9832016191491336,0.9832406337970608,0.8378829956054688,I_STOKES,K_CMB_to_uK,,,TMASK,COM_CMB_IQU-sevem_2048_R3.00_full.fits,,Mask ladder non-inpainted,mask_sky_fraction,cptg_cmb_mask_ladder,SEVEM | mask_ge_0.70_no_galactic_cut | no_galactic_cut,True,False,0.0211398771949866,0.0002102867931461,,100.52879155514712,,,,,,,mask_ge_0.70_no_galactic_cut,0.7,-1.0,no_galactic_cut
SEVEM,0.1864706779445069,0.18629092578805,0.0001797521564568,18.6656561368504,18.64766300259859,0.0179931342518067,0.982460526569346,0.9824946264326492,0.7909393310546875,I_STOKES,K_CMB_to_uK,,,TMASK,COM_CMB_IQU-sevem_2048_R3.00_full.fits,,Mask ladder non-inpainted,mask_sky_fraction,cptg_cmb_mask_ladder,SEVEM | mask_ge_0.70_abs_b_gt_10deg | abs_b_gt_10deg,True,False,0.0179931342518067,0.0001797521564568,,100.09968506901252,,,,,,,mask_ge_0.70_abs_b_gt_10deg,0.7,10.0,abs_b_gt_10deg
SEVEM,0.1937702406304512,0.1936142894901293,0.0001559511403219,19.274418902010023,19.258906367179947,0.0155125348300764,0.9810469376365316,0.981077727249596,0.6464653015136719,I_STOKES,K_CMB_to_uK,,,TMASK,COM_CMB_IQU-sevem_2048_R3.00_full.fits,,Mask ladder non-inpainted,mask_sky_fraction,cptg_cmb_mask_ladder,SEVEM | mask_ge_0.70_abs_b_gt_20deg | abs_b_gt_20deg,True,False,0.0155125348300764,0.0001559511403219,,99.47048029304568,,,,,,,mask_ge_0.70_abs_b_gt_20deg,0.7,20.0,abs_b_gt_20deg
SEVEM,0.1961142911888357,0.1960460776016394,6.821358719627524e-05,19.36780033748668,19.361063719114235,0.0067366183724431,0.9805810444789866,0.9805946845955326,0.4966697692871094,I_STOKES,K_CMB_to_uK,,,TMASK,COM_CMB_IQU-sevem_2048_R3.00_full.fits,,Mask ladder non-inpainted,mask_sky_fraction,cptg_cmb_mask_ladder,SEVEM | mask_ge_0.70_abs_b_gt_30deg | abs_b_gt_30deg,True,False,0.0067366183724431,6.821358719627524e-05,,98.75772040925716,,,,,,,mask_ge_0.70_abs_b_gt_30deg,0.7,30.0,abs_b_gt_30deg
SEVEM,0.1926864282406864,0.1926644873592613,2.1940881425042136e-05,18.94739574854945,18.94523824027433,0.0021575082751184,0.9812603835740272,0.9812646917680232,0.3572133382161458,I_STOKES,K_CMB_to_uK,,,TMASK,COM_CMB_IQU-sevem_2048_R3.00_full.fits,,Mask ladder non-inpainted,mask_sky_fraction,cptg_cmb_mask_ladder,SEVEM | mask_ge_0.70_abs_b_gt_40deg | abs_b_gt_40deg,True,False,0.0021575082751184,2.1940881425042136e-05,,98.33279863842866,,,,,,,mask_ge_0.70_abs_b_gt_40deg,0.7,40.0,abs_b_gt_40deg
SEVEM,0.1825228098143418,0.1823125230211957,0.0002102867931461,18.34879750188573,18.327657624690744,0.0211398771949866,0.9832016191491336,0.9832406337970608,0.8378829956054688,I_STOKES,K_CMB_to_uK,,,TMASK,COM_CMB_IQU-sevem_2048_R3.00_full.fits,,Mask ladder non-inpainted,mask_sky_fraction,cptg_cmb_mask_ladder,SEVEM | mask_ge_0.80_no_galactic_cut | no_galactic_cut,True,False,0.0211398771949866,0.0002102867931461,,100.52879155514712,,,,,,,mask_ge_0.80_no_galactic_cut,0.8,-1.0,no_galactic_cut
SEVEM,0.1864706779445069,0.18629092578805,0.0001797521564568,18.6656561368504,18.64766300259859,0.0179931342518067,0.982460526569346,0.9824946264326492,0.7909393310546875,I_STOKES,K_CMB_to_uK,,,TMASK,COM_CMB_IQU-sevem_2048_R3.00_full.fits,,Mask ladder non-inpainted,mask_sky_fraction,cptg_cmb_mask_ladder,SEVEM | mask_ge_0.80_abs_b_gt_10deg | abs_b_gt_10deg,True,False,0.0179931342518067,0.0001797521564568,,100.09968506901252,,,,,,,mask_ge_0.80_abs_b_gt_10deg,0.8,10.0,abs_b_gt_10deg
SEVEM,0.1937702406304512,0.1936142894901293,0.0001559511403219,19.274418902010023,19.258906367179947,0.0155125348300764,0.9810469376365316,0.981077727249596,0.6464653015136719,I_STOKES,K_CMB_to_uK,,,TMASK,COM_CMB_IQU-sevem_2048_R3.00_full.fits,,Mask ladder non-inpainted,mask_sky_fraction,cptg_cmb_mask_ladder,SEVEM | mask_ge_0.80_abs_b_gt_20deg | abs_b_gt_20deg,True,False,0.0155125348300764,0.0001559511403219,,99.47048029304568,,,,,,,mask_ge_0.80_abs_b_gt_20deg,0.8,20.0,abs_b_gt_20deg
SEVEM,0.1961142911888357,0.1960460776016394,6.821358719627524e-05,19.36780033748668,19.361063719114235,0.0067366183724431,0.9805810444789866,0.9805946845955326,0.4966697692871094,I_STOKES,K_CMB_to_uK,,,TMASK,COM_CMB_IQU-sevem_2048_R3.00_full.fits,,Mask ladder non-inpainted,mask_sky_fraction,cptg_cmb_mask_ladder,SEVEM | mask_ge_0.80_abs_b_gt_30deg | abs_b_gt_30deg,True,False,0.0067366183724431,6.821358719627524e-05,,98.75772040925716,,,,,,,mask_ge_0.80_abs_b_gt_30deg,0.8,30.0,abs_b_gt_30deg
SEVEM,0.1926864282406864,0.1926644873592613,2.1940881425042136e-05,18.94739574854945,18.94523824027433,0.0021575082751184,0.9812603835740272,0.9812646917680232,0.3572133382161458,I_STOKES,K_CMB_to_uK,,,TMASK,COM_CMB_IQU-sevem_2048_R3.00_full.fits,,Mask ladder non-inpainted,mask_sky_fraction,cptg_cmb_mask_ladder,SEVEM | mask_ge_0.80_abs_b_gt_40deg | abs_b_gt_40deg,True,False,0.0021575082751184,2.1940881425042136e-05,,98.33279863842866,,,,,,,mask_ge_0.80_abs_b_gt_40deg,0.8,40.0,abs_b_gt_40deg
SEVEM,0.1825212830117477,0.1823110286318246,0.0002102543799231,18.348640285479544,18.32750367104205,0.0211366144374949,0.9832019025854992,0.9832409108856316,0.8378804524739584,I_STOKES,K_CMB_to_uK,,,TMASK,COM_CMB_IQU-sevem_2048_R3.00_full.fits,,Mask ladder non-inpainted,mask_sky_fraction,cptg_cmb_mask_ladder,SEVEM | mask_ge_0.90_no_galactic_cut | no_galactic_cut,True,False,0.0211366144374949,0.0002102543799231,,100.52877112582294,,,,,,,mask_ge_0.90_no_galactic_cut,0.9,-1.0,no_galactic_cut
SEVEM,0.1864706779445069,0.18629092578805,0.0001797521564568,18.6656561368504,18.64766300259859,0.0179931342518067,0.982460526569346,0.9824946264326492,0.7909393310546875,I_STOKES,K_CMB_to_uK,,,TMASK,COM_CMB_IQU-sevem_2048_R3.00_full.fits,,Mask ladder non-inpainted,mask_sky_fraction,cptg_cmb_mask_ladder,SEVEM | mask_ge_0.90_abs_b_gt_10deg | abs_b_gt_10deg,True,False,0.0179931342518067,0.0001797521564568,,100.09968506901252,,,,,,,mask_ge_0.90_abs_b_gt_10deg,0.9,10.0,abs_b_gt_10deg
SEVEM,0.1937702406304512,0.1936142894901293,0.0001559511403219,19.274418902010023,19.258906367179947,0.0155125348300764,0.9810469376365316,0.981077727249596,0.6464653015136719,I_STOKES,K_CMB_to_uK,,,TMASK,COM_CMB_IQU-sevem_2048_R3.00_full.fits,,Mask ladder non-inpainted,mask_sky_fraction,cptg_cmb_mask_ladder,SEVEM | mask_ge_0.90_abs_b_gt_20deg | abs_b_gt_20deg,True,False,0.0155125348300764,0.0001559511403219,,99.47048029304568,,,,,,,mask_ge_0.90_abs_b_gt_20deg,0.9,20.0,abs_b_gt_20deg
SEVEM,0.1961142911888357,0.1960460776016394,6.821358719627524e-05,19.36780033748668,19.361063719114235,0.0067366183724431,0.9805810444789866,0.9805946845955326,0.4966697692871094,I_STOKES,K_CMB_to_uK,,,TMASK,COM_CMB_IQU-sevem_2048_R3.00_full.fits,,Mask ladder non-inpainted,mask_sky_fraction,cptg_cmb_mask_ladder,SEVEM | mask_ge_0.90_abs_b_gt_30deg | abs_b_gt_30deg,True,False,0.0067366183724431,6.821358719627524e-05,,98.75772040925716,,,,,,,mask_ge_0.90_abs_b_gt_30deg,0.9,30.0,abs_b_gt_30deg
SEVEM,0.1926864282406864,0.1926644873592613,2.1940881425042136e-05,18.94739574854945,18.94523824027433,0.0021575082751184,0.9812603835740272,0.9812646917680232,0.3572133382161458,I_STOKES,K_CMB_to_uK,,,TMASK,COM_CMB_IQU-sevem_2048_R3.00_full.fits,,Mask ladder non-inpainted,mask_sky_fraction,cptg_cmb_mask_ladder,SEVEM | mask_ge_0.90_abs_b_gt_40deg | abs_b_gt_40deg,True,False,0.0021575082751184,2.1940881425042136e-05,,98.33279863842866,,,,,,,mask_ge_0.90_abs_b_gt_40deg,0.9,40.0,abs_b_gt_40deg
SEVEM,0.1825212830117477,0.1823110286318246,0.0002102543799231,18.348640285479544,18.32750367104205,0.0211366144374949,0.9832019025854992,0.9832409108856316,0.8378804524739584,I_STOKES,K_CMB_to_uK,,,TMASK,COM_CMB_IQU-sevem_2048_R3.00_full.fits,,Mask ladder non-inpainted,mask_sky_fraction,cptg_cmb_mask_ladder,SEVEM | mask_ge_0.95_no_galactic_cut | no_galactic_cut,True,False,0.0211366144374949,0.0002102543799231,,100.52877112582294,,,,,,,mask_ge_0.95_no_galactic_cut,0.95,-1.0,no_galactic_cut
SEVEM,0.1864706779445069,0.18629092578805,0.0001797521564568,18.6656561368504,18.64766300259859,0.0179931342518067,0.982460526569346,0.9824946264326492,0.7909393310546875,I_STOKES,K_CMB_to_uK,,,TMASK,COM_CMB_IQU-sevem_2048_R3.00_full.fits,,Mask ladder non-inpainted,mask_sky_fraction,cptg_cmb_mask_ladder,SEVEM | mask_ge_0.95_abs_b_gt_10deg | abs_b_gt_10deg,True,False,0.0179931342518067,0.0001797521564568,,100.09968506901252,,,,,,,mask_ge_0.95_abs_b_gt_10deg,0.95,10.0,abs_b_gt_10deg
SEVEM,0.1937702406304512,0.1936142894901293,0.0001559511403219,19.274418902010023,19.258906367179947,0.0155125348300764,0.9810469376365316,0.981077727249596,0.6464653015136719,I_STOKES,K_CMB_to_uK,,,TMASK,COM_CMB_IQU-sevem_2048_R3.00_full.fits,,Mask ladder non-inpainted,mask_sky_fraction,cptg_cmb_mask_ladder,SEVEM | mask_ge_0.95_abs_b_gt_20deg | abs_b_gt_20deg,True,False,0.0155125348300764,0.0001559511403219,,99.47048029304568,,,,,,,mask_ge_0.95_abs_b_gt_20deg,0.95,20.0,abs_b_gt_20deg
SEVEM,0.1961142911888357,0.1960460776016394,6.821358719627524e-05,19.36780033748668,19.361063719114235,0.0067366183724431,0.9805810444789866,0.9805946845955326,0.4966697692871094,I_STOKES,K_CMB_to_uK,,,TMASK,COM_CMB_IQU-sevem_2048_R3.00_full.fits,,Mask ladder non-inpainted,mask_sky_fraction,cptg_cmb_mask_ladder,SEVEM | mask_ge_0.95_abs_b_gt_30deg | abs_b_gt_30deg,True,False,0.0067366183724431,6.821358719627524e-05,,98.75772040925716,,,,,,,mask_ge_0.95_abs_b_gt_30deg,0.95,30.0,abs_b_gt_30deg
SEVEM,0.1926864282406864,0.1926644873592613,2.1940881425042136e-05,18.94739574854945,18.94523824027433,0.0021575082751184,0.9812603835740272,0.9812646917680232,0.3572133382161458,I_STOKES,K_CMB_to_uK,,,TMASK,COM_CMB_IQU-sevem_2048_R3.00_full.fits,,Mask ladder non-inpainted,mask_sky_fraction,cptg_cmb_mask_ladder,SEVEM | mask_ge_0.95_abs_b_gt_40deg | abs_b_gt_40deg,True,False,0.0021575082751184,2.1940881425042136e-05,,98.33279863842866,,,,,,,mask_ge_0.95_abs_b_gt_40deg,0.95,40.0,abs_b_gt_40deg
SEVEM,0.1825141356225831,0.1823039527831837,0.0002101828393994,18.347829389862127,18.32670007368712,0.0211293161750099,0.9832032293976364,0.9832422228523482,0.8378740946451823,I_STOKES,K_CMB_to_uK,,,TMASK,COM_CMB_IQU-sevem_2048_R3.00_full.fits,,Mask ladder non-inpainted,mask_sky_fraction,cptg_cmb_mask_ladder,SEVEM | mask_ge_0.99_no_galactic_cut | no_galactic_cut,True,False,0.0211293161750099,0.0002101828393994,,100.52826498766753,,,,,,,mask_ge_0.99_no_galactic_cut,0.99,-1.0,no_galactic_cut
SEVEM,0.1864706779445069,0.18629092578805,0.0001797521564568,18.6656561368504,18.64766300259859,0.0179931342518067,0.982460526569346,0.9824946264326492,0.7909393310546875,I_STOKES,K_CMB_to_uK,,,TMASK,COM_CMB_IQU-sevem_2048_R3.00_full.fits,,Mask ladder non-inpainted,mask_sky_fraction,cptg_cmb_mask_ladder,SEVEM | mask_ge_0.99_abs_b_gt_10deg | abs_b_gt_10deg,True,False,0.0179931342518067,0.0001797521564568,,100.09968506901252,,,,,,,mask_ge_0.99_abs_b_gt_10deg,0.99,10.0,abs_b_gt_10deg
SEVEM,0.1937702406304512,0.1936142894901293,0.0001559511403219,19.274418902010023,19.258906367179947,0.0155125348300764,0.9810469376365316,0.981077727249596,0.6464653015136719,I_STOKES,K_CMB_to_uK,,,TMASK,COM_CMB_IQU-sevem_2048_R3.00_full.fits,,Mask ladder non-inpainted,mask_sky_fraction,cptg_cmb_mask_ladder,SEVEM | mask_ge_0.99_abs_b_gt_20deg | abs_b_gt_20deg,True,False,0.0155125348300764,0.0001559511403219,,99.47048029304568,,,,,,,mask_ge_0.99_abs_b_gt_20deg,0.99,20.0,abs_b_gt_20deg
SEVEM,0.1961142911888357,0.1960460776016394,6.821358719627524e-05,19.36780033748668,19.361063719114235,0.0067366183724431,0.9805810444789866,0.9805946845955326,0.4966697692871094,I_STOKES,K_CMB_to_uK,,,TMASK,COM_CMB_IQU-sevem_2048_R3.00_full.fits,,Mask ladder non-inpainted,mask_sky_fraction,cptg_cmb_mask_ladder,SEVEM | mask_ge_0.99_abs_b_gt_30deg | abs_b_gt_30deg,True,False,0.0067366183724431,6.821358719627524e-05,,98.75772040925716,,,,,,,mask_ge_0.99_abs_b_gt_30deg,0.99,30.0,abs_b_gt_30deg
SEVEM,0.1926864282406864,0.1926644873592613,2.1940881425042136e-05,18.94739574854945,18.94523824027433,0.0021575082751184,0.9812603835740272,0.9812646917680232,0.3572133382161458,I_STOKES,K_CMB_to_uK,,,TMASK,COM_CMB_IQU-sevem_2048_R3.00_full.fits,,Mask ladder non-inpainted,mask_sky_fraction,cptg_cmb_mask_ladder,SEVEM | mask_ge_0.99_abs_b_gt_40deg | abs_b_gt_40deg,True,False,0.0021575082751184,2.1940881425042136e-05,,98.33279863842866,,,,,,,mask_ge_0.99_abs_b_gt_40deg,0.99,40.0,abs_b_gt_40deg
COMMANDER,0.1801047275776984,0.1798676443311712,0.0002370832465271,18.1696936170387,18.145775699896443,0.0239179171422563,0.983647440450166,0.9836908205949444,0.8879966735839844,I_STOKES,K_CMB_to_uK,,,TMASK,COM_CMB_IQU-commander_2048_R3.00_full.fits,,Mask ladder non-inpainted,mask_sky_fraction,cptg_cmb_mask_ladder,COMMANDER | mask_ge_0.50_no_galactic_cut | no_galactic_cut,True,False,0.0239179171422563,0.0002370832465271,,100.88404597375252,,,,,,,mask_ge_0.50_no_galactic_cut,0.5,-1.0,no_galactic_cut
COMMANDER,0.1852315669756681,0.1850546421321166,0.0001769248435515,18.56123850689842,18.54350964851551,0.0177288583829096,0.9826949000558306,0.9827282327405448,0.8131891886393229,I_STOKES,K_CMB_to_uK,,,TMASK,COM_CMB_IQU-commander_2048_R3.00_full.fits,,Mask ladder non-inpainted,mask_sky_fraction,cptg_cmb_mask_ladder,COMMANDER | mask_ge_0.50_abs_b_gt_10deg | abs_b_gt_10deg,True,False,0.0177288583829096,0.0001769248435515,,100.20559027790662,,,,,,,mask_ge_0.50_abs_b_gt_10deg,0.5,10.0,abs_b_gt_10deg
COMMANDER,0.192821805677166,0.1926600879426306,0.0001617177345354,19.19410714187896,19.178009234733477,0.016097907145486,0.9812337903147226,0.9812655555525924,0.6550153096516927,I_STOKES,K_CMB_to_uK,,,TMASK,COM_CMB_IQU-commander_2048_R3.00_full.fits,,Mask ladder non-inpainted,mask_sky_fraction,cptg_cmb_mask_ladder,COMMANDER | mask_ge_0.50_abs_b_gt_20deg | abs_b_gt_20deg,True,False,0.016097907145486,0.0001617177345354,,99.54323928495356,,,,,,,mask_ge_0.50_abs_b_gt_20deg,0.5,20.0,abs_b_gt_20deg
COMMANDER,0.1961624157358292,0.196080239090655,8.217664517420897e-05,19.400568083237157,19.39244076897273,0.0081273142644278,0.9805714184355384,0.980587854217128,0.4991658528645833,I_STOKES,K_CMB_to_uK,,,TMASK,COM_CMB_IQU-commander_2048_R3.00_full.fits,,Mask ladder non-inpainted,mask_sky_fraction,cptg_cmb_mask_ladder,COMMANDER | mask_ge_0.50_abs_b_gt_30deg | abs_b_gt_30deg,True,False,0.0081273142644278,8.217664517420897e-05,,98.90053612188272,,,,,,,mask_ge_0.50_abs_b_gt_30deg,0.5,30.0,abs_b_gt_30deg
COMMANDER,0.1921674535576445,0.1921422525979428,2.5200959701626724e-05,18.91371987588882,18.911239518869063,0.0024803570197562,0.9813621501735076,0.9813670846154298,0.3576583862304687,I_STOKES,K_CMB_to_uK,,,TMASK,COM_CMB_IQU-commander_2048_R3.00_full.fits,,Mask ladder non-inpainted,mask_sky_fraction,cptg_cmb_mask_ladder,COMMANDER | mask_ge_0.50_abs_b_gt_40deg | abs_b_gt_40deg,True,False,0.0024803570197562,2.5200959701626724e-05,,98.42311757654252,,,,,,,mask_ge_0.50_abs_b_gt_40deg,0.5,40.0,abs_b_gt_40deg
COMMANDER,0.1800196295815387,0.1797855946380629,0.0002340349434758,18.15931492158083,18.13570686144255,0.0236080601382795,0.9836630179920997,0.9837058198265568,0.8855260213216146,I_STOKES,K_CMB_to_uK,,,TMASK,COM_CMB_IQU-commander_2048_R3.00_full.fits,,Mask ladder non-inpainted,mask_sky_fraction,cptg_cmb_mask_ladder,COMMANDER | mask_ge_0.70_no_galactic_cut | no_galactic_cut,True,False,0.0236080601382795,0.0002340349434758,,100.87408225310055,,,,,,,mask_ge_0.70_no_galactic_cut,0.7,-1.0,no_galactic_cut
COMMANDER,0.1852443597045236,0.1850686107900314,0.0001757489144922,18.561865645360925,18.54425524284542,0.0176104025155048,0.9826924886238124,0.9827256022411586,0.812066396077474,I_STOKES,K_CMB_to_uK,,,TMASK,COM_CMB_IQU-commander_2048_R3.00_full.fits,,Mask ladder non-inpainted,mask_sky_fraction,cptg_cmb_mask_ladder,COMMANDER | mask_ge_0.70_abs_b_gt_10deg | abs_b_gt_10deg,True,False,0.0176104025155048,0.0001757489144922,,100.20205567914869,,,,,,,mask_ge_0.70_abs_b_gt_10deg,0.7,10.0,abs_b_gt_10deg
COMMANDER,0.1928125469181608,0.1926521060027997,0.000160440915361,19.19318004320456,19.177209239312173,0.0159708038923866,0.9812356097038736,0.98126712268,0.6547228495279948,I_STOKES,K_CMB_to_uK,,,TMASK,COM_CMB_IQU-commander_2048_R3.00_full.fits,,Mask ladder non-inpainted,mask_sky_fraction,cptg_cmb_mask_ladder,COMMANDER | mask_ge_0.70_abs_b_gt_20deg | abs_b_gt_20deg,True,False,0.0159708038923866,0.000160440915361,,99.5432110097643,,,,,,,mask_ge_0.70_abs_b_gt_20deg,0.7,20.0,abs_b_gt_20deg
COMMANDER,0.1961389730977797,0.196057843454962,8.112964281770108e-05,19.39750939503114,19.38948593603206,0.0080234589990801,0.980576107822411,0.9805923322256755,0.4990832010904948,I_STOKES,K_CMB_to_uK,,,TMASK,COM_CMB_IQU-commander_2048_R3.00_full.fits,,Mask ladder non-inpainted,mask_sky_fraction,cptg_cmb_mask_ladder,COMMANDER | mask_ge_0.70_abs_b_gt_30deg | abs_b_gt_30deg,True,False,0.0080234589990801,8.112964281770108e-05,,98.89676227355918,,,,,,,mask_ge_0.70_abs_b_gt_30deg,0.7,30.0,abs_b_gt_30deg
COMMANDER,0.192156330813059,0.1921313569108549,2.497390220407292e-05,18.9129737889456,18.91051573432,0.002458054625599,0.981364328131231,0.9813692178235438,0.3576342264811198,I_STOKES,K_CMB_to_uK,,,TMASK,COM_CMB_IQU-commander_2048_R3.00_full.fits,,Mask ladder non-inpainted,mask_sky_fraction,cptg_cmb_mask_ladder,COMMANDER | mask_ge_0.70_abs_b_gt_40deg | abs_b_gt_40deg,True,False,0.002458054625599,2.497390220407292e-05,,98.4249319755447,,,,,,,mask_ge_0.70_abs_b_gt_40deg,0.7,40.0,abs_b_gt_40deg
COMMANDER,0.1799227397964084,0.1796896069324314,0.0002331328639769,18.146173573046628,18.12266087298384,0.0235127000627883,0.9836807448070506,0.9837233580435448,0.884131113688151,I_STOKES,K_CMB_to_uK,,,TMASK,COM_CMB_IQU-commander_2048_R3.00_full.fits,,Mask ladder non-inpainted,mask_sky_fraction,cptg_cmb_mask_ladder,COMMANDER | mask_ge_0.80_no_galactic_cut | no_galactic_cut,True,False,0.0235127000627883,0.0002331328639769,,100.85536488372692,,,,,,,mask_ge_0.80_no_galactic_cut,0.8,-1.0,no_galactic_cut
COMMANDER,0.1851879953223573,0.1850119765652344,0.0001760187571229,18.55338241281453,18.53574766652849,0.017634746286042,0.9827031120274762,0.98273626600804,0.811407725016276,I_STOKES,K_CMB_to_uK,,,TMASK,COM_CMB_IQU-commander_2048_R3.00_full.fits,,Mask ladder non-inpainted,mask_sky_fraction,cptg_cmb_mask_ladder,COMMANDER | mask_ge_0.80_abs_b_gt_10deg | abs_b_gt_10deg,True,False,0.017634746286042,0.0001760187571229,,100.18674472132275,,,,,,,mask_ge_0.80_abs_b_gt_10deg,0.8,10.0,abs_b_gt_10deg
COMMANDER,0.1927947661599249,0.1926347187379445,0.0001600474219803,19.19154438869455,19.175612642909066,0.0159317457854868,0.9812391034510092,0.9812705361605192,0.6545422871907552,I_STOKES,K_CMB_to_uK,,,TMASK,COM_CMB_IQU-commander_2048_R3.00_full.fits,,Mask ladder non-inpainted,mask_sky_fraction,cptg_cmb_mask_ladder,COMMANDER | mask_ge_0.80_abs_b_gt_20deg | abs_b_gt_20deg,True,False,0.0159317457854868,0.0001600474219803,,99.5439076015943,,,,,,,mask_ge_0.80_abs_b_gt_20deg,0.8,20.0,abs_b_gt_20deg
COMMANDER,0.1960766379252734,0.1959961278906241,8.051003464931705e-05,19.39102990285701,19.38306785033569,0.0079620525213215,0.9805885743062284,0.9806046695034052,0.4990374247233073,I_STOKES,K_CMB_to_uK,,,TMASK,COM_CMB_IQU-commander_2048_R3.00_full.fits,,Mask ladder non-inpainted,mask_sky_fraction,cptg_cmb_mask_ladder,COMMANDER | mask_ge_0.80_abs_b_gt_30deg | abs_b_gt_30deg,True,False,0.0079620525213215,8.051003464931705e-05,,98.8951570571457,,,,,,,mask_ge_0.80_abs_b_gt_30deg,0.8,30.0,abs_b_gt_30deg
COMMANDER,0.1921086295290795,0.1920838728336293,2.4756695450212085e-05,18.908225783371535,18.90578911413721,0.0024366692343278,0.9813736670914184,0.9813785130097532,0.357617696126302,I_STOKES,K_CMB_to_uK,,,TMASK,COM_CMB_IQU-commander_2048_R3.00_full.fits,,Mask ladder non-inpainted,mask_sky_fraction,cptg_cmb_mask_ladder,COMMANDER | mask_ge_0.80_abs_b_gt_40deg | abs_b_gt_40deg,True,False,0.0024366692343278,2.4756695450212085e-05,,98.42465603820987,,,,,,,mask_ge_0.80_abs_b_gt_40deg,0.8,40.0,abs_b_gt_40deg
COMMANDER,0.1798314000597144,0.1795992233955788,0.0002321766641356,18.13493966908664,18.111526017214544,0.0234136518720973,0.9836974471617596,0.9837398634576648,0.882696787516276,I_STOKES,K_CMB_to_uK,,,TMASK,COM_CMB_IQU-commander_2048_R3.00_full.fits,,Mask ladder non-inpainted,mask_sky_fraction,cptg_cmb_mask_ladder,COMMANDER | mask_ge_0.90_no_galactic_cut | no_galactic_cut,True,False,0.0234136518720973,0.0002321766641356,,100.8441221225258,,,,,,,mask_ge_0.90_no_galactic_cut,0.9,-1.0,no_galactic_cut
COMMANDER,0.1851363818175167,0.1849605034999619,0.0001758783175548,18.54725335479425,18.529633588850466,0.0176197659437882,0.9827128370625464,0.9827459550387578,0.810675303141276,I_STOKES,K_CMB_to_uK,,,TMASK,COM_CMB_IQU-commander_2048_R3.00_full.fits,,Mask ladder non-inpainted,mask_sky_fraction,cptg_cmb_mask_ladder,COMMANDER | mask_ge_0.90_abs_b_gt_10deg | abs_b_gt_10deg,True,False,0.0176197659437882,0.0001758783175548,,100.1815697850016,,,,,,,mask_ge_0.90_abs_b_gt_10deg,0.9,10.0,abs_b_gt_10deg
COMMANDER,0.1927551304114074,0.1925955354972,0.0001595949142074,19.18630816200018,19.170422529288167,0.0158856327120133,0.9812468902881076,0.9812782274699398,0.6543248494466146,I_STOKES,K_CMB_to_uK,,,TMASK,COM_CMB_IQU-commander_2048_R3.00_full.fits,,Mask ladder non-inpainted,mask_sky_fraction,cptg_cmb_mask_ladder,COMMANDER | mask_ge_0.90_abs_b_gt_20deg | abs_b_gt_20deg,True,False,0.0158856327120133,0.0001595949142074,,99.5372113886143,,,,,,,mask_ge_0.90_abs_b_gt_20deg,0.9,20.0,abs_b_gt_20deg
COMMANDER,0.1960140324602543,0.195933746667956,8.02857922982958e-05,19.383090430496555,19.375151270463626,0.0079391600329294,0.9806010906982872,0.980617135744964,0.4989636739095052,I_STOKES,K_CMB_to_uK,,,TMASK,COM_CMB_IQU-commander_2048_R3.00_full.fits,,Mask ladder non-inpainted,mask_sky_fraction,cptg_cmb_mask_ladder,COMMANDER | mask_ge_0.90_abs_b_gt_30deg | abs_b_gt_30deg,True,False,0.0079391600329294,8.02857922982958e-05,,98.88623884326675,,,,,,,mask_ge_0.90_abs_b_gt_30deg,0.9,30.0,abs_b_gt_30deg
COMMANDER,0.1920673429844839,0.1920416526667941,2.5690317689786024e-05,18.90218784768994,18.899659551086817,0.0025282966031241,0.9813817482299538,0.9813867757622406,0.3575884501139323,I_STOKES,K_CMB_to_uK,,,TMASK,COM_CMB_IQU-commander_2048_R3.00_full.fits,,Mask ladder non-inpainted,mask_sky_fraction,cptg_cmb_mask_ladder,COMMANDER | mask_ge_0.90_abs_b_gt_40deg | abs_b_gt_40deg,True,False,0.0025282966031241,2.5690317689786024e-05,,98.41437671794596,,,,,,,mask_ge_0.90_abs_b_gt_40deg,0.9,40.0,abs_b_gt_40deg
COMMANDER,0.1798084230948222,0.1795770536050402,0.000231369489782,18.13146416562657,18.108133403136154,0.0233307624904171,0.983701647342401,0.9837439106894296,0.8817418416341146,I_STOKES,K_CMB_to_uK,,,TMASK,COM_CMB_IQU-commander_2048_R3.00_full.fits,,Mask ladder non-inpainted,mask_sky_fraction,cptg_cmb_mask_ladder,COMMANDER | mask_ge_0.95_no_galactic_cut | no_galactic_cut,True,False,0.0233307624904171,0.000231369489782,,100.83767964565772,,,,,,,mask_ge_0.95_no_galactic_cut,0.95,-1.0,no_galactic_cut
COMMANDER,0.1851634063059283,0.1849878671361393,0.0001755391697889,18.54919569822416,18.531610633885148,0.0175850643390091,0.982707745448862,0.9827408045931652,0.8102277119954427,I_STOKES,K_CMB_to_uK,,,TMASK,COM_CMB_IQU-commander_2048_R3.00_full.fits,,Mask ladder non-inpainted,mask_sky_fraction,cptg_cmb_mask_ladder,COMMANDER | mask_ge_0.95_abs_b_gt_10deg | abs_b_gt_10deg,True,False,0.0175850643390091,0.0001755391697889,,100.17743823300076,,,,,,,mask_ge_0.95_abs_b_gt_10deg,0.95,10.0,abs_b_gt_10deg
COMMANDER,0.1927688307246352,0.192609584899202,0.0001592458254331,19.186901856867312,19.17105160757018,0.0158502492971308,0.9812441989133271,0.981275469888531,0.6541926066080729,I_STOKES,K_CMB_to_uK,,,TMASK,COM_CMB_IQU-commander_2048_R3.00_full.fits,,Mask ladder non-inpainted,mask_sky_fraction,cptg_cmb_mask_ladder,COMMANDER | mask_ge_0.95_abs_b_gt_20deg | abs_b_gt_20deg,True,False,0.0158502492971308,0.0001592458254331,,99.53321698711376,,,,,,,mask_ge_0.95_abs_b_gt_20deg,0.95,20.0,abs_b_gt_20deg
COMMANDER,0.1959942895530372,0.1959143765134995,7.991303953774898e-05,19.3810566475336,19.373154380841594,0.0079022666920032,0.9806050369351568,0.9806210058301458,0.4989293416341145,I_STOKES,K_CMB_to_uK,,,TMASK,COM_CMB_IQU-commander_2048_R3.00_full.fits,,Mask ladder non-inpainted,mask_sky_fraction,cptg_cmb_mask_ladder,COMMANDER | mask_ge_0.95_abs_b_gt_30deg | abs_b_gt_30deg,True,False,0.0079022666920032,7.991303953774898e-05,,98.88582311113184,,,,,,,mask_ge_0.95_abs_b_gt_30deg,0.95,30.0,abs_b_gt_30deg
COMMANDER,0.1920455372470049,0.1920200919349589,2.544531204606848e-05,18.90000290243921,18.89749872307416,0.0025041793650508,0.9813860156042112,0.9813909946057636,0.3575706481933594,I_STOKES,K_CMB_to_uK,,,TMASK,COM_CMB_IQU-commander_2048_R3.00_full.fits,,Mask ladder non-inpainted,mask_sky_fraction,cptg_cmb_mask_ladder,COMMANDER | mask_ge_0.95_abs_b_gt_40deg | abs_b_gt_40deg,True,False,0.0025041793650508,2.544531204606848e-05,,98.41417391610834,,,,,,,mask_ge_0.95_abs_b_gt_40deg,0.95,40.0,abs_b_gt_40deg
COMMANDER,0.1797075464567617,0.1794773383095084,0.0002302081472533,18.118270795647938,18.09506101045228,0.0232097851956574,0.9837200809917884,0.9837621079475132,0.8803787231445312,I_STOKES,K_CMB_to_uK,,,TMASK,COM_CMB_IQU-commander_2048_R3.00_full.fits,,Mask ladder non-inpainted,mask_sky_fraction,cptg_cmb_mask_ladder,COMMANDER | mask_ge_0.99_no_galactic_cut | no_galactic_cut,True,False,0.0232097851956574,0.0002302081472533,,100.82086786492997,,,,,,,mask_ge_0.99_no_galactic_cut,0.99,-1.0,no_galactic_cut
COMMANDER,0.1850919777950372,0.1849166511642725,0.0001753266307647,18.540082788916,18.52252087030557,0.0175619186104292,0.982721201438089,0.9827542073795414,0.8096110026041666,I_STOKES,K_CMB_to_uK,,,TMASK,COM_CMB_IQU-commander_2048_R3.00_full.fits,,Mask ladder non-inpainted,mask_sky_fraction,cptg_cmb_mask_ladder,COMMANDER | mask_ge_0.99_abs_b_gt_10deg | abs_b_gt_10deg,True,False,0.0175619186104292,0.0001753266307647,,100.16686303631415,,,,,,,mask_ge_0.99_abs_b_gt_10deg,0.99,10.0,abs_b_gt_10deg
COMMANDER,0.192728484871144,0.192569957973658,0.0001585268974859,19.182422369867663,19.166644059222023,0.0157783106456435,0.9812521241349104,0.9812832472258068,0.6540209452311198,I_STOKES,K_CMB_to_uK,,,TMASK,COM_CMB_IQU-commander_2048_R3.00_full.fits,,Mask ladder non-inpainted,mask_sky_fraction,cptg_cmb_mask_ladder,COMMANDER | mask_ge_0.99_abs_b_gt_20deg | abs_b_gt_20deg,True,False,0.0157783106456435,0.0001585268974859,,99.53081083314076,,,,,,,mask_ge_0.99_abs_b_gt_20deg,0.99,20.0,abs_b_gt_20deg
COMMANDER,0.1959597582170389,0.1958804801707836,7.927804625523782e-05,19.377451370962977,19.369611973220945,0.0078393977420319,0.980611938107792,0.9806277772366352,0.498877207438151,I_STOKES,K_CMB_to_uK,,,TMASK,COM_CMB_IQU-commander_2048_R3.00_full.fits,,Mask ladder non-inpainted,mask_sky_fraction,cptg_cmb_mask_ladder,COMMANDER | mask_ge_0.99_abs_b_gt_30deg | abs_b_gt_30deg,True,False,0.0078393977420319,7.927804625523782e-05,,98.884850375765,,,,,,,mask_ge_0.99_abs_b_gt_30deg,0.99,30.0,abs_b_gt_30deg
COMMANDER,0.1920363116139802,0.1920109787646114,2.5332849368814303e-05,18.89911136077945,18.89661824717357,0.0024931136058761,0.9813878209055268,0.9813927776552342,0.3575528462727864,I_STOKES,K_CMB_to_uK,,,TMASK,COM_CMB_IQU-commander_2048_R3.00_full.fits,,Mask ladder non-inpainted,mask_sky_fraction,cptg_cmb_mask_ladder,COMMANDER | mask_ge_0.99_abs_b_gt_40deg | abs_b_gt_40deg,True,False,0.0024931136058761,2.5332849368814303e-05,,98.41425927180532,,,,,,,mask_ge_0.99_abs_b_gt_40deg,0.99,40.0,abs_b_gt_40deg
SMICA,0.1838405003634069,0.183525363513415,0.0003151368499919,18.61151835771679,18.57961474965859,0.0319036080582009,0.9829560877405114,0.983014974935412,0.9850349426269532,I_STOKES_INP,K_CMB_to_uK,,,TMASKINP,COM_CMB_IQU-smica_2048_R3.00_full.fits,,Mask ladder inpainted,mask_sky_fraction_inpainted,cptg_cmb_mask_ladder_inpainted,SMICA | mask_ge_0.50_no_galactic_cut | no_galactic_cut,True,False,0.0319036080582009,0.0003151368499919,,101.23731343706338,,,,,,,mask_ge_0.50_no_galactic_cut,0.5,-1.0,no_galactic_cut
SMICA,0.185321230739458,0.1851240645363114,0.0001971662031465,18.540410208986096,18.52068477185674,0.019725437129356,0.9826779947862944,0.9827151574742068,0.8245862325032552,I_STOKES_INP,K_CMB_to_uK,,,TMASKINP,COM_CMB_IQU-smica_2048_R3.00_full.fits,,Mask ladder inpainted,mask_sky_fraction_inpainted,cptg_cmb_mask_ladder_inpainted,SMICA | mask_ge_0.50_abs_b_gt_10deg | abs_b_gt_10deg,True,False,0.019725437129356,0.0001971662031465,,100.04471767755496,,,,,,,mask_ge_0.50_abs_b_gt_10deg,0.5,10.0,abs_b_gt_10deg
SMICA,0.1924965198533868,0.1923268855849455,0.0001696342684413,19.12750242727296,19.11064664263939,0.0168557846335701,0.9812976560882712,0.9813309172145728,0.6564559936523438,I_STOKES_INP,K_CMB_to_uK,,,TMASKINP,COM_CMB_IQU-smica_2048_R3.00_full.fits,,Mask ladder inpainted,mask_sky_fraction_inpainted,cptg_cmb_mask_ladder_inpainted,SMICA | mask_ge_0.50_abs_b_gt_20deg | abs_b_gt_20deg,True,False,0.0168557846335701,0.0001696342684413,,99.36544536930457,,,,,,,mask_ge_0.50_abs_b_gt_20deg,0.5,20.0,abs_b_gt_20deg
SMICA,0.1955523736851012,0.1954636419076924,8.87317774087848e-05,19.304543163898437,19.29578373850912,0.0087594253893108,0.9806932594578808,0.9807109485940196,0.4992548624674479,I_STOKES_INP,K_CMB_to_uK,,,TMASKINP,COM_CMB_IQU-smica_2048_R3.00_full.fits,,Mask ladder inpainted,mask_sky_fraction_inpainted,cptg_cmb_mask_ladder_inpainted,SMICA | mask_ge_0.50_abs_b_gt_30deg | abs_b_gt_30deg,True,False,0.0087594253893108,8.87317774087848e-05,,98.7180201401422,,,,,,,mask_ge_0.50_abs_b_gt_30deg,0.5,30.0,abs_b_gt_30deg
SMICA,0.1914757996372308,0.1914471887403088,2.861089692204888e-05,18.813952184076072,18.81114094606242,0.0028112380136526,0.981497334766266,0.9815029159016456,0.3580322265625,I_STOKES_INP,K_CMB_to_uK,,,TMASKINP,COM_CMB_IQU-smica_2048_R3.00_full.fits,,Mask ladder inpainted,mask_sky_fraction_inpainted,cptg_cmb_mask_ladder_inpainted,SMICA | mask_ge_0.50_abs_b_gt_40deg | abs_b_gt_40deg,True,False,0.0028112380136526,2.861089692204888e-05,,98.25759819110768,,,,,,,mask_ge_0.50_abs_b_gt_40deg,0.5,40.0,abs_b_gt_40deg
SMICA,0.1838421799831014,0.183527339566759,0.0003148404163424,18.611579427273032,18.579706015979653,0.0318734112933789,0.9829557736027908,0.983014606011298,0.984429677327474,I_STOKES_INP,K_CMB_to_uK,,,TMASKINP,COM_CMB_IQU-smica_2048_R3.00_full.fits,,Mask ladder inpainted,mask_sky_fraction_inpainted,cptg_cmb_mask_ladder_inpainted,SMICA | mask_ge_0.70_no_galactic_cut | no_galactic_cut,True,False,0.0318734112933789,0.0003148404163424,,101.23672069697923,,,,,,,mask_ge_0.70_no_galactic_cut,0.7,-1.0,no_galactic_cut
SMICA,0.1853160378941954,0.185118898128668,0.0001971397655274,18.53999157140128,18.52026867190052,0.0197228995007598,0.9826789740801404,0.9827161307089792,0.8244145711263021,I_STOKES_INP,K_CMB_to_uK,,,TMASKINP,COM_CMB_IQU-smica_2048_R3.00_full.fits,,Mask ladder inpainted,mask_sky_fraction_inpainted,cptg_cmb_mask_ladder_inpainted,SMICA | mask_ge_0.70_abs_b_gt_10deg | abs_b_gt_10deg,True,False,0.0197228995007598,0.0001971397655274,,100.04526204033417,,,,,,,mask_ge_0.70_abs_b_gt_10deg,0.7,10.0,abs_b_gt_10deg
SMICA,0.192504218453433,0.1923345698288279,0.000169648624605,19.128524873002988,19.11166743496085,0.0168574380421375,0.9812961458589516,0.9813294111809548,0.6563746134440104,I_STOKES_INP,K_CMB_to_uK,,,TMASKINP,COM_CMB_IQU-smica_2048_R3.00_full.fits,,Mask ladder inpainted,mask_sky_fraction_inpainted,cptg_cmb_mask_ladder_inpainted,SMICA | mask_ge_0.70_abs_b_gt_20deg | abs_b_gt_20deg,True,False,0.0168574380421375,0.000169648624605,,99.36678285120384,,,,,,,mask_ge_0.70_abs_b_gt_20deg,0.7,20.0,abs_b_gt_20deg
SMICA,0.1955531009021593,0.1954643525081082,8.874839405106916e-05,19.304826342897435,19.296065181210597,0.0087611616868414,0.980693114448934,0.9807108069653286,0.4992052714029948,I_STOKES_INP,K_CMB_to_uK,,,TMASKINP,COM_CMB_IQU-smica_2048_R3.00_full.fits,,Mask ladder inpainted,mask_sky_fraction_inpainted,cptg_cmb_mask_ladder_inpainted,SMICA | mask_ge_0.70_abs_b_gt_30deg | abs_b_gt_30deg,True,False,0.0087611616868414,8.874839405106916e-05,,98.71910112310712,,,,,,,mask_ge_0.70_abs_b_gt_30deg,0.7,30.0,abs_b_gt_30deg
SMICA,0.1914572862744651,0.1914286448895983,2.8641384866773256e-05,18.812373057929676,18.8095587883477,0.0028142695819717,0.9815009462717892,0.9815065327932015,0.3580118815104167,I_STOKES_INP,K_CMB_to_uK,,,TMASKINP,COM_CMB_IQU-smica_2048_R3.00_full.fits,,Mask ladder inpainted,mask_sky_fraction_inpainted,cptg_cmb_mask_ladder_inpainted,SMICA | mask_ge_0.70_abs_b_gt_40deg | abs_b_gt_40deg,True,False,0.0028142695819717,2.8641384866773256e-05,,98.25885148586636,,,,,,,mask_ge_0.70_abs_b_gt_40deg,0.7,40.0,abs_b_gt_40deg
SMICA,0.1837830494295317,0.1834687647943123,0.0003142846352194,18.60465974539629,18.57284419592308,0.0318155494732153,0.9829668309472006,0.9830255400267324,0.9840621948242188,I_STOKES_INP,K_CMB_to_uK,,,TMASKINP,COM_CMB_IQU-smica_2048_R3.00_full.fits,,Mask ladder inpainted,mask_sky_fraction_inpainted,cptg_cmb_mask_ladder_inpainted,SMICA | mask_ge_0.80_no_galactic_cut | no_galactic_cut,True,False,0.0318155494732153,0.0003142846352194,,101.2316413463904,,,,,,,mask_ge_0.80_no_galactic_cut,0.8,-1.0,no_galactic_cut
SMICA,0.1852949111159001,0.185097854420239,0.0001970566956611,18.53750106079367,18.517786872838613,0.0197141879550564,0.982682957985204,0.9827200945788296,0.8243420918782552,I_STOKES_INP,K_CMB_to_uK,,,TMASKINP,COM_CMB_IQU-smica_2048_R3.00_full.fits,,Mask ladder inpainted,mask_sky_fraction_inpainted,cptg_cmb_mask_ladder_inpainted,SMICA | mask_ge_0.80_abs_b_gt_10deg | abs_b_gt_10deg,True,False,0.0197141879550564,0.0001970566956611,,100.04322811217762,,,,,,,mask_ge_0.80_abs_b_gt_10deg,0.8,10.0,abs_b_gt_10deg
SMICA,0.1925099935666591,0.192340450389387,0.0001695431772721,19.12892700619326,19.112080197347908,0.0168468088453508,0.9812950129176062,0.9813282586087124,0.6563440958658854,I_STOKES_INP,K_CMB_to_uK,,,TMASKINP,COM_CMB_IQU-smica_2048_R3.00_full.fits,,Mask ladder inpainted,mask_sky_fraction_inpainted,cptg_cmb_mask_ladder_inpainted,SMICA | mask_ge_0.80_abs_b_gt_20deg | abs_b_gt_20deg,True,False,0.0168468088453508,0.0001695431772721,,99.36589083916628,,,,,,,mask_ge_0.80_abs_b_gt_20deg,0.8,20.0,abs_b_gt_20deg
SMICA,0.1955501462153948,0.1954614336364216,8.871257897324902e-05,19.30456236530037,19.29580472667662,0.0087576386237486,0.9806937036175656,0.9807113887177996,0.4991849263509114,I_STOKES_INP,K_CMB_to_uK,,,TMASKINP,COM_CMB_IQU-smica_2048_R3.00_full.fits,,Mask ladder inpainted,mask_sky_fraction_inpainted,cptg_cmb_mask_ladder_inpainted,SMICA | mask_ge_0.80_abs_b_gt_30deg | abs_b_gt_30deg,True,False,0.0087576386237486,8.871257897324902e-05,,98.71924280760574,,,,,,,mask_ge_0.80_abs_b_gt_30deg,0.8,30.0,abs_b_gt_30deg
SMICA,0.1914528870331904,0.1914242806560865,2.860637710389025e-05,18.8121052792273,18.80929442489089,0.0028108543364098,0.9815018044031588,0.9815073839637172,0.3580042521158854,I_STOKES_INP,K_CMB_to_uK,,,TMASKINP,COM_CMB_IQU-smica_2048_R3.00_full.fits,,Mask ladder inpainted,mask_sky_fraction_inpainted,cptg_cmb_mask_ladder_inpainted,SMICA | mask_ge_0.80_abs_b_gt_40deg | abs_b_gt_40deg,True,False,0.0028108543364098,2.860637710389025e-05,,98.2597106303548,,,,,,,mask_ge_0.80_abs_b_gt_40deg,0.8,40.0,abs_b_gt_40deg
SMICA,0.1837343645493405,0.1834202155327402,0.0003141490166002,18.59960568759762,18.56780408178347,0.0318016058141488,0.9829759321995888,0.98303459986611,0.9837010701497396,I_STOKES_INP,K_CMB_to_uK,,,TMASKINP,COM_CMB_IQU-smica_2048_R3.00_full.fits,,Mask ladder inpainted,mask_sky_fraction_inpainted,cptg_cmb_mask_ladder_inpainted,SMICA | mask_ge_0.90_no_galactic_cut | no_galactic_cut,True,False,0.0318016058141488,0.0003141490166002,,101.23095771016116,,,,,,,mask_ge_0.90_no_galactic_cut,0.9,-1.0,no_galactic_cut
SMICA,0.1852899804441806,0.1850930505547034,0.0001969298894772,18.5371936338932,18.517491934509405,0.0197016993837948,0.9826838877009204,0.9827209993870866,0.8242263793945312,I_STOKES_INP,K_CMB_to_uK,,,TMASKINP,COM_CMB_IQU-smica_2048_R3.00_full.fits,,Mask ladder inpainted,mask_sky_fraction_inpainted,cptg_cmb_mask_ladder_inpainted,SMICA | mask_ge_0.90_abs_b_gt_10deg | abs_b_gt_10deg,True,False,0.0197016993837948,0.0001969298894772,,100.04423115300398,,,,,,,mask_ge_0.90_abs_b_gt_10deg,0.9,10.0,abs_b_gt_10deg
SMICA,0.1925086378599729,0.1923392332766338,0.0001694045833391,19.12895662658101,19.11212344463624,0.0168331819447757,0.981295278878533,0.9813284971621667,0.6562957763671875,I_STOKES_INP,K_CMB_to_uK,,,TMASKINP,COM_CMB_IQU-smica_2048_R3.00_full.fits,,Mask ladder inpainted,mask_sky_fraction_inpainted,cptg_cmb_mask_ladder_inpainted,SMICA | mask_ge_0.90_abs_b_gt_20deg | abs_b_gt_20deg,True,False,0.0168331819447757,0.0001694045833391,,99.3667444704224,,,,,,,mask_ge_0.90_abs_b_gt_20deg,0.9,20.0,abs_b_gt_20deg
SMICA,0.195546475129498,0.195457862238379,8.861289111905535e-05,19.304325571681296,19.29557771724476,0.0087478544365353,0.980694435624282,0.9807121005112576,0.4991505940755208,I_STOKES_INP,K_CMB_to_uK,,,TMASKINP,COM_CMB_IQU-smica_2048_R3.00_full.fits,,Mask ladder inpainted,mask_sky_fraction_inpainted,cptg_cmb_mask_ladder_inpainted,SMICA | mask_ge_0.90_abs_b_gt_30deg | abs_b_gt_30deg,True,False,0.0087478544365353,8.861289111905535e-05,,98.71988517766562,,,,,,,mask_ge_0.90_abs_b_gt_30deg,0.9,30.0,abs_b_gt_30deg
SMICA,0.1914472918253466,0.19141873798262,2.855384272665296e-05,18.811539697735945,18.808734007768468,0.0028056899674773,0.9815028957943732,0.9815084649401352,0.3579928080240885,I_STOKES_INP,K_CMB_to_uK,,,TMASKINP,COM_CMB_IQU-smica_2048_R3.00_full.fits,,Mask ladder inpainted,mask_sky_fraction_inpainted,cptg_cmb_mask_ladder_inpainted,SMICA | mask_ge_0.90_abs_b_gt_40deg | abs_b_gt_40deg,True,False,0.0028056899674773,2.855384272665296e-05,,98.2596281116231,,,,,,,mask_ge_0.90_abs_b_gt_40deg,0.9,40.0,abs_b_gt_40deg
SMICA,0.1837036824799492,0.1833898522539841,0.000313830225965,18.596098884953022,18.56433023537372,0.031768649579309,0.9829816666872816,0.9830402647350012,0.983440399169922,I_STOKES_INP,K_CMB_to_uK,,,TMASKINP,COM_CMB_IQU-smica_2048_R3.00_full.fits,,Mask ladder inpainted,mask_sky_fraction_inpainted,cptg_cmb_mask_ladder_inpainted,SMICA | mask_ge_0.95_no_galactic_cut | no_galactic_cut,True,False,0.031768649579309,0.000313830225965,,101.22877578669518,,,,,,,mask_ge_0.95_no_galactic_cut,0.95,-1.0,no_galactic_cut
SMICA,0.1852859563994146,0.1850889969221502,0.0001969594772643,18.5368531874574,18.51714846193542,0.0197047255219793,0.9826846464462312,0.9827217628700164,0.8241615295410156,I_STOKES_INP,K_CMB_to_uK,,,TMASKINP,COM_CMB_IQU-smica_2048_R3.00_full.fits,,Mask ladder inpainted,mask_sky_fraction_inpainted,cptg_cmb_mask_ladder_inpainted,SMICA | mask_ge_0.95_abs_b_gt_10deg | abs_b_gt_10deg,True,False,0.0197047255219793,0.0001969594772643,,100.04456650507358,,,,,,,mask_ge_0.95_abs_b_gt_10deg,0.95,10.0,abs_b_gt_10deg
SMICA,0.1925194250451761,0.1923499939782873,0.0001694310668887,19.12999403120305,19.113158248021577,0.0168357831814738,0.9812931626075232,0.9813263880160122,0.6562627156575521,I_STOKES_INP,K_CMB_to_uK,,,TMASKINP,COM_CMB_IQU-smica_2048_R3.00_full.fits,,Mask ladder inpainted,mask_sky_fraction_inpainted,cptg_cmb_mask_ladder_inpainted,SMICA | mask_ge_0.95_abs_b_gt_20deg | abs_b_gt_20deg,True,False,0.0168357831814738,0.0001694310668887,,99.3665653567896,,,,,,,mask_ge_0.95_abs_b_gt_20deg,0.95,20.0,abs_b_gt_20deg
SMICA,0.1955544848540113,0.1954658820138661,8.860284014516884e-05,19.30509445754215,19.29634760522892,0.0087468523132336,0.9806928384838356,0.9807105021200404,0.4991315205891927,I_STOKES_INP,K_CMB_to_uK,,,TMASKINP,COM_CMB_IQU-smica_2048_R3.00_full.fits,,Mask ladder inpainted,mask_sky_fraction_inpainted,cptg_cmb_mask_ladder_inpainted,SMICA | mask_ge_0.95_abs_b_gt_30deg | abs_b_gt_30deg,True,False,0.0087468523132336,8.860284014516884e-05,,98.71977352988924,,,,,,,mask_ge_0.95_abs_b_gt_30deg,0.95,30.0,abs_b_gt_30deg
SMICA,0.1914564216072534,0.1914278340417436,2.858756550985775e-05,18.812590817638743,18.809781791083804,0.0028090265549423,0.981501114938412,0.9815066909369934,0.357983907063802,I_STOKES_INP,K_CMB_to_uK,,,TMASKINP,COM_CMB_IQU-smica_2048_R3.00_full.fits,,Mask ladder inpainted,mask_sky_fraction_inpainted,cptg_cmb_mask_ladder_inpainted,SMICA | mask_ge_0.95_abs_b_gt_40deg | abs_b_gt_40deg,True,False,0.0028090265549423,2.858756550985775e-05,,98.26043263375198,,,,,,,mask_ge_0.95_abs_b_gt_40deg,0.95,40.0,abs_b_gt_40deg
SMICA,0.1836642928501106,0.183350879982349,0.0003134128677616,18.592047449296462,18.56032115771185,0.031726291584615,0.982989027167582,0.9830475343591978,0.9830919901529948,I_STOKES_INP,K_CMB_to_uK,,,TMASKINP,COM_CMB_IQU-smica_2048_R3.00_full.fits,,Mask ladder inpainted,mask_sky_fraction_inpainted,cptg_cmb_mask_ladder_inpainted,SMICA | mask_ge_0.99_no_galactic_cut | no_galactic_cut,True,False,0.031726291584615,0.0003134128677616,,101.22842693473102,,,,,,,mask_ge_0.99_no_galactic_cut,0.99,-1.0,no_galactic_cut
SMICA,0.1852747426517665,0.1850778433280361,0.0001968993237303,18.53556381991053,18.515865290424724,0.019698529485808,0.9826867607408384,0.9827238635084846,0.8240839640299479,I_STOKES_INP,K_CMB_to_uK,,,TMASKINP,COM_CMB_IQU-smica_2048_R3.00_full.fits,,Mask ladder inpainted,mask_sky_fraction_inpainted,cptg_cmb_mask_ladder_inpainted,SMICA | mask_ge_0.99_abs_b_gt_10deg | abs_b_gt_10deg,True,False,0.019698529485808,0.0001968993237303,,100.04366247993708,,,,,,,mask_ge_0.99_abs_b_gt_10deg,0.99,10.0,abs_b_gt_10deg
SMICA,0.1925201420068676,0.1923507369330477,0.0001694050738198,19.12988804331988,19.11305499893105,0.0168330443888251,0.981293021946888,0.9813262423889996,0.6562271118164062,I_STOKES_INP,K_CMB_to_uK,,,TMASKINP,COM_CMB_IQU-smica_2048_R3.00_full.fits,,Mask ladder inpainted,mask_sky_fraction_inpainted,cptg_cmb_mask_ladder_inpainted,SMICA | mask_ge_0.99_abs_b_gt_20deg | abs_b_gt_20deg,True,False,0.0168330443888251,0.0001694050738198,,99.36564477828752,,,,,,,mask_ge_0.99_abs_b_gt_20deg,0.99,20.0,abs_b_gt_20deg
SMICA,0.1955599764781194,0.195471365007179,8.861147094035848e-05,19.30547087215358,19.296723242899446,0.0087476292541346,0.9806917434137382,0.9807094092860688,0.4991137186686198,I_STOKES_INP,K_CMB_to_uK,,,TMASKINP,COM_CMB_IQU-smica_2048_R3.00_full.fits,,Mask ladder inpainted,mask_sky_fraction_inpainted,cptg_cmb_mask_ladder_inpainted,SMICA | mask_ge_0.99_abs_b_gt_30deg | abs_b_gt_30deg,True,False,0.0087476292541346,8.861147094035848e-05,,98.71892613115348,,,,,,,mask_ge_0.99_abs_b_gt_30deg,0.99,30.0,abs_b_gt_30deg
SMICA,0.1914570860867637,0.1914285638263221,2.85222604415325e-05,18.81262796751447,18.809825362056262,0.002802605458207,0.981500985321546,0.9815065486034168,0.3579813639322917,I_STOKES_INP,K_CMB_to_uK,,,TMASKINP,COM_CMB_IQU-smica_2048_R3.00_full.fits,,Mask ladder inpainted,mask_sky_fraction_inpainted,cptg_cmb_mask_ladder_inpainted,SMICA | mask_ge_0.99_abs_b_gt_40deg | abs_b_gt_40deg,True,False,0.002802605458207,2.85222604415325e-05,,98.2602856443195,,,,,,,mask_ge_0.99_abs_b_gt_40deg,0.99,40.0,abs_b_gt_40deg
SMICA_noSZ,0.186454498947533,0.1861468608718037,0.0003076380757293,18.94676495258113,18.91550399430869,0.0312609582724441,0.9824635971995218,0.9825219316572904,0.9850349426269532,I_STOKES_INP,uK_native_or_already_scaled,,,TMASKINP,COM_CMB_IQU-smica_2048_R3.00_full.fits,,Mask ladder inpainted,mask_sky_fraction_inpainted,cptg_cmb_mask_ladder_inpainted,SMICA_noSZ | mask_ge_0.50_no_galactic_cut | no_galactic_cut,True,False,0.0312609582724441,0.0003076380757293,,101.6160246040114,,,,,,,mask_ge_0.50_no_galactic_cut,0.5,-1.0,no_galactic_cut
SMICA_noSZ,0.1861066727298256,0.185906625574194,0.0002000471556315,18.656543379913845,18.63648935185389,0.0200540280599561,0.9825295447799184,0.982567415787648,0.8245862325032552,I_STOKES_INP,uK_native_or_already_scaled,,,TMASKINP,COM_CMB_IQU-smica_2048_R3.00_full.fits,,Mask ladder inpainted,mask_sky_fraction_inpainted,cptg_cmb_mask_ladder_inpainted,SMICA_noSZ | mask_ge_0.50_abs_b_gt_10deg | abs_b_gt_10deg,True,False,0.0200540280599561,0.0002000471556315,,100.24650436364465,,,,,,,mask_ge_0.50_abs_b_gt_10deg,0.5,10.0,abs_b_gt_10deg
SMICA_noSZ,0.1916713158139248,0.1915005572709631,0.0001707585429617,19.079522321305305,19.062524517444267,0.0169978038610381,0.9814591721993118,0.9814925045892662,0.6564559936523438,I_STOKES_INP,uK_native_or_already_scaled,,,TMASKINP,COM_CMB_IQU-smica_2048_R3.00_full.fits,,Mask ladder inpainted,mask_sky_fraction_inpainted,cptg_cmb_mask_ladder_inpainted,SMICA_noSZ | mask_ge_0.50_abs_b_gt_20deg | abs_b_gt_20deg,True,False,0.0169978038610381,0.0001707585429617,,99.54291929538256,,,,,,,mask_ge_0.50_abs_b_gt_20deg,0.5,20.0,abs_b_gt_20deg
SMICA_noSZ,0.1958538201476744,0.1957730451094886,8.077503818582077e-05,19.353400022848245,19.345418194233964,0.0079818286142803,0.9806331022016146,0.9806492312792368,0.4992548624674479,I_STOKES_INP,uK_native_or_already_scaled,,,TMASKINP,COM_CMB_IQU-smica_2048_R3.00_full.fits,,Mask ladder inpainted,mask_sky_fraction_inpainted,cptg_cmb_mask_ladder_inpainted,SMICA_noSZ | mask_ge_0.50_abs_b_gt_30deg | abs_b_gt_30deg,True,False,0.0079818286142803,8.077503818582077e-05,,98.8155350161448,,,,,,,mask_ge_0.50_abs_b_gt_30deg,0.5,30.0,abs_b_gt_30deg
SMICA_noSZ,0.1926172025161342,0.1925959880689978,2.1214447136375103e-05,18.93717578100169,18.935090080922624,0.0020857000790712,0.9812739746344332,0.9812781386435376,0.3580322265625,I_STOKES_INP,uK_native_or_already_scaled,,,TMASKINP,COM_CMB_IQU-smica_2048_R3.00_full.fits,,Mask ladder inpainted,mask_sky_fraction_inpainted,cptg_cmb_mask_ladder_inpainted,SMICA_noSZ | mask_ge_0.50_abs_b_gt_40deg | abs_b_gt_40deg,True,False,0.0020857000790712,2.1214447136375103e-05,,98.31508055162132,,,,,,,mask_ge_0.50_abs_b_gt_40deg,0.5,40.0,abs_b_gt_40deg
SMICA_noSZ,0.1864234485514718,0.1861157426694623,0.0003077058820095,18.942902011998065,18.9116353316705,0.0312666803275654,0.9824694895161766,0.9825278267461915,0.984429677327474,I_STOKES_INP,uK_native_or_already_scaled,,,TMASKINP,COM_CMB_IQU-smica_2048_R3.00_full.fits,,Mask ladder inpainted,mask_sky_fraction_inpainted,cptg_cmb_mask_ladder_inpainted,SMICA_noSZ | mask_ge_0.70_no_galactic_cut | no_galactic_cut,True,False,0.0312666803275654,0.0003077058820095,,101.61222828558446,,,,,,,mask_ge_0.70_no_galactic_cut,0.7,-1.0,no_galactic_cut
SMICA_noSZ,0.1860816831269629,0.1858816852717453,0.0001999978552175,18.65407262461633,18.634023501815506,0.0200491228008239,0.9825342778776912,0.9825721342886417,0.8244145711263021,I_STOKES_INP,uK_native_or_already_scaled,,,TMASKINP,COM_CMB_IQU-smica_2048_R3.00_full.fits,,Mask ladder inpainted,mask_sky_fraction_inpainted,cptg_cmb_mask_ladder_inpainted,SMICA_noSZ | mask_ge_0.70_abs_b_gt_10deg | abs_b_gt_10deg,True,False,0.0200491228008239,0.0001999978552175,,100.2466890407946,,,,,,,mask_ge_0.70_abs_b_gt_10deg,0.7,10.0,abs_b_gt_10deg
SMICA_noSZ,0.1916713993857793,0.1915006684176717,0.0001707309681076,19.079824192434,19.062828871973373,0.016995320460623,0.9814591558783774,0.9814924829032492,0.6563746134440104,I_STOKES_INP,uK_native_or_already_scaled,,,TMASKINP,COM_CMB_IQU-smica_2048_R3.00_full.fits,,Mask ladder inpainted,mask_sky_fraction_inpainted,cptg_cmb_mask_ladder_inpainted,SMICA_noSZ | mask_ge_0.70_abs_b_gt_20deg | abs_b_gt_20deg,True,False,0.016995320460623,0.0001707309681076,,99.54445083395989,,,,,,,mask_ge_0.70_abs_b_gt_20deg,0.7,20.0,abs_b_gt_20deg
SMICA_noSZ,0.1958514957328759,0.1957707255202769,8.077021259897399e-05,19.35337207195653,19.34539063698761,0.0079814349689257,0.9806335664350856,0.9806496943502632,0.4992052714029948,I_STOKES_INP,uK_native_or_already_scaled,,,TMASKINP,COM_CMB_IQU-smica_2048_R3.00_full.fits,,Mask ladder inpainted,mask_sky_fraction_inpainted,cptg_cmb_mask_ladder_inpainted,SMICA_noSZ | mask_ge_0.70_abs_b_gt_30deg | abs_b_gt_30deg,True,False,0.0079814349689257,8.077021259897399e-05,,98.81656506903995,,,,,,,mask_ge_0.70_abs_b_gt_30deg,0.7,30.0,abs_b_gt_30deg
SMICA_noSZ,0.19259578843672,0.1925745713213487,2.1217115371258144e-05,18.935259514006724,18.933173530772333,0.0020859832343909,0.9812781778254512,0.981282341877402,0.3580118815104167,I_STOKES_INP,uK_native_or_already_scaled,,,TMASKINP,COM_CMB_IQU-smica_2048_R3.00_full.fits,,Mask ladder inpainted,mask_sky_fraction_inpainted,cptg_cmb_mask_ladder_inpainted,SMICA_noSZ | mask_ge_0.70_abs_b_gt_40deg | abs_b_gt_40deg,True,False,0.0020859832343909,2.1217115371258144e-05,,98.31606219275228,,,,,,,mask_ge_0.70_abs_b_gt_40deg,0.7,40.0,abs_b_gt_40deg
SMICA_noSZ,0.1863411667752156,0.1860338779317505,0.000307288843465,18.933280762745756,18.9020585371406,0.0312222256051519,0.9824850989021928,0.9825433304753916,0.9840621948242188,I_STOKES_INP,uK_native_or_already_scaled,,,TMASKINP,COM_CMB_IQU-smica_2048_R3.00_full.fits,,Mask ladder inpainted,mask_sky_fraction_inpainted,cptg_cmb_mask_ladder_inpainted,SMICA_noSZ | mask_ge_0.80_no_galactic_cut | no_galactic_cut,True,False,0.0312222256051519,0.000307288843465,,101.60546426965908,,,,,,,mask_ge_0.80_no_galactic_cut,0.8,-1.0,no_galactic_cut
SMICA_noSZ,0.1860559160961619,0.1858559557406378,0.0001999603555241,18.651042059851083,18.630997177218827,0.0200448826322556,0.98253915753298,0.982577001418074,0.8243420918782552,I_STOKES_INP,uK_native_or_already_scaled,,,TMASKINP,COM_CMB_IQU-smica_2048_R3.00_full.fits,,Mask ladder inpainted,mask_sky_fraction_inpainted,cptg_cmb_mask_ladder_inpainted,SMICA_noSZ | mask_ge_0.80_abs_b_gt_10deg | abs_b_gt_10deg,True,False,0.0200448826322556,0.0001999603555241,,100.24428382170548,,,,,,,mask_ge_0.80_abs_b_gt_10deg,0.8,10.0,abs_b_gt_10deg
SMICA_noSZ,0.1916780825766085,0.1915074495520603,0.0001706330245482,19.08030789837624,19.063322489286964,0.0169854090892727,0.9814578506791596,0.9814911598002628,0.6563440958658854,I_STOKES_INP,uK_native_or_already_scaled,,,TMASKINP,COM_CMB_IQU-smica_2048_R3.00_full.fits,,Mask ladder inpainted,mask_sky_fraction_inpainted,cptg_cmb_mask_ladder_inpainted,SMICA_noSZ | mask_ge_0.80_abs_b_gt_20deg | abs_b_gt_20deg,True,False,0.0169854090892727,0.0001706330245482,,99.54350357584757,,,,,,,mask_ge_0.80_abs_b_gt_20deg,0.8,20.0,abs_b_gt_20deg
SMICA_noSZ,0.1958489263800459,0.195768187529393,8.07388506529616e-05,19.353144245535017,19.34516589889924,0.007978346635781,0.9806340795810552,0.980650201015355,0.4991849263509114,I_STOKES_INP,uK_native_or_already_scaled,,,TMASKINP,COM_CMB_IQU-smica_2048_R3.00_full.fits,,Mask ladder inpainted,mask_sky_fraction_inpainted,cptg_cmb_mask_ladder_inpainted,SMICA_noSZ | mask_ge_0.80_abs_b_gt_30deg | abs_b_gt_30deg,True,False,0.007978346635781,8.07388506529616e-05,,98.81669817265237,,,,,,,mask_ge_0.80_abs_b_gt_30deg,0.8,30.0,abs_b_gt_30deg
SMICA_noSZ,0.1925927003191724,0.1925715172008159,2.1183118356582487e-05,18.935119189845373,18.93303653110374,0.0020826587416351,0.9812787839262446,0.9812829412371212,0.3580042521158854,I_STOKES_INP,uK_native_or_already_scaled,,,TMASKINP,COM_CMB_IQU-smica_2048_R3.00_full.fits,,Mask ladder inpainted,mask_sky_fraction_inpainted,cptg_cmb_mask_ladder_inpainted,SMICA_noSZ | mask_ge_0.80_abs_b_gt_40deg | abs_b_gt_40deg,True,False,0.0020826587416351,2.1183118356582487e-05,,98.3169100306778,,,,,,,mask_ge_0.80_abs_b_gt_40deg,0.8,40.0,abs_b_gt_40deg
SMICA_noSZ,0.1862719062601457,0.1859647261729776,0.000307180087168,18.925754408654967,18.89454403986831,0.031210368786656,0.98249823253694,0.9825564210870588,0.9837010701497396,I_STOKES_INP,uK_native_or_already_scaled,,,TMASKINP,COM_CMB_IQU-smica_2048_R3.00_full.fits,,Mask ladder inpainted,mask_sky_fraction_inpainted,cptg_cmb_mask_ladder_inpainted,SMICA_noSZ | mask_ge_0.90_no_galactic_cut | no_galactic_cut,True,False,0.031210368786656,0.000307180087168,,101.6028384990242,,,,,,,mask_ge_0.90_no_galactic_cut,0.9,-1.0,no_galactic_cut
SMICA_noSZ,0.1860458217907026,0.1858459501353154,0.0001998716553872,18.65016936249385,18.63013322199977,0.0200361404940778,0.9825410689605918,0.9825788939409912,0.8242263793945312,I_STOKES_INP,uK_native_or_already_scaled,,,TMASKINP,COM_CMB_IQU-smica_2048_R3.00_full.fits,,Mask ladder inpainted,mask_sky_fraction_inpainted,cptg_cmb_mask_ladder_inpainted,SMICA_noSZ | mask_ge_0.90_abs_b_gt_10deg | abs_b_gt_10deg,True,False,0.0200361404940778,0.0001998716553872,,100.24503201944984,,,,,,,mask_ge_0.90_abs_b_gt_10deg,0.9,10.0,abs_b_gt_10deg
SMICA_noSZ,0.1916752046684187,0.191504720540158,0.0001704841282607,19.080191583312818,19.063220844532307,0.0169707387805111,0.9814584127283849,0.981491692278053,0.6562957763671875,I_STOKES_INP,uK_native_or_already_scaled,,,TMASKINP,COM_CMB_IQU-smica_2048_R3.00_full.fits,,Mask ladder inpainted,mask_sky_fraction_inpainted,cptg_cmb_mask_ladder_inpainted,SMICA_noSZ | mask_ge_0.90_abs_b_gt_20deg | abs_b_gt_20deg,True,False,0.0169707387805111,0.0001704841282607,,99.54439133804432,,,,,,,mask_ge_0.90_abs_b_gt_20deg,0.9,20.0,abs_b_gt_20deg
SMICA_noSZ,0.1958448685787981,0.1957642357873719,8.063279142614399e-05,19.35287787143981,19.34490994980761,0.0079679216321935,0.9806348899826852,0.9806509898973162,0.4991505940755208,I_STOKES_INP,uK_native_or_already_scaled,,,TMASKINP,COM_CMB_IQU-smica_2048_R3.00_full.fits,,Mask ladder inpainted,mask_sky_fraction_inpainted,cptg_cmb_mask_ladder_inpainted,SMICA_noSZ | mask_ge_0.90_abs_b_gt_30deg | abs_b_gt_30deg,True,False,0.0079679216321935,8.063279142614399e-05,,98.81738547391753,,,,,,,mask_ge_0.90_abs_b_gt_30deg,0.9,30.0,abs_b_gt_30deg
SMICA_noSZ,0.1925860093102825,0.1925648942129836,2.1115097298879396e-05,18.93442503740908,18.93234907026902,0.0020759671400583,0.981280097127186,0.981284240939771,0.3579928080240885,I_STOKES_INP,uK_native_or_already_scaled,,,TMASKINP,COM_CMB_IQU-smica_2048_R3.00_full.fits,,Mask ladder inpainted,mask_sky_fraction_inpainted,cptg_cmb_mask_ladder_inpainted,SMICA_noSZ | mask_ge_0.90_abs_b_gt_40deg | abs_b_gt_40deg,True,False,0.0020759671400583,2.1115097298879396e-05,,98.31672147535453,,,,,,,mask_ge_0.90_abs_b_gt_40deg,0.9,40.0,abs_b_gt_40deg
SMICA_noSZ,0.1862235169721495,0.1859166192499229,0.0003068977222266,18.92018426406134,18.889003661583416,0.0311806024779244,0.982507405430882,0.98256552488202,0.983440399169922,I_STOKES_INP,uK_native_or_already_scaled,,,TMASKINP,COM_CMB_IQU-smica_2048_R3.00_full.fits,,Mask ladder inpainted,mask_sky_fraction_inpainted,cptg_cmb_mask_ladder_inpainted,SMICA_noSZ | mask_ge_0.95_no_galactic_cut | no_galactic_cut,True,False,0.0311806024779244,0.0003068977222266,,101.59932843976374,,,,,,,mask_ge_0.95_no_galactic_cut,0.95,-1.0,no_galactic_cut
SMICA_noSZ,0.1860384129161175,0.185838497873064,0.0001999150430534,18.649477265895804,18.62943672162274,0.0200405442730655,0.9825424718146548,0.9825803034400208,0.8241615295410156,I_STOKES_INP,uK_native_or_already_scaled,,,TMASKINP,COM_CMB_IQU-smica_2048_R3.00_full.fits,,Mask ladder inpainted,mask_sky_fraction_inpainted,cptg_cmb_mask_ladder_inpainted,SMICA_noSZ | mask_ge_0.95_abs_b_gt_10deg | abs_b_gt_10deg,True,False,0.0200405442730655,0.0001999150430534,,100.24530404000292,,,,,,,mask_ge_0.95_abs_b_gt_10deg,0.95,10.0,abs_b_gt_10deg
SMICA_noSZ,0.1916846550759989,0.1915141517467929,0.000170503329206,19.081114557112095,19.064141922783808,0.0169726343282903,0.9814565670514388,0.9814898520518214,0.6562627156575521,I_STOKES_INP,uK_native_or_already_scaled,,,TMASKINP,COM_CMB_IQU-smica_2048_R3.00_full.fits,,Mask ladder inpainted,mask_sky_fraction_inpainted,cptg_cmb_mask_ladder_inpainted,SMICA_noSZ | mask_ge_0.95_abs_b_gt_20deg | abs_b_gt_20deg,True,False,0.0169726343282903,0.000170503329206,,99.54429867923876,,,,,,,mask_ge_0.95_abs_b_gt_20deg,0.95,20.0,abs_b_gt_20deg
SMICA_noSZ,0.1958528523517368,0.195772229902308,8.062244942874663e-05,19.353648156510907,19.345681264525297,0.0079668919856104,0.9806332954910764,0.9806493940237142,0.4991315205891927,I_STOKES_INP,uK_native_or_already_scaled,,,TMASKINP,COM_CMB_IQU-smica_2048_R3.00_full.fits,,Mask ladder inpainted,mask_sky_fraction_inpainted,cptg_cmb_mask_ladder_inpainted,SMICA_noSZ | mask_ge_0.95_abs_b_gt_30deg | abs_b_gt_30deg,True,False,0.0079668919856104,8.062244942874663e-05,,98.81729024682892,,,,,,,mask_ge_0.95_abs_b_gt_30deg,0.95,30.0,abs_b_gt_30deg
SMICA_noSZ,0.1925960585811121,0.1925749094390025,2.1149142109516683e-05,18.935557603745888,18.93347827355796,0.0020793301879322,0.9812781248040844,0.9812822755224718,0.357983907063802,I_STOKES_INP,uK_native_or_already_scaled,,,TMASKINP,COM_CMB_IQU-smica_2048_R3.00_full.fits,,Mask ladder inpainted,mask_sky_fraction_inpainted,cptg_cmb_mask_ladder_inpainted,SMICA_noSZ | mask_ge_0.95_abs_b_gt_40deg | abs_b_gt_40deg,True,False,0.0020793301879322,2.1149142109516683e-05,,98.317472035759,,,,,,,mask_ge_0.95_abs_b_gt_40deg,0.95,40.0,abs_b_gt_40deg
SMICA_noSZ,0.1861714568668719,0.1858647528514219,0.00030670401545,18.91446389113077,18.88330367933932,0.0311602117914482,0.9825172714248164,0.9825753373902072,0.9830919901529948,I_STOKES_INP,uK_native_or_already_scaled,,,TMASKINP,COM_CMB_IQU-smica_2048_R3.00_full.fits,,Mask ladder inpainted,mask_sky_fraction_inpainted,cptg_cmb_mask_ladder_inpainted,SMICA_noSZ | mask_ge_0.99_no_galactic_cut | no_galactic_cut,True,False,0.0311602117914482,0.00030670401545,,101.5970128259574,,,,,,,mask_ge_0.99_no_galactic_cut,0.99,-1.0,no_galactic_cut
SMICA_noSZ,0.1860200428996241,0.1858201739872184,0.0001998689124056,18.647382533210735,18.627346885395426,0.0200356478153125,0.9825459498871398,0.982583768917114,0.8240839640299479,I_STOKES_INP,uK_native_or_already_scaled,,,TMASKINP,COM_CMB_IQU-smica_2048_R3.00_full.fits,,Mask ladder inpainted,mask_sky_fraction_inpainted,cptg_cmb_mask_ladder_inpainted,SMICA_noSZ | mask_ge_0.99_abs_b_gt_10deg | abs_b_gt_10deg,True,False,0.0200356478153125,0.0001998689124056,,100.24394276305384,,,,,,,mask_ge_0.99_abs_b_gt_10deg,0.99,10.0,abs_b_gt_10deg
SMICA_noSZ,0.191683351289122,0.191512859033387,0.000170492255735,19.0807981744054,19.06382680834726,0.01697136605814,0.9814568216883364,0.981490104292885,0.6562271118164062,I_STOKES_INP,uK_native_or_already_scaled,,,TMASKINP,COM_CMB_IQU-smica_2048_R3.00_full.fits,,Mask ladder inpainted,mask_sky_fraction_inpainted,cptg_cmb_mask_ladder_inpainted,SMICA_noSZ | mask_ge_0.99_abs_b_gt_20deg | abs_b_gt_20deg,True,False,0.01697136605814,0.000170492255735,,99.54332520838094,,,,,,,mask_ge_0.99_abs_b_gt_20deg,0.99,20.0,abs_b_gt_20deg
SMICA_noSZ,0.195857384645639,0.1957767486947141,8.063595092491771e-05,19.35394277748164,19.34597461440812,0.0079681630735173,0.9806323902868852,0.9806484919024384,0.4991137186686198,I_STOKES_INP,uK_native_or_already_scaled,,,TMASKINP,COM_CMB_IQU-smica_2048_R3.00_full.fits,,Mask ladder inpainted,mask_sky_fraction_inpainted,cptg_cmb_mask_ladder_inpainted,SMICA_noSZ | mask_ge_0.99_abs_b_gt_30deg | abs_b_gt_30deg,True,False,0.0079681630735173,8.063595092491771e-05,,98.81650779978683,,,,,,,mask_ge_0.99_abs_b_gt_30deg,0.99,30.0,abs_b_gt_30deg
SMICA_noSZ,0.1925968712295035,0.1925757850944734,2.108613503012946e-05,18.935610562521568,18.933537429979744,0.0020731325418239,0.9812779653047377,0.9812821036762296,0.3579813639322917,I_STOKES_INP,uK_native_or_already_scaled,,,TMASKINP,COM_CMB_IQU-smica_2048_R3.00_full.fits,,Mask ladder inpainted,mask_sky_fraction_inpainted,cptg_cmb_mask_ladder_inpainted,SMICA_noSZ | mask_ge_0.99_abs_b_gt_40deg | abs_b_gt_40deg,True,False,0.0020731325418239,2.108613503012946e-05,,98.31733216453652,,,,,,,mask_ge_0.99_abs_b_gt_40deg,0.99,40.0,abs_b_gt_40deg
NILC,0.1831717299077234,0.1829156914010065,0.0002560385067168,18.36395597613684,18.3382867319368,0.0256692442000385,0.9830809312374094,0.983128602899586,0.7862688700358073,I_STOKES_INP,K_CMB_to_uK,,,TMASK,COM_CMB_IQU-nilc_2048_R3.00_full.fits,,Mask ladder inpainted,mask_sky_fraction_inpainted,cptg_cmb_mask_ladder_inpainted,NILC | mask_ge_0.50_no_galactic_cut | no_galactic_cut,True,False,0.0256692442000385,0.0002560385067168,,100.25540505288708,,,,,,,mask_ge_0.50_no_galactic_cut,0.5,-1.0,no_galactic_cut
NILC,0.1859901435988419,0.185765777142943,0.0002243664558988,18.584924849492754,18.562505200575117,0.0224196489176407,0.982551610086759,0.9825940545527836,0.769622802734375,I_STOKES_INP,K_CMB_to_uK,,,TMASK,COM_CMB_IQU-nilc_2048_R3.00_full.fits,,Mask ladder inpainted,mask_sky_fraction_inpainted,cptg_cmb_mask_ladder_inpainted,NILC | mask_ge_0.50_abs_b_gt_10deg | abs_b_gt_10deg,True,False,0.0224196489176407,0.0002243664558988,,99.9242459298175,,,,,,,mask_ge_0.50_abs_b_gt_10deg,0.5,10.0,abs_b_gt_10deg
NILC,0.1919030793340174,0.1917235336574375,0.0001795456765799,19.05585662681411,19.038027852608163,0.0178287742059453,0.9814138821833132,0.9814489730199456,0.6443532307942709,I_STOKES_INP,K_CMB_to_uK,,,TMASK,COM_CMB_IQU-nilc_2048_R3.00_full.fits,,Mask ladder inpainted,mask_sky_fraction_inpainted,cptg_cmb_mask_ladder_inpainted,NILC | mask_ge_0.50_abs_b_gt_20deg | abs_b_gt_20deg,True,False,0.0178287742059453,0.0001795456765799,,99.29937910817148,,,,,,,mask_ge_0.50_abs_b_gt_20deg,0.5,20.0,abs_b_gt_20deg
NILC,0.1947388421570122,0.1946477626531819,9.107950383030472e-05,19.194390983761597,19.185413752574625,0.008977231186968,0.9808551286277428,0.9808732071445884,0.4964599609375,I_STOKES_INP,K_CMB_to_uK,,,TMASK,COM_CMB_IQU-nilc_2048_R3.00_full.fits,,Mask ladder inpainted,mask_sky_fraction_inpainted,cptg_cmb_mask_ladder_inpainted,NILC | mask_ge_0.50_abs_b_gt_30deg | abs_b_gt_30deg,True,False,0.008977231186968,9.107950383030472e-05,,98.56477922512096,,,,,,,mask_ge_0.50_abs_b_gt_30deg,0.5,30.0,abs_b_gt_30deg
NILC,0.190955954537552,0.1909232731448255,3.268139272655235e-05,18.74171045546812,18.738502882280645,0.0032075731874705,0.9815986060639308,0.9816049631963292,0.3578033447265625,I_STOKES_INP,K_CMB_to_uK,,,TMASK,COM_CMB_IQU-nilc_2048_R3.00_full.fits,,Mask ladder inpainted,mask_sky_fraction_inpainted,cptg_cmb_mask_ladder_inpainted,NILC | mask_ge_0.50_abs_b_gt_40deg | abs_b_gt_40deg,True,False,0.0032075731874705,3.268139272655235e-05,,98.1467715990103,,,,,,,mask_ge_0.50_abs_b_gt_40deg,0.5,40.0,abs_b_gt_40deg
NILC,0.1832667676771806,0.1830125360095442,0.0002542316676363,18.37071754116724,18.345233280079636,0.0254842610876089,0.9830632186513534,0.9831105795704548,0.7850456237792969,I_STOKES_INP,K_CMB_to_uK,,,TMASK,COM_CMB_IQU-nilc_2048_R3.00_full.fits,,Mask ladder inpainted,mask_sky_fraction_inpainted,cptg_cmb_mask_ladder_inpainted,NILC | mask_ge_0.70_no_galactic_cut | no_galactic_cut,True,False,0.0254842610876089,0.0002542316676363,,100.24030965355792,,,,,,,mask_ge_0.70_no_galactic_cut,0.7,-1.0,no_galactic_cut
NILC,0.1860075021208264,0.1857838596265198,0.0002236424943065,18.58533534292049,18.562989627257288,0.0223457156632029,0.982548324081198,0.9825906357696848,0.7688026428222656,I_STOKES_INP,K_CMB_to_uK,,,TMASK,COM_CMB_IQU-nilc_2048_R3.00_full.fits,,Mask ladder inpainted,mask_sky_fraction_inpainted,cptg_cmb_mask_ladder_inpainted,NILC | mask_ge_0.70_abs_b_gt_10deg | abs_b_gt_10deg,True,False,0.0223457156632029,0.0002236424943065,,99.91712770191312,,,,,,,mask_ge_0.70_abs_b_gt_10deg,0.7,10.0,abs_b_gt_10deg
NILC,0.1918964099535756,0.1917177738324647,0.0001786361211108,19.054580513860827,19.03684262937818,0.0177378844826456,0.981415186272828,0.9814500981693997,0.6440022786458334,I_STOKES_INP,K_CMB_to_uK,,,TMASK,COM_CMB_IQU-nilc_2048_R3.00_full.fits,,Mask ladder inpainted,mask_sky_fraction_inpainted,cptg_cmb_mask_ladder_inpainted,NILC | mask_ge_0.70_abs_b_gt_20deg | abs_b_gt_20deg,True,False,0.0177378844826456,0.0001786361211108,,99.29618025928986,,,,,,,mask_ge_0.70_abs_b_gt_20deg,0.7,20.0,abs_b_gt_20deg
NILC,0.1947304132627564,0.1946398088073513,9.06044554050689e-05,19.19237765968663,19.183447801753047,0.0089298579335839,0.9808568020616036,0.9808747854988616,0.4963213602701823,I_STOKES_INP,K_CMB_to_uK,,,TMASK,COM_CMB_IQU-nilc_2048_R3.00_full.fits,,Mask ladder inpainted,mask_sky_fraction_inpainted,cptg_cmb_mask_ladder_inpainted,NILC | mask_ge_0.70_abs_b_gt_30deg | abs_b_gt_30deg,True,False,0.0089298579335839,9.06044554050689e-05,,98.55870656315868,,,,,,,mask_ge_0.70_abs_b_gt_30deg,0.7,30.0,abs_b_gt_30deg
NILC,0.1909470099008965,0.1909145116620265,3.249823886999903e-05,18.74094109657228,18.737751480873552,0.0031896156987265,0.9816003460726298,0.981606667274041,0.3577855428059895,I_STOKES_INP,K_CMB_to_uK,,,TMASK,COM_CMB_IQU-nilc_2048_R3.00_full.fits,,Mask ladder inpainted,mask_sky_fraction_inpainted,cptg_cmb_mask_ladder_inpainted,NILC | mask_ge_0.70_abs_b_gt_40deg | abs_b_gt_40deg,True,False,0.0031896156987265,3.249823886999903e-05,,98.14733996776916,,,,,,,mask_ge_0.70_abs_b_gt_40deg,0.7,40.0,abs_b_gt_40deg
NILC,0.1833099752964076,0.1830567330804312,0.0002532422159763,18.373877912156257,18.34849445143062,0.0253834607256351,0.9830551627232476,0.9831023509655136,0.7843360900878906,I_STOKES_INP,K_CMB_to_uK,,,TMASK,COM_CMB_IQU-nilc_2048_R3.00_full.fits,,Mask ladder inpainted,mask_sky_fraction_inpainted,cptg_cmb_mask_ladder_inpainted,NILC | mask_ge_0.80_no_galactic_cut | no_galactic_cut,True,False,0.0253834607256351,0.0002532422159763,,100.23392279905202,,,,,,,mask_ge_0.80_no_galactic_cut,0.8,-1.0,no_galactic_cut
NILC,0.1859868635644636,0.1857636367855149,0.0002232267789486,18.5829130462729,18.560609299958237,0.022303746314666,0.982552230968641,0.9825944591988188,0.7682940165201823,I_STOKES_INP,K_CMB_to_uK,,,TMASK,COM_CMB_IQU-nilc_2048_R3.00_full.fits,,Mask ladder inpainted,mask_sky_fraction_inpainted,cptg_cmb_mask_ladder_inpainted,NILC | mask_ge_0.80_abs_b_gt_10deg | abs_b_gt_10deg,True,False,0.022303746314666,0.0002232267789486,,99.9151912674306,,,,,,,mask_ge_0.80_abs_b_gt_10deg,0.8,10.0,abs_b_gt_10deg
NILC,0.1919084413062721,0.1917302522141685,0.0001781890921035,19.05551355835392,19.037820305063867,0.0176932532900515,0.9814128337022076,0.9814476605432868,0.6437759399414062,I_STOKES_INP,K_CMB_to_uK,,,TMASK,COM_CMB_IQU-nilc_2048_R3.00_full.fits,,Mask ladder inpainted,mask_sky_fraction_inpainted,cptg_cmb_mask_ladder_inpainted,NILC | mask_ge_0.80_abs_b_gt_20deg | abs_b_gt_20deg,True,False,0.0176932532900515,0.0001781890921035,,99.29481699005976,,,,,,,mask_ge_0.80_abs_b_gt_20deg,0.8,20.0,abs_b_gt_20deg
NILC,0.1947042678076486,0.1946137899717007,9.047783594795522e-05,19.18951563593025,19.18059838995933,0.0089172459709203,0.98086199238093,0.9808799481857352,0.496222178141276,I_STOKES_INP,K_CMB_to_uK,,,TMASK,COM_CMB_IQU-nilc_2048_R3.00_full.fits,,Mask ladder inpainted,mask_sky_fraction_inpainted,cptg_cmb_mask_ladder_inpainted,NILC | mask_ge_0.80_abs_b_gt_30deg | abs_b_gt_30deg,True,False,0.0089172459709203,9.047783594795522e-05,,98.5572419752394,,,,,,,mask_ge_0.80_abs_b_gt_30deg,0.8,30.0,abs_b_gt_30deg
NILC,0.1909416926838364,0.1909093051697438,3.2387514092624414e-05,18.74057833665012,18.7373995613054,0.0031787753447183,0.9816013803958464,0.9816076798801066,0.3577728271484375,I_STOKES_INP,K_CMB_to_uK,,,TMASK,COM_CMB_IQU-nilc_2048_R3.00_full.fits,,Mask ladder inpainted,mask_sky_fraction_inpainted,cptg_cmb_mask_ladder_inpainted,NILC | mask_ge_0.80_abs_b_gt_40deg | abs_b_gt_40deg,True,False,0.0031787753447183,3.2387514092624414e-05,,98.148173262929,,,,,,,mask_ge_0.80_abs_b_gt_40deg,0.8,40.0,abs_b_gt_40deg
NILC,0.1833655908206597,0.1831132844844578,0.0002523063362018,18.37871493142609,18.35342629244157,0.0252886389845166,0.9830447904866748,0.9830918192342536,0.7835426330566406,I_STOKES_INP,K_CMB_to_uK,,,TMASK,COM_CMB_IQU-nilc_2048_R3.00_full.fits,,Mask ladder inpainted,mask_sky_fraction_inpainted,cptg_cmb_mask_ladder_inpainted,NILC | mask_ge_0.90_no_galactic_cut | no_galactic_cut,True,False,0.0252886389845166,0.0002523063362018,,100.22990054552464,,,,,,,mask_ge_0.90_no_galactic_cut,0.9,-1.0,no_galactic_cut
NILC,0.1859859268686216,0.1857631674507025,0.0002227594179191,18.582962519617062,18.560705298418785,0.0222572211982807,0.9825524082749072,0.9825945479284331,0.7677357991536459,I_STOKES_INP,K_CMB_to_uK,,,TMASK,COM_CMB_IQU-nilc_2048_R3.00_full.fits,,Mask ladder inpainted,mask_sky_fraction_inpainted,cptg_cmb_mask_ladder_inpainted,NILC | mask_ge_0.90_abs_b_gt_10deg | abs_b_gt_10deg,True,False,0.0222572211982807,0.0002227594179191,,99.91596048417072,,,,,,,mask_ge_0.90_abs_b_gt_10deg,0.9,10.0,abs_b_gt_10deg
NILC,0.1919289005529657,0.1917514999593433,0.0001774005936223,19.057710616645355,19.040095504138925,0.0176151125064301,0.981408832817664,0.9814435094611108,0.6435038248697916,I_STOKES_INP,K_CMB_to_uK,,,TMASK,COM_CMB_IQU-nilc_2048_R3.00_full.fits,,Mask ladder inpainted,mask_sky_fraction_inpainted,cptg_cmb_mask_ladder_inpainted,NILC | mask_ge_0.90_abs_b_gt_20deg | abs_b_gt_20deg,True,False,0.0176151125064301,0.0001774005936223,,99.29567960707456,,,,,,,mask_ge_0.90_abs_b_gt_20deg,0.9,20.0,abs_b_gt_20deg
NILC,0.194694594889263,0.1946042460786982,9.034881056479982e-05,19.18900316663009,19.18009843245904,0.0089047341710504,0.9808639124368402,0.9808818417159844,0.4961077372233073,I_STOKES_INP,K_CMB_to_uK,,,TMASK,COM_CMB_IQU-nilc_2048_R3.00_full.fits,,Mask ladder inpainted,mask_sky_fraction_inpainted,cptg_cmb_mask_ladder_inpainted,NILC | mask_ge_0.90_abs_b_gt_30deg | abs_b_gt_30deg,True,False,0.0089047341710504,9.034881056479982e-05,,98.55950637738184,,,,,,,mask_ge_0.90_abs_b_gt_30deg,0.9,30.0,abs_b_gt_30deg
NILC,0.1909341568707382,0.1909019367910349,3.222007970329899e-05,18.73990164922345,18.73673929663728,0.0031623525861768,0.9816028462367355,0.9816091129005636,0.3577562967936198,I_STOKES_INP,K_CMB_to_uK,,,TMASK,COM_CMB_IQU-nilc_2048_R3.00_full.fits,,Mask ladder inpainted,mask_sky_fraction_inpainted,cptg_cmb_mask_ladder_inpainted,NILC | mask_ge_0.90_abs_b_gt_40deg | abs_b_gt_40deg,True,False,0.0031623525861768,3.222007970329899e-05,,98.14850289940688,,,,,,,mask_ge_0.90_abs_b_gt_40deg,0.9,40.0,abs_b_gt_40deg
NILC,0.1833284467395816,0.183077244119609,0.0002512026199725,18.37381701654804,18.348640612909985,0.0251764036380564,0.9830517181796958,0.9830985315244698,0.7829602559407552,I_STOKES_INP,K_CMB_to_uK,,,TMASK,COM_CMB_IQU-nilc_2048_R3.00_full.fits,,Mask ladder inpainted,mask_sky_fraction_inpainted,cptg_cmb_mask_ladder_inpainted,NILC | mask_ge_0.95_no_galactic_cut | no_galactic_cut,True,False,0.0251764036380564,0.0002512026199725,,100.22349146201012,,,,,,,mask_ge_0.95_no_galactic_cut,0.95,-1.0,no_galactic_cut
NILC,0.18598163104982,0.1857597936005228,0.0002218374492972,18.582366157888988,18.560201255435427,0.0221649024535608,0.9825532214145188,0.9825951857614056,0.7673136393229166,I_STOKES_INP,K_CMB_to_uK,,,TMASK,COM_CMB_IQU-nilc_2048_R3.00_full.fits,,Mask ladder inpainted,mask_sky_fraction_inpainted,cptg_cmb_mask_ladder_inpainted,NILC | mask_ge_0.95_abs_b_gt_10deg | abs_b_gt_10deg,True,False,0.0221649024535608,0.0002218374492972,,99.91506178860864,,,,,,,mask_ge_0.95_abs_b_gt_10deg,0.95,10.0,abs_b_gt_10deg
NILC,0.1919642231888067,0.1917875344564177,0.0001766887323889,19.060594437637977,19.04305058382072,0.0175438538172549,0.9814019242978476,0.9814364684619828,0.6433054606119791,I_STOKES_INP,K_CMB_to_uK,,,TMASK,COM_CMB_IQU-nilc_2048_R3.00_full.fits,,Mask ladder inpainted,mask_sky_fraction_inpainted,cptg_cmb_mask_ladder_inpainted,NILC | mask_ge_0.95_abs_b_gt_20deg | abs_b_gt_20deg,True,False,0.0175438538172549,0.0001766887323889,,99.29243127189848,,,,,,,mask_ge_0.95_abs_b_gt_20deg,0.95,20.0,abs_b_gt_20deg
NILC,0.1947008115901287,0.194610638301316,9.017328881272269e-05,19.189207215410057,19.180319969844973,0.0088872455650843,0.9808626784449214,0.9808805734950378,0.4960072835286458,I_STOKES_INP,K_CMB_to_uK,,,TMASK,COM_CMB_IQU-nilc_2048_R3.00_full.fits,,Mask ladder inpainted,mask_sky_fraction_inpainted,cptg_cmb_mask_ladder_inpainted,NILC | mask_ge_0.95_abs_b_gt_30deg | abs_b_gt_30deg,True,False,0.0088872455650843,9.017328881272269e-05,,98.55740743292792,,,,,,,mask_ge_0.95_abs_b_gt_30deg,0.95,30.0,abs_b_gt_30deg
NILC,0.1909189355069471,0.1908868510895904,3.2084417356720296e-05,18.738454781686272,18.735305736243298,0.0031490454429743,0.9816058068618452,0.9816120466259064,0.3577435811360677,I_STOKES_INP,K_CMB_to_uK,,,TMASK,COM_CMB_IQU-nilc_2048_R3.00_full.fits,,Mask ladder inpainted,mask_sky_fraction_inpainted,cptg_cmb_mask_ladder_inpainted,NILC | mask_ge_0.95_abs_b_gt_40deg | abs_b_gt_40deg,True,False,0.0031490454429743,3.2084417356720296e-05,,98.14874953042266,,,,,,,mask_ge_0.95_abs_b_gt_40deg,0.95,40.0,abs_b_gt_40deg
NILC,0.1834392885174103,0.1831894064334379,0.0002498820839723,18.38275461370581,18.357713516625957,0.0250410970798569,0.9830310409281218,0.9830776375091465,0.7820383707682291,I_STOKES_INP,K_CMB_to_uK,,,TMASK,COM_CMB_IQU-nilc_2048_R3.00_full.fits,,Mask ladder inpainted,mask_sky_fraction_inpainted,cptg_cmb_mask_ladder_inpainted,NILC | mask_ge_0.99_no_galactic_cut | no_galactic_cut,True,False,0.0250410970798569,0.0002498820839723,,100.21165456036478,,,,,,,mask_ge_0.99_no_galactic_cut,0.99,-1.0,no_galactic_cut
NILC,0.1860264490165155,0.1858051651310422,0.0002212838854732,18.5858417632236,18.5637333624994,0.0221084007242033,0.9825447370304852,0.9825866071805712,0.7666524251302084,I_STOKES_INP,K_CMB_to_uK,,,TMASK,COM_CMB_IQU-nilc_2048_R3.00_full.fits,,Mask ladder inpainted,mask_sky_fraction_inpainted,cptg_cmb_mask_ladder_inpainted,NILC | mask_ge_0.99_abs_b_gt_10deg | abs_b_gt_10deg,True,False,0.0221084007242033,0.0002212838854732,,99.90967339044106,,,,,,,mask_ge_0.99_abs_b_gt_10deg,0.99,10.0,abs_b_gt_10deg
NILC,0.1920946894367951,0.1919185639197599,0.0001761255170352,19.07269035665358,19.05520321289043,0.0174871437631516,0.9813763958289304,0.9814108542414728,0.6430040995279948,I_STOKES_INP,K_CMB_to_uK,,,TMASK,COM_CMB_IQU-nilc_2048_R3.00_full.fits,,Mask ladder inpainted,mask_sky_fraction_inpainted,cptg_cmb_mask_ladder_inpainted,NILC | mask_ge_0.99_abs_b_gt_20deg | abs_b_gt_20deg,True,False,0.0174871437631516,0.0001761255170352,,99.2879626843045,,,,,,,mask_ge_0.99_abs_b_gt_20deg,0.99,20.0,abs_b_gt_20deg
NILC,0.1947362118582039,0.1946463969232241,8.981493497980941e-05,19.19192104849205,19.18306947884992,0.0088515696421325,0.9808556508432402,0.9808734781636248,0.4958890279134114,I_STOKES_INP,K_CMB_to_uK,,,TMASK,COM_CMB_IQU-nilc_2048_R3.00_full.fits,,Mask ladder inpainted,mask_sky_fraction_inpainted,cptg_cmb_mask_ladder_inpainted,NILC | mask_ge_0.99_abs_b_gt_30deg | abs_b_gt_30deg,True,False,0.0088515696421325,8.981493497980941e-05,,98.55342704553858,,,,,,,mask_ge_0.99_abs_b_gt_30deg,0.99,30.0,abs_b_gt_30deg
NILC,0.1909210516625619,0.1908891456858941,3.190597666771766e-05,18.738864750102447,18.73573318458733,0.0031315655151189,0.9816053952745274,0.9816116004099124,0.3577206929524739,I_STOKES_INP,K_CMB_to_uK,,,TMASK,COM_CMB_IQU-nilc_2048_R3.00_full.fits,,Mask ladder inpainted,mask_sky_fraction_inpainted,cptg_cmb_mask_ladder_inpainted,NILC | mask_ge_0.99_abs_b_gt_40deg | abs_b_gt_40deg,True,False,0.0031315655151189,3.190597666771766e-05,,98.149808975607,,,,,,,mask_ge_0.99_abs_b_gt_40deg,0.99,40.0,abs_b_gt_40deg
SEVEM,0.1886409860006382,0.1883264601524999,0.0003145258481382,19.089142756226725,19.05731494964596,0.0318278065807682,0.9820461182656886,0.982106483232052,0.9912630716959636,I_STOKES_INP,K_CMB_to_uK,,,TMASKINP,COM_CMB_IQU-sevem_2048_R3.00_full.fits,,Mask ladder inpainted,mask_sky_fraction_inpainted,cptg_cmb_mask_ladder_inpainted,SEVEM | mask_ge_0.50_no_galactic_cut | no_galactic_cut,True,False,0.0318278065807682,0.0003145258481382,,101.19297593239968,,,,,,,mask_ge_0.50_no_galactic_cut,0.5,-1.0,no_galactic_cut
SEVEM,0.1866648059057093,0.1864836895905732,0.0001811163151361,18.67096681426717,18.652850829879966,0.018115984387208,0.9824236612766324,0.982458056874026,0.8233108520507812,I_STOKES_INP,K_CMB_to_uK,,,TMASKINP,COM_CMB_IQU-sevem_2048_R3.00_full.fits,,Mask ladder inpainted,mask_sky_fraction_inpainted,cptg_cmb_mask_ladder_inpainted,SEVEM | mask_ge_0.50_abs_b_gt_10deg | abs_b_gt_10deg,True,False,0.018115984387208,0.0001811163151361,,100.0240335808053,,,,,,,mask_ge_0.50_abs_b_gt_10deg,0.5,10.0,abs_b_gt_10deg
SEVEM,0.1941777881935781,0.1940153828997567,0.0001624052938213,19.2968979632441,19.28075853549226,0.0161394277518382,0.9809663534353512,0.9809984868480994,0.6555862426757812,I_STOKES_INP,K_CMB_to_uK,,,TMASKINP,COM_CMB_IQU-sevem_2048_R3.00_full.fits,,Mask ladder inpainted,mask_sky_fraction_inpainted,cptg_cmb_mask_ladder_inpainted,SEVEM | mask_ge_0.50_abs_b_gt_20deg | abs_b_gt_20deg,True,False,0.0161394277518382,0.0001624052938213,,99.37747330815613,,,,,,,mask_ge_0.50_abs_b_gt_20deg,0.5,20.0,abs_b_gt_20deg
SEVEM,0.1970716592618658,0.196987814189802,8.384507206385394e-05,19.460246322000508,19.45196686791076,0.0082794540897452,0.9803890865956104,0.9804059368754984,0.4986648559570312,I_STOKES_INP,K_CMB_to_uK,,,TMASKINP,COM_CMB_IQU-sevem_2048_R3.00_full.fits,,Mask ladder inpainted,mask_sky_fraction_inpainted,cptg_cmb_mask_ladder_inpainted,SEVEM | mask_ge_0.50_abs_b_gt_30deg | abs_b_gt_30deg,True,False,0.0082794540897452,8.384507206385394e-05,,98.74705675534008,,,,,,,mask_ge_0.50_abs_b_gt_30deg,0.5,30.0,abs_b_gt_30deg
SEVEM,0.1929786863288558,0.1929527098887512,2.597644010463029e-05,18.968753603143018,18.966200260588952,0.0025533425540658,0.9812029487434232,0.98120805731842,0.3572565714518229,I_STOKES_INP,K_CMB_to_uK,,,TMASKINP,COM_CMB_IQU-sevem_2048_R3.00_full.fits,,Mask ladder inpainted,mask_sky_fraction_inpainted,cptg_cmb_mask_ladder_inpainted,SEVEM | mask_ge_0.50_abs_b_gt_40deg | abs_b_gt_40deg,True,False,0.0025533425540658,2.597644010463029e-05,,98.29455243994292,,,,,,,mask_ge_0.50_abs_b_gt_40deg,0.5,40.0,abs_b_gt_40deg
SEVEM,0.1865654130335784,0.1862832023743189,0.0002822106592594,18.87157798005215,18.8430316360304,0.0285463440217519,0.9824425411491556,0.9824960908386192,0.9837443033854166,I_STOKES_INP,K_CMB_to_uK,,,TMASKINP,COM_CMB_IQU-sevem_2048_R3.00_full.fits,,Mask ladder inpainted,mask_sky_fraction_inpainted,cptg_cmb_mask_ladder_inpainted,SEVEM | mask_ge_0.70_no_galactic_cut | no_galactic_cut,True,False,0.0285463440217519,0.0002822106592594,,101.152607405616,,,,,,,mask_ge_0.70_no_galactic_cut,0.7,-1.0,no_galactic_cut
SEVEM,0.1860689710887263,0.1859022772135054,0.0001666938752208,18.60947322302408,18.59280152763493,0.016671695389153,0.9825366853191704,0.9825682385090784,0.8199564615885416,I_STOKES_INP,K_CMB_to_uK,,,TMASKINP,COM_CMB_IQU-sevem_2048_R3.00_full.fits,,Mask ladder inpainted,mask_sky_fraction_inpainted,cptg_cmb_mask_ladder_inpainted,SEVEM | mask_ge_0.70_abs_b_gt_10deg | abs_b_gt_10deg,True,False,0.016671695389153,0.0001666938752208,,100.01384494220814,,,,,,,mask_ge_0.70_abs_b_gt_10deg,0.7,10.0,abs_b_gt_10deg
SEVEM,0.1937619428970498,0.1936101858430721,0.0001517570539776,19.25532473875097,19.24024370006997,0.015081038681,0.9810485765163516,0.9810785370895704,0.653631846110026,I_STOKES_INP,K_CMB_to_uK,,,TMASKINP,COM_CMB_IQU-sevem_2048_R3.00_full.fits,,Mask ladder inpainted,mask_sky_fraction_inpainted,cptg_cmb_mask_ladder_inpainted,SEVEM | mask_ge_0.70_abs_b_gt_20deg | abs_b_gt_20deg,True,False,0.015081038681,0.0001517570539776,,99.37619560814257,,,,,,,mask_ge_0.70_abs_b_gt_20deg,0.7,20.0,abs_b_gt_20deg
SEVEM,0.1966782793936968,0.1966042941318895,7.398526180732445e-05,19.420626674561,19.41332113907732,0.007305535483681,0.9804680792431412,0.9804829175099896,0.4973322550455729,I_STOKES_INP,K_CMB_to_uK,,,TMASKINP,COM_CMB_IQU-sevem_2048_R3.00_full.fits,,Mask ladder inpainted,mask_sky_fraction_inpainted,cptg_cmb_mask_ladder_inpainted,SEVEM | mask_ge_0.70_abs_b_gt_30deg | abs_b_gt_30deg,True,False,0.007305535483681,7.398526180732445e-05,,98.7431186322621,,,,,,,mask_ge_0.70_abs_b_gt_30deg,0.7,30.0,abs_b_gt_30deg
SEVEM,0.1926435729030042,0.1926265003299615,1.7072573042703487e-05,18.93428388183172,18.93260587648894,0.0016780053427822,0.9812687979443576,0.9812721494930096,0.3564440409342448,I_STOKES_INP,K_CMB_to_uK,,,TMASKINP,COM_CMB_IQU-sevem_2048_R3.00_full.fits,,Mask ladder inpainted,mask_sky_fraction_inpainted,cptg_cmb_mask_ladder_inpainted,SEVEM | mask_ge_0.70_abs_b_gt_40deg | abs_b_gt_40deg,True,False,0.0016780053427822,1.7072573042703487e-05,,98.2866108456424,,,,,,,mask_ge_0.70_abs_b_gt_40deg,0.7,40.0,abs_b_gt_40deg
SEVEM,0.1850218985293174,0.1847619399474429,0.0002599585818744,18.71398422771048,18.68769079520478,0.026293432505696,0.9827343980265506,0.982783305488477,0.978191375732422,I_STOKES_INP,K_CMB_to_uK,,,TMASKINP,COM_CMB_IQU-sevem_2048_R3.00_full.fits,,Mask ladder inpainted,mask_sky_fraction_inpainted,cptg_cmb_mask_ladder_inpainted,SEVEM | mask_ge_0.80_no_galactic_cut | no_galactic_cut,True,False,0.026293432505696,0.0002599585818744,,101.14469895975678,,,,,,,mask_ge_0.80_no_galactic_cut,0.8,-1.0,no_galactic_cut
SEVEM,0.1851194121819383,0.1849644173398471,0.0001549948420911,18.51522563283797,18.499723398688577,0.0155022341493982,0.9827160338741876,0.9827452184152976,0.8173713684082031,I_STOKES_INP,K_CMB_to_uK,,,TMASKINP,COM_CMB_IQU-sevem_2048_R3.00_full.fits,,Mask ladder inpainted,mask_sky_fraction_inpainted,cptg_cmb_mask_ladder_inpainted,SEVEM | mask_ge_0.80_abs_b_gt_10deg | abs_b_gt_10deg,True,False,0.0155022341493982,0.0001549948420911,,100.0177421406293,,,,,,,mask_ge_0.80_abs_b_gt_10deg,0.8,10.0,abs_b_gt_10deg
SEVEM,0.1930567589337815,0.1929133265391645,0.0001434323946169,19.186743575834907,19.172488697677924,0.0142548781569828,0.9811875905401494,0.981215801158743,0.6520767211914062,I_STOKES_INP,K_CMB_to_uK,,,TMASKINP,COM_CMB_IQU-sevem_2048_R3.00_full.fits,,Mask ladder inpainted,mask_sky_fraction_inpainted,cptg_cmb_mask_ladder_inpainted,SEVEM | mask_ge_0.80_abs_b_gt_20deg | abs_b_gt_20deg,True,False,0.0142548781569828,0.0001434323946169,,99.38395154772054,,,,,,,mask_ge_0.80_abs_b_gt_20deg,0.8,20.0,abs_b_gt_20deg
SEVEM,0.1959170647577703,0.1958511828578205,6.588189994982674e-05,19.346582009553394,19.34007624864941,0.006505760903984,0.9806204687526666,0.9806336289222356,0.4962539672851562,I_STOKES_INP,K_CMB_to_uK,,,TMASKINP,COM_CMB_IQU-sevem_2048_R3.00_full.fits,,Mask ladder inpainted,mask_sky_fraction_inpainted,cptg_cmb_mask_ladder_inpainted,SEVEM | mask_ge_0.80_abs_b_gt_30deg | abs_b_gt_30deg,True,False,0.006505760903984,6.588189994982674e-05,,98.7488355517846,,,,,,,mask_ge_0.80_abs_b_gt_30deg,0.8,30.0,abs_b_gt_30deg
SEVEM,0.1919135589942644,0.1919037935071964,9.765487067991964e-06,18.86287510883032,18.8619152748097,0.000959834020616,0.9814118329601264,0.9814137425355054,0.3557612101236979,I_STOKES_INP,K_CMB_to_uK,,,TMASKINP,COM_CMB_IQU-sevem_2048_R3.00_full.fits,,Mask ladder inpainted,mask_sky_fraction_inpainted,cptg_cmb_mask_ladder_inpainted,SEVEM | mask_ge_0.80_abs_b_gt_40deg | abs_b_gt_40deg,True,False,0.000959834020616,9.765487067991964e-06,,98.28839195980966,,,,,,,mask_ge_0.80_abs_b_gt_40deg,0.8,40.0,abs_b_gt_40deg
SEVEM,0.1834701073062411,0.1832339448791483,0.0002361624270927,18.552223722412524,18.52834332987021,0.0238803925423098,0.9830252894636212,0.9830693370480158,0.971660614013672,I_STOKES_INP,K_CMB_to_uK,,,TMASKINP,COM_CMB_IQU-sevem_2048_R3.00_full.fits,,Mask ladder inpainted,mask_sky_fraction_inpainted,cptg_cmb_mask_ladder_inpainted,SEVEM | mask_ge_0.90_no_galactic_cut | no_galactic_cut,True,False,0.0238803925423098,0.0002361624270927,,101.11850913918026,,,,,,,mask_ge_0.90_no_galactic_cut,0.9,-1.0,no_galactic_cut
SEVEM,0.1842753085712395,0.1841322421087919,0.0001430664624476,18.43070449907592,18.416395388899712,0.0143091101762067,0.9828746668070016,0.9829014789977628,0.8142547607421875,I_STOKES_INP,K_CMB_to_uK,,,TMASKINP,COM_CMB_IQU-sevem_2048_R3.00_full.fits,,Mask ladder inpainted,mask_sky_fraction_inpainted,cptg_cmb_mask_ladder_inpainted,SEVEM | mask_ge_0.90_abs_b_gt_10deg | abs_b_gt_10deg,True,False,0.0143091101762067,0.0001430664624476,,100.01722228537598,,,,,,,mask_ge_0.90_abs_b_gt_10deg,0.9,10.0,abs_b_gt_10deg
SEVEM,0.1923109092821172,0.1921763472389705,0.0001345620431467,19.11355137869569,19.10017741808727,0.0133739606084155,0.9813340482073806,0.9813604085971098,0.650305430094401,I_STOKES_INP,K_CMB_to_uK,,,TMASKINP,COM_CMB_IQU-sevem_2048_R3.00_full.fits,,Mask ladder inpainted,mask_sky_fraction_inpainted,cptg_cmb_mask_ladder_inpainted,SEVEM | mask_ge_0.90_abs_b_gt_20deg | abs_b_gt_20deg,True,False,0.0133739606084155,0.0001345620431467,,99.388804566757,,,,,,,mask_ge_0.90_abs_b_gt_20deg,0.9,20.0,abs_b_gt_20deg
SEVEM,0.1952237341852391,0.1951667207500431,5.701343519601276e-05,19.27936138534197,19.273731011424832,0.0056303739171426,0.9807587336398138,0.9807700806568656,0.4950612386067708,I_STOKES_INP,K_CMB_to_uK,,,TMASKINP,COM_CMB_IQU-sevem_2048_R3.00_full.fits,,Mask ladder inpainted,mask_sky_fraction_inpainted,cptg_cmb_mask_ladder_inpainted,SEVEM | mask_ge_0.90_abs_b_gt_30deg | abs_b_gt_30deg,True,False,0.0056303739171426,5.701343519601276e-05,,98.75521265794784,,,,,,,mask_ge_0.90_abs_b_gt_30deg,0.9,30.0,abs_b_gt_30deg
SEVEM,0.1913219887200245,0.1913203606447683,1.6280752562214396e-06,18.806039922607,18.80587989056641,0.0001600320405934,0.981527328520309,0.9815276458677852,0.3550249735514323,I_STOKES_INP,K_CMB_to_uK,,,TMASKINP,COM_CMB_IQU-sevem_2048_R3.00_full.fits,,Mask ladder inpainted,mask_sky_fraction_inpainted,cptg_cmb_mask_ladder_inpainted,SEVEM | mask_ge_0.90_abs_b_gt_40deg | abs_b_gt_40deg,True,False,0.0001600320405934,1.6280752562214396e-06,,98.2952354218273,,,,,,,mask_ge_0.90_abs_b_gt_40deg,0.9,40.0,abs_b_gt_40deg
SEVEM,0.1824936544359368,0.1822744361637485,0.0002192182721882,18.44904321414075,18.42688152644026,0.0221616877004926,0.9832070311438058,0.9832476951008772,0.967230478922526,I_STOKES_INP,K_CMB_to_uK,,,TMASKINP,COM_CMB_IQU-sevem_2048_R3.00_full.fits,,Mask ladder inpainted,mask_sky_fraction_inpainted,cptg_cmb_mask_ladder_inpainted,SEVEM | mask_ge_0.95_no_galactic_cut | no_galactic_cut,True,False,0.0221616877004926,0.0002192182721882,,101.09416281439616,,,,,,,mask_ge_0.95_no_galactic_cut,0.95,-1.0,no_galactic_cut
SEVEM,0.1837493903691575,0.1836136387366255,0.000135751632532,18.37839330015322,18.364815584935776,0.0135777152174441,0.9829731235079436,0.9829984901666412,0.8122367858886719,I_STOKES_INP,K_CMB_to_uK,,,TMASKINP,COM_CMB_IQU-sevem_2048_R3.00_full.fits,,Mask ladder inpainted,mask_sky_fraction_inpainted,cptg_cmb_mask_ladder_inpainted,SEVEM | mask_ge_0.95_abs_b_gt_10deg | abs_b_gt_10deg,True,False,0.0135777152174441,0.000135751632532,,100.01879877386544,,,,,,,mask_ge_0.95_abs_b_gt_10deg,0.95,10.0,abs_b_gt_10deg
SEVEM,0.1919105865633709,0.191780904088641,0.0001296824747298,19.07391667862957,19.061027589174053,0.0128890894555162,0.9814124142096954,0.9814377641129078,0.649072011311849,I_STOKES_INP,K_CMB_to_uK,,,TMASKINP,COM_CMB_IQU-sevem_2048_R3.00_full.fits,,Mask ladder inpainted,mask_sky_fraction_inpainted,cptg_cmb_mask_ladder_inpainted,SEVEM | mask_ge_0.95_abs_b_gt_20deg | abs_b_gt_20deg,True,False,0.0128890894555162,0.0001296824747298,,99.38960127314894,,,,,,,mask_ge_0.95_abs_b_gt_20deg,0.95,20.0,abs_b_gt_20deg
SEVEM,0.1948412571023947,0.1947888483160766,5.240878631809776e-05,19.24134843563432,19.23617285971353,0.0051755759207878,0.9808347896209424,0.980845199086837,0.4941787719726562,I_STOKES_INP,K_CMB_to_uK,,,TMASKINP,COM_CMB_IQU-sevem_2048_R3.00_full.fits,,Mask ladder inpainted,mask_sky_fraction_inpainted,cptg_cmb_mask_ladder_inpainted,SEVEM | mask_ge_0.95_abs_b_gt_30deg | abs_b_gt_30deg,True,False,0.0051755759207878,5.240878631809776e-05,,98.75397398777012,,,,,,,mask_ge_0.95_abs_b_gt_30deg,0.95,30.0,abs_b_gt_30deg
SEVEM,0.1909879417690577,0.1909908690276866,-2.9272586289375013e-06,18.773148190936467,18.77343592564645,-0.0002877347099783,0.9815923828651176,0.9815918133053316,0.3544718424479167,I_STOKES_INP,K_CMB_to_uK,,,TMASKINP,COM_CMB_IQU-sevem_2048_R3.00_full.fits,,Mask ladder inpainted,mask_sky_fraction_inpainted,cptg_cmb_mask_ladder_inpainted,SEVEM | mask_ge_0.95_abs_b_gt_40deg | abs_b_gt_40deg,False,True,0.0002877347099783,2.9272586289375013e-06,,98.29493954983256,,,,,,,mask_ge_0.95_abs_b_gt_40deg,0.95,40.0,abs_b_gt_40deg
SEVEM,0.1810442858907742,0.1808459898168642,0.0001982960739099,18.29940608525542,18.27936292087861,0.0200431643768048,0.9834749445442418,0.9835114274715666,0.9608548482259116,I_STOKES_INP,K_CMB_to_uK,,,TMASKINP,COM_CMB_IQU-sevem_2048_R3.00_full.fits,,Mask ladder inpainted,mask_sky_fraction_inpainted,cptg_cmb_mask_ladder_inpainted,SEVEM | mask_ge_0.99_no_galactic_cut | no_galactic_cut,True,False,0.0200431643768048,0.0001982960739099,,101.07696023223636,,,,,,,mask_ge_0.99_no_galactic_cut,0.99,-1.0,no_galactic_cut
SEVEM,0.1828853902397963,0.1827609858586767,0.0001244043811195,18.2915077527794,18.27906529524496,0.0124424575344406,0.9831342400897436,0.983157373998672,0.8090845743815104,I_STOKES_INP,K_CMB_to_uK,,,TMASKINP,COM_CMB_IQU-sevem_2048_R3.00_full.fits,,Mask ladder inpainted,mask_sky_fraction_inpainted,cptg_cmb_mask_ladder_inpainted,SEVEM | mask_ge_0.99_abs_b_gt_10deg | abs_b_gt_10deg,True,False,0.0124424575344406,0.0001244043811195,,100.01623272802642,,,,,,,mask_ge_0.99_abs_b_gt_10deg,0.99,10.0,abs_b_gt_10deg
SEVEM,0.1913202090585919,0.1911992360429678,0.000120973015624,19.01690532286713,19.004880809638426,0.0120245132287095,0.9815276754151034,0.9815512478401656,0.6472193400065104,I_STOKES_INP,K_CMB_to_uK,,,TMASKINP,COM_CMB_IQU-sevem_2048_R3.00_full.fits,,Mask ladder inpainted,mask_sky_fraction_inpainted,cptg_cmb_mask_ladder_inpainted,SEVEM | mask_ge_0.99_abs_b_gt_20deg | abs_b_gt_20deg,True,False,0.0120245132287095,0.000120973015624,,99.39830933930872,,,,,,,mask_ge_0.99_abs_b_gt_20deg,0.99,20.0,abs_b_gt_20deg
SEVEM,0.194390003822276,0.1943454565685956,4.454725368036039e-05,19.198699305409995,19.194299648475614,0.0043996569343818,0.9809243224703807,0.9809331493588866,0.4929707845052083,I_STOKES_INP,K_CMB_to_uK,,,TMASKINP,COM_CMB_IQU-sevem_2048_R3.00_full.fits,,Mask ladder inpainted,mask_sky_fraction_inpainted,cptg_cmb_mask_ladder_inpainted,SEVEM | mask_ge_0.99_abs_b_gt_30deg | abs_b_gt_30deg,True,False,0.0043996569343818,4.454725368036039e-05,,98.76381978449209,,,,,,,mask_ge_0.99_abs_b_gt_30deg,0.99,30.0,abs_b_gt_30deg
SEVEM,0.1906693155316274,0.1906786953021675,-9.379770540107746e-06,18.743617267438317,18.74453933939609,-0.0009220719577776,0.981654324146082,0.9816525022419405,0.3537648518880208,I_STOKES_INP,K_CMB_to_uK,,,TMASKINP,COM_CMB_IQU-sevem_2048_R3.00_full.fits,,Mask ladder inpainted,mask_sky_fraction_inpainted,cptg_cmb_mask_ladder_inpainted,SEVEM | mask_ge_0.99_abs_b_gt_40deg | abs_b_gt_40deg,False,True,0.0009220719577776,9.379770540107746e-06,,98.30431926173875,,,,,,,mask_ge_0.99_abs_b_gt_40deg,0.99,40.0,abs_b_gt_40deg
COMMANDER,0.179504376245251,0.1792567970116629,0.0002475792335881,18.07857174304866,18.05363709226111,0.02493465078755,0.9837571747686537,0.9838023179100156,0.8879966735839844,I_STOKES_INP,K_CMB_to_uK,,,TMASK,COM_CMB_IQU-commander_2048_R3.00_full.fits,,Mask ladder inpainted,mask_sky_fraction_inpainted,cptg_cmb_mask_ladder_inpainted,COMMANDER | mask_ge_0.50_no_galactic_cut | no_galactic_cut,True,False,0.02493465078755,0.0002475792335881,,100.7138216972966,,,,,,,mask_ge_0.50_no_galactic_cut,0.5,-1.0,no_galactic_cut
COMMANDER,0.1846959055862357,0.1845084775376824,0.0001874280485532,18.47488948674608,18.456141304577407,0.0187481821686716,0.9827957175627496,0.9828309222428478,0.8131891886393229,I_STOKES_INP,K_CMB_to_uK,,,TMASK,COM_CMB_IQU-commander_2048_R3.00_full.fits,,Mask ladder inpainted,mask_sky_fraction_inpainted,cptg_cmb_mask_ladder_inpainted,COMMANDER | mask_ge_0.50_abs_b_gt_10deg | abs_b_gt_10deg,True,False,0.0187481821686716,0.0001874280485532,,100.02869001402976,,,,,,,mask_ge_0.50_abs_b_gt_10deg,0.5,10.0,abs_b_gt_10deg
COMMANDER,0.1924115867419857,0.1922410643586038,0.0001705223833818,19.12107707960968,19.10413126209602,0.0169458175136583,0.9813143131980864,0.9813477330560616,0.6550153096516927,I_STOKES_INP,K_CMB_to_uK,,,TMASK,COM_CMB_IQU-commander_2048_R3.00_full.fits,,Mask ladder inpainted,mask_sky_fraction_inpainted,cptg_cmb_mask_ladder_inpainted,COMMANDER | mask_ge_0.50_abs_b_gt_20deg | abs_b_gt_20deg,True,False,0.0169458175136583,0.0001705223833818,,99.3759128718692,,,,,,,mask_ge_0.50_abs_b_gt_20deg,0.5,20.0,abs_b_gt_20deg
COMMANDER,0.1957709203588315,0.1956804000739961,9.05202848353881e-05,19.328831135649278,19.319893897694183,0.0089372379550916,0.9806496554539016,0.9806677220276402,0.4991658528645833,I_STOKES_INP,K_CMB_to_uK,,,TMASK,COM_CMB_IQU-commander_2048_R3.00_full.fits,,Mask ladder inpainted,mask_sky_fraction_inpainted,cptg_cmb_mask_ladder_inpainted,COMMANDER | mask_ge_0.50_abs_b_gt_30deg | abs_b_gt_30deg,True,False,0.0089372379550916,9.05202848353881e-05,,98.7318806093426,,,,,,,mask_ge_0.50_abs_b_gt_30deg,0.5,30.0,abs_b_gt_30deg
COMMANDER,0.1917056541074391,0.1916716017562454,3.405235119374739e-05,18.83953499353944,18.836188558793356,0.0033464347460885,0.981452465574996,0.9814591163569654,0.3576583862304687,I_STOKES_INP,K_CMB_to_uK,,,TMASK,COM_CMB_IQU-commander_2048_R3.00_full.fits,,Mask ladder inpainted,mask_sky_fraction_inpainted,cptg_cmb_mask_ladder_inpainted,COMMANDER | mask_ge_0.50_abs_b_gt_40deg | abs_b_gt_40deg,True,False,0.0033464347460885,3.405235119374739e-05,,98.27323602558457,,,,,,,mask_ge_0.50_abs_b_gt_40deg,0.5,40.0,abs_b_gt_40deg
COMMANDER,0.1793823103474755,0.179137892142438,0.0002444182050375,18.065368815349537,18.04075376266884,0.0246150526806978,0.9837794400852266,0.9838239759218944,0.8855260213216146,I_STOKES_INP,K_CMB_to_uK,,,TMASK,COM_CMB_IQU-commander_2048_R3.00_full.fits,,Mask ladder inpainted,mask_sky_fraction_inpainted,cptg_cmb_mask_ladder_inpainted,COMMANDER | mask_ge_0.70_no_galactic_cut | no_galactic_cut,True,False,0.0246150526806978,0.0002444182050375,,100.7087531672198,,,,,,,mask_ge_0.70_no_galactic_cut,0.7,-1.0,no_galactic_cut
COMMANDER,0.184668107355048,0.1844819604185844,0.0001861469364635,18.47241820895455,18.45379786292989,0.0186203460246652,0.9828009412520444,0.9828358999752276,0.812066396077474,I_STOKES_INP,K_CMB_to_uK,,,TMASK,COM_CMB_IQU-commander_2048_R3.00_full.fits,,Mask ladder inpainted,mask_sky_fraction_inpainted,cptg_cmb_mask_ladder_inpainted,COMMANDER | mask_ge_0.70_abs_b_gt_10deg | abs_b_gt_10deg,True,False,0.0186203460246652,0.0001861469364635,,100.03036514279628,,,,,,,mask_ge_0.70_abs_b_gt_10deg,0.7,10.0,abs_b_gt_10deg
COMMANDER,0.1923734873395484,0.1922041792360096,0.0001693081035387,19.117947936553968,19.10112221096436,0.0168257255896087,0.9813217827852496,0.9813549579454988,0.6547228495279948,I_STOKES_INP,K_CMB_to_uK,,,TMASK,COM_CMB_IQU-commander_2048_R3.00_full.fits,,Mask ladder inpainted,mask_sky_fraction_inpainted,cptg_cmb_mask_ladder_inpainted,COMMANDER | mask_ge_0.70_abs_b_gt_20deg | abs_b_gt_20deg,True,False,0.0168257255896087,0.0001693081035387,,99.37932820654166,,,,,,,mask_ge_0.70_abs_b_gt_20deg,0.7,20.0,abs_b_gt_20deg
COMMANDER,0.1957227757546159,0.1956331455322653,8.96302223505896e-05,19.32424367823273,19.31539424182473,0.0088494364079956,0.980659265520348,0.9806771499169088,0.4990832010904948,I_STOKES_INP,K_CMB_to_uK,,,TMASK,COM_CMB_IQU-commander_2048_R3.00_full.fits,,Mask ladder inpainted,mask_sky_fraction_inpainted,cptg_cmb_mask_ladder_inpainted,COMMANDER | mask_ge_0.70_abs_b_gt_30deg | abs_b_gt_30deg,True,False,0.0088494364079956,8.96302223505896e-05,,98.73272849175284,,,,,,,mask_ge_0.70_abs_b_gt_30deg,0.7,30.0,abs_b_gt_30deg
COMMANDER,0.1916936667453266,0.1916598401884064,3.382655692019121e-05,18.83869760790183,18.83537330257784,0.0033243053239857,0.9814548069726552,0.9814614132297586,0.3576342264811198,I_STOKES_INP,K_CMB_to_uK,,,TMASK,COM_CMB_IQU-commander_2048_R3.00_full.fits,,Mask ladder inpainted,mask_sky_fraction_inpainted,cptg_cmb_mask_ladder_inpainted,COMMANDER | mask_ge_0.70_abs_b_gt_40deg | abs_b_gt_40deg,True,False,0.0033243053239857,3.382655692019121e-05,,98.275013086008,,,,,,,mask_ge_0.70_abs_b_gt_40deg,0.7,40.0,abs_b_gt_40deg
COMMANDER,0.179307984957822,0.1790650919808931,0.0002428929769288,18.056553062800404,18.032093416301507,0.0244596464988973,0.9837929896733182,0.9838372288310064,0.884131113688151,I_STOKES_INP,K_CMB_to_uK,,,TMASK,COM_CMB_IQU-commander_2048_R3.00_full.fits,,Mask ladder inpainted,mask_sky_fraction_inpainted,cptg_cmb_mask_ladder_inpainted,COMMANDER | mask_ge_0.80_no_galactic_cut | no_galactic_cut,True,False,0.0244596464988973,0.0002428929769288,,100.7013327769412,,,,,,,mask_ge_0.80_no_galactic_cut,0.8,-1.0,no_galactic_cut
COMMANDER,0.1846338886386033,0.18444817481418,0.0001857138244232,18.46850608775118,18.449929558153983,0.0185765295971975,0.9828073703255324,0.9828422410579012,0.811407725016276,I_STOKES_INP,K_CMB_to_uK,,,TMASK,COM_CMB_IQU-commander_2048_R3.00_full.fits,,Mask ladder inpainted,mask_sky_fraction_inpainted,cptg_cmb_mask_ladder_inpainted,COMMANDER | mask_ge_0.80_abs_b_gt_10deg | abs_b_gt_10deg,True,False,0.0185765295971975,0.0001857138244232,,100.02771551814554,,,,,,,mask_ge_0.80_abs_b_gt_10deg,0.8,10.0,abs_b_gt_10deg
COMMANDER,0.1923514119317788,0.1921824514523116,0.0001689604794671,19.11607388555723,19.099282425714044,0.016791459843187,0.9813261100815832,0.9813592132108304,0.6545422871907552,I_STOKES_INP,K_CMB_to_uK,,,TMASK,COM_CMB_IQU-commander_2048_R3.00_full.fits,,Mask ladder inpainted,mask_sky_fraction_inpainted,cptg_cmb_mask_ladder_inpainted,COMMANDER | mask_ge_0.80_abs_b_gt_20deg | abs_b_gt_20deg,True,False,0.016791459843187,0.0001689604794671,,99.38099072720674,,,,,,,mask_ge_0.80_abs_b_gt_20deg,0.8,20.0,abs_b_gt_20deg
COMMANDER,0.1956630070267926,0.1955739151243081,8.90919024844894e-05,19.31824576049867,19.309449517950732,0.0087962425479339,0.9806711924397664,0.980688963801954,0.4990374247233073,I_STOKES_INP,K_CMB_to_uK,,,TMASK,COM_CMB_IQU-commander_2048_R3.00_full.fits,,Mask ladder inpainted,mask_sky_fraction_inpainted,cptg_cmb_mask_ladder_inpainted,COMMANDER | mask_ge_0.80_abs_b_gt_30deg | abs_b_gt_30deg,True,False,0.0087962425479339,8.90919024844894e-05,,98.73223382411462,,,,,,,mask_ge_0.80_abs_b_gt_30deg,0.8,30.0,abs_b_gt_30deg
COMMANDER,0.1916450216629353,0.1916114091290844,3.361253385092411e-05,18.83385290903381,18.830549648072708,0.0033032609611005,0.9814643068761152,0.9814708696092648,0.357617696126302,I_STOKES_INP,K_CMB_to_uK,,,TMASK,COM_CMB_IQU-commander_2048_R3.00_full.fits,,Mask ladder inpainted,mask_sky_fraction_inpainted,cptg_cmb_mask_ladder_inpainted,COMMANDER | mask_ge_0.80_abs_b_gt_40deg | abs_b_gt_40deg,True,False,0.0033032609611005,3.361253385092411e-05,,98.2746785990545,,,,,,,mask_ge_0.80_abs_b_gt_40deg,0.8,40.0,abs_b_gt_40deg
COMMANDER,0.1792513856073231,0.1790099386801163,0.0002414469272067,18.05001508252453,18.02570218439577,0.0243128981287625,0.9838033038965944,0.9838472655111368,0.882696787516276,I_STOKES_INP,K_CMB_to_uK,,,TMASK,COM_CMB_IQU-commander_2048_R3.00_full.fits,,Mask ladder inpainted,mask_sky_fraction_inpainted,cptg_cmb_mask_ladder_inpainted,COMMANDER | mask_ge_0.90_no_galactic_cut | no_galactic_cut,True,False,0.0243128981287625,0.0002414469272067,,100.69665582427233,,,,,,,mask_ge_0.90_no_galactic_cut,0.9,-1.0,no_galactic_cut
COMMANDER,0.1846151912599756,0.1844301443052376,0.0001850469547379,18.466993937025737,18.448483753936856,0.0185101830888818,0.9828108827012666,0.9828456246387576,0.810675303141276,I_STOKES_INP,K_CMB_to_uK,,,TMASK,COM_CMB_IQU-commander_2048_R3.00_full.fits,,Mask ladder inpainted,mask_sky_fraction_inpainted,cptg_cmb_mask_ladder_inpainted,COMMANDER | mask_ge_0.90_abs_b_gt_10deg | abs_b_gt_10deg,True,False,0.0185101830888818,0.0001850469547379,,100.0296552574618,,,,,,,mask_ge_0.90_abs_b_gt_10deg,0.9,10.0,abs_b_gt_10deg
COMMANDER,0.1923472037477381,0.1921792052106232,0.0001679985371148,19.11577218817597,19.09907622535009,0.0166959628258815,0.9813269349255762,0.9813598489262813,0.6543248494466146,I_STOKES_INP,K_CMB_to_uK,,,TMASK,COM_CMB_IQU-commander_2048_R3.00_full.fits,,Mask ladder inpainted,mask_sky_fraction_inpainted,cptg_cmb_mask_ladder_inpainted,COMMANDER | mask_ge_0.90_abs_b_gt_20deg | abs_b_gt_20deg,True,False,0.0166959628258815,0.0001679985371148,,99.38159648656064,,,,,,,mask_ge_0.90_abs_b_gt_20deg,0.9,20.0,abs_b_gt_20deg
COMMANDER,0.1956502690959243,0.195562043459622,8.822563630236924e-05,19.31712190571898,19.30841113123583,0.008710774483152,0.9806737338190986,0.9806913312341948,0.4989636739095052,I_STOKES_INP,K_CMB_to_uK,,,TMASK,COM_CMB_IQU-commander_2048_R3.00_full.fits,,Mask ladder inpainted,mask_sky_fraction_inpainted,cptg_cmb_mask_ladder_inpainted,COMMANDER | mask_ge_0.90_abs_b_gt_30deg | abs_b_gt_30deg,True,False,0.008710774483152,8.822563630236924e-05,,98.73291764422817,,,,,,,mask_ge_0.90_abs_b_gt_30deg,0.9,30.0,abs_b_gt_30deg
COMMANDER,0.1916416371608266,0.1916081490318711,3.348812895545561e-05,18.83388878643384,18.830597686932933,0.0032910995009061,0.9814649677427708,0.9814715060686074,0.3575884501139323,I_STOKES_INP,K_CMB_to_uK,,,TMASK,COM_CMB_IQU-commander_2048_R3.00_full.fits,,Mask ladder inpainted,mask_sky_fraction_inpainted,cptg_cmb_mask_ladder_inpainted,COMMANDER | mask_ge_0.90_abs_b_gt_40deg | abs_b_gt_40deg,True,False,0.0032910995009061,3.348812895545561e-05,,98.27660139757803,,,,,,,mask_ge_0.90_abs_b_gt_40deg,0.9,40.0,abs_b_gt_40deg
COMMANDER,0.1792119625485616,0.1789713867949314,0.0002405757536301,18.045080080746885,18.02085620261952,0.0242238781273655,0.983810486058922,0.983854279204344,0.8817418416341146,I_STOKES_INP,K_CMB_to_uK,,,TMASK,COM_CMB_IQU-commander_2048_R3.00_full.fits,,Mask ladder inpainted,mask_sky_fraction_inpainted,cptg_cmb_mask_ladder_inpainted,COMMANDER | mask_ge_0.95_no_galactic_cut | no_galactic_cut,True,False,0.0242238781273655,0.0002405757536301,,100.6912698467724,,,,,,,mask_ge_0.95_no_galactic_cut,0.95,-1.0,no_galactic_cut
COMMANDER,0.184625139211936,0.1844405368260123,0.0001846023859237,18.46742525729538,18.44896010797218,0.0184651493231982,0.9828090139854097,0.9828436744342064,0.8102277119954427,I_STOKES_INP,K_CMB_to_uK,,,TMASK,COM_CMB_IQU-commander_2048_R3.00_full.fits,,Mask ladder inpainted,mask_sky_fraction_inpainted,cptg_cmb_mask_ladder_inpainted,COMMANDER | mask_ge_0.95_abs_b_gt_10deg | abs_b_gt_10deg,True,False,0.0184651493231982,0.0001846023859237,,100.0266016649885,,,,,,,mask_ge_0.95_abs_b_gt_10deg,0.95,10.0,abs_b_gt_10deg
COMMANDER,0.1923448233958905,0.1921772564185203,0.0001675669773701,19.11505708566048,19.098404428824956,0.0166526568355251,0.981327401488822,0.9813602305552482,0.6541926066080729,I_STOKES_INP,K_CMB_to_uK,,,TMASK,COM_CMB_IQU-commander_2048_R3.00_full.fits,,Mask ladder inpainted,mask_sky_fraction_inpainted,cptg_cmb_mask_ladder_inpainted,COMMANDER | mask_ge_0.95_abs_b_gt_20deg | abs_b_gt_20deg,True,False,0.0166526568355251,0.0001675669773701,,99.37910856232004,,,,,,,mask_ge_0.95_abs_b_gt_20deg,0.95,20.0,abs_b_gt_20deg
COMMANDER,0.195631348269609,0.1955434440875883,8.790418202073158e-05,19.31519041040404,19.306511402522023,0.0086790078820158,0.9806775084472034,0.98069503999682,0.4989293416341145,I_STOKES_INP,K_CMB_to_uK,,,TMASK,COM_CMB_IQU-commander_2048_R3.00_full.fits,,Mask ladder inpainted,mask_sky_fraction_inpainted,cptg_cmb_mask_ladder_inpainted,COMMANDER | mask_ge_0.95_abs_b_gt_30deg | abs_b_gt_30deg,True,False,0.0086790078820158,8.790418202073158e-05,,98.7325936321046,,,,,,,mask_ge_0.95_abs_b_gt_30deg,0.95,30.0,abs_b_gt_30deg
COMMANDER,0.1916193887663012,0.1915861548823862,3.3233883915018136e-05,18.83166095978765,18.8283948537934,0.0032661059942533,0.9814693117203558,0.9814757996289984,0.3575706481933594,I_STOKES_INP,K_CMB_to_uK,,,TMASK,COM_CMB_IQU-commander_2048_R3.00_full.fits,,Mask ladder inpainted,mask_sky_fraction_inpainted,cptg_cmb_mask_ladder_inpainted,COMMANDER | mask_ge_0.95_abs_b_gt_40deg | abs_b_gt_40deg,True,False,0.0032661059942533,3.3233883915018136e-05,,98.27638570935387,,,,,,,mask_ge_0.95_abs_b_gt_40deg,0.95,40.0,abs_b_gt_40deg
COMMANDER,0.1791142931057512,0.1788751301010855,0.0002391630046656,18.032586841529024,18.008508765033096,0.0240780764959289,0.983828272619377,0.9838717842439224,0.8803787231445312,I_STOKES_INP,K_CMB_to_uK,,,TMASK,COM_CMB_IQU-commander_2048_R3.00_full.fits,,Mask ladder inpainted,mask_sky_fraction_inpainted,cptg_cmb_mask_ladder_inpainted,COMMANDER | mask_ge_0.99_no_galactic_cut | no_galactic_cut,True,False,0.0240780764959289,0.0002391630046656,,100.67642581087802,,,,,,,mask_ge_0.99_no_galactic_cut,0.99,-1.0,no_galactic_cut
COMMANDER,0.1845489577231419,0.1843648466060688,0.0001841111170731,18.458341054849868,18.43992650603392,0.0184145488159508,0.9828233219675356,0.9828578754509324,0.8096110026041666,I_STOKES_INP,K_CMB_to_uK,,,TMASK,COM_CMB_IQU-commander_2048_R3.00_full.fits,,Mask ladder inpainted,mask_sky_fraction_inpainted,cptg_cmb_mask_ladder_inpainted,COMMANDER | mask_ge_0.99_abs_b_gt_10deg | abs_b_gt_10deg,True,False,0.0184145488159508,0.0001841111170731,,100.01866866428388,,,,,,,mask_ge_0.99_abs_b_gt_10deg,0.99,10.0,abs_b_gt_10deg
COMMANDER,0.1923034064596556,0.1921366084067123,0.0001667980529433,19.11058013241905,19.094004203706245,0.016575928712804,0.9813355184971208,0.9813681896770274,0.6540209452311198,I_STOKES_INP,K_CMB_to_uK,,,TMASK,COM_CMB_IQU-commander_2048_R3.00_full.fits,,Mask ladder inpainted,mask_sky_fraction_inpainted,cptg_cmb_mask_ladder_inpainted,COMMANDER | mask_ge_0.99_abs_b_gt_20deg | abs_b_gt_20deg,True,False,0.016575928712804,0.0001667980529433,,99.377231450283,,,,,,,mask_ge_0.99_abs_b_gt_20deg,0.99,20.0,abs_b_gt_20deg
COMMANDER,0.19560046218392,0.1955132381166462,8.722406727382226e-05,19.311835710611035,19.303223988335965,0.0086117222750701,0.9806836692804856,0.9807010623636254,0.498877207438151,I_STOKES_INP,K_CMB_to_uK,,,TMASK,COM_CMB_IQU-commander_2048_R3.00_full.fits,,Mask ladder inpainted,mask_sky_fraction_inpainted,cptg_cmb_mask_ladder_inpainted,COMMANDER | mask_ge_0.99_abs_b_gt_30deg | abs_b_gt_30deg,True,False,0.0086117222750701,8.722406727382226e-05,,98.73103312226542,,,,,,,mask_ge_0.99_abs_b_gt_30deg,0.99,30.0,abs_b_gt_30deg
COMMANDER,0.1916099933946633,0.1915768799673408,3.3113427322539746e-05,18.8307295727429,18.82747530617731,0.003254266565591,0.9814711460003788,0.9814776100665664,0.3575528462727864,I_STOKES_INP,K_CMB_to_uK,,,TMASK,COM_CMB_IQU-commander_2048_R3.00_full.fits,,Mask ladder inpainted,mask_sky_fraction_inpainted,cptg_cmb_mask_ladder_inpainted,COMMANDER | mask_ge_0.99_abs_b_gt_40deg | abs_b_gt_40deg,True,False,0.003254266565591,3.3113427322539746e-05,,98.27634372888282,,,,,,,mask_ge_0.99_abs_b_gt_40deg,0.99,40.0,abs_b_gt_40deg
SMICA,0.241025735877925,0.2398290371357543,0.0011966987421706,10.37879316494622,10.327262200086803,0.0515309648594168,0.9705179675943084,0.9708143892004484,0.842749277750651,I_STOKES,K_CMB_to_uK,,,TMASK,COM_CMB_IQU-smica_2048_R3.00_full.fits,,Mask ladder bands,mask_sky_fraction_bandlimited,cptg_cmb_mask_ladder_bands,SMICA | 2-30 | mask_ge_0.50_no_galactic_cut | no_galactic_cut,True,False,0.0515309648594168,0.0011966987421706,,,2.0,30.0,2-30,43.06093341917182,,,mask_ge_0.50_no_galactic_cut,0.5,-1.0,no_galactic_cut
SMICA,0.2325594816659915,0.2314975110871698,0.0010619705788217,10.940506393312251,10.89054714923466,0.0499592440775913,0.972581725133137,0.9728350502079232,0.842749277750651,I_STOKES,K_CMB_to_uK,,,TMASK,COM_CMB_IQU-smica_2048_R3.00_full.fits,,Mask ladder bands,mask_sky_fraction_bandlimited,cptg_cmb_mask_ladder_bands,SMICA | 2-40 | mask_ge_0.50_no_galactic_cut | no_galactic_cut,True,False,0.0499592440775913,0.0010619705788217,,,2.0,40.0,2-40,47.043905993157104,,,mask_ge_0.50_no_galactic_cut,0.5,-1.0,no_galactic_cut
SMICA,0.2124309505170901,0.2116180647954238,0.0008128857216663,11.421345379967326,11.377640597029645,0.0437047829376826,0.9771759785255966,0.977352340720412,0.842749277750651,I_STOKES,K_CMB_to_uK,,,TMASK,COM_CMB_IQU-smica_2048_R3.00_full.fits,,Mask ladder bands,mask_sky_fraction_bandlimited,cptg_cmb_mask_ladder_bands,SMICA | 2-64 | mask_ge_0.50_no_galactic_cut | no_galactic_cut,True,False,0.0437047829376826,0.0008128857216663,,,2.0,64.0,2-64,53.76497799480719,,,mask_ge_0.50_no_galactic_cut,0.5,-1.0,no_galactic_cut
SMICA,0.1934891076269649,0.1929435077965045,0.0005455998304604,11.780322829416546,11.747104721083078,0.0332181083334681,0.9811023935479598,0.9812098371526006,0.842749277750651,I_STOKES,K_CMB_to_uK,,,TMASK,COM_CMB_IQU-smica_2048_R3.00_full.fits,,Mask ladder bands,mask_sky_fraction_bandlimited,cptg_cmb_mask_ladder_bands,SMICA | 2-95 | mask_ge_0.50_no_galactic_cut | no_galactic_cut,True,False,0.0332181083334681,0.0005455998304604,,,2.0,95.0,2-95,60.8836485624208,,,mask_ge_0.50_no_galactic_cut,0.5,-1.0,no_galactic_cut
SMICA,0.2492556198240567,0.2479898726240293,0.0012657472000273,10.465853666410291,10.41270692097881,0.0531467454314817,0.9684365627724514,0.9687614701761136,0.7878214518229166,I_STOKES,K_CMB_to_uK,,,TMASK,COM_CMB_IQU-smica_2048_R3.00_full.fits,,Mask ladder bands,mask_sky_fraction_bandlimited,cptg_cmb_mask_ladder_bands,SMICA | 2-30 | mask_ge_0.50_abs_b_gt_10deg | abs_b_gt_10deg,True,False,0.0531467454314817,0.0012657472000273,,,2.0,30.0,2-30,41.98843610345826,,,mask_ge_0.50_abs_b_gt_10deg,0.5,10.0,abs_b_gt_10deg
SMICA,0.2419381210302152,0.2408201360391791,0.001117984991036,11.11815103657358,11.066774569177568,0.051376467396011,0.9702910641860322,0.9705691509398008,0.7878214518229166,I_STOKES,K_CMB_to_uK,,,TMASK,COM_CMB_IQU-smica_2048_R3.00_full.fits,,Mask ladder bands,mask_sky_fraction_bandlimited,cptg_cmb_mask_ladder_bands,SMICA | 2-40 | mask_ge_0.50_abs_b_gt_10deg | abs_b_gt_10deg,True,False,0.051376467396011,0.001117984991036,,,2.0,40.0,2-40,45.95452336833291,,,mask_ge_0.50_abs_b_gt_10deg,0.5,10.0,abs_b_gt_10deg
SMICA,0.2223382736201188,0.2215045229546926,0.0008337506654262,11.74728534291476,11.70323396654966,0.0440513763651022,0.9749694870866752,0.9751592466922128,0.7878214518229166,I_STOKES,K_CMB_to_uK,,,TMASK,COM_CMB_IQU-smica_2048_R3.00_full.fits,,Mask ladder bands,mask_sky_fraction_bandlimited,cptg_cmb_mask_ladder_bands,SMICA | 2-64 | mask_ge_0.50_abs_b_gt_10deg | abs_b_gt_10deg,True,False,0.0440513763651022,0.0008337506654262,,,2.0,64.0,2-64,52.83519185268953,,,mask_ge_0.50_abs_b_gt_10deg,0.5,10.0,abs_b_gt_10deg
SMICA,0.2027396956094342,0.2021930640808207,0.0005466315286135,12.159075914472274,12.126292328437598,0.0327835860346752,0.97923263598661,0.9793456512999869,0.7878214518229166,I_STOKES,K_CMB_to_uK,,,TMASK,COM_CMB_IQU-smica_2048_R3.00_full.fits,,Mask ladder bands,mask_sky_fraction_bandlimited,cptg_cmb_mask_ladder_bands,SMICA | 2-95 | mask_ge_0.50_abs_b_gt_10deg | abs_b_gt_10deg,True,False,0.0327835860346752,0.0005466315286135,,,2.0,95.0,2-95,59.97382938709741,,,mask_ge_0.50_abs_b_gt_10deg,0.5,10.0,abs_b_gt_10deg
SMICA,0.2660753228303966,0.2647552155729243,0.0013201072574723,10.867551885034493,10.813633566109685,0.0539183189248095,0.9639515338282688,0.9643149518219918,0.646630605061849,I_STOKES,K_CMB_to_uK,,,TMASK,COM_CMB_IQU-smica_2048_R3.00_full.fits,,Mask ladder bands,mask_sky_fraction_bandlimited,cptg_cmb_mask_ladder_bands,SMICA | 2-30 | mask_ge_0.50_abs_b_gt_20deg | abs_b_gt_20deg,True,False,0.0539183189248095,0.0013201072574723,,,2.0,30.0,2-30,40.84389250919656,,,mask_ge_0.50_abs_b_gt_20deg,0.5,20.0,abs_b_gt_20deg
SMICA,0.2557037640978334,0.2545299032378781,0.0011738608599552,11.435330682190862,11.382834438516744,0.0524962436741187,0.9667549739626516,0.967064696246398,0.646630605061849,I_STOKES,K_CMB_to_uK,,,TMASK,COM_CMB_IQU-smica_2048_R3.00_full.fits,,Mask ladder bands,mask_sky_fraction_bandlimited,cptg_cmb_mask_ladder_bands,SMICA | 2-40 | mask_ge_0.50_abs_b_gt_20deg | abs_b_gt_20deg,True,False,0.0524962436741187,0.0011738608599552,,,2.0,40.0,2-40,44.7210103556225,,,mask_ge_0.50_abs_b_gt_20deg,0.5,20.0,abs_b_gt_20deg
SMICA,0.2365938858775851,0.2357586404509102,0.0008352454266749,12.292770332243046,12.249373267424206,0.0433970648188406,0.9716085459231256,0.9718115547640114,0.646630605061849,I_STOKES,K_CMB_to_uK,,,TMASK,COM_CMB_IQU-smica_2048_R3.00_full.fits,,Mask ladder bands,mask_sky_fraction_bandlimited,cptg_cmb_mask_ladder_bands,SMICA | 2-64 | mask_ge_0.50_abs_b_gt_20deg | abs_b_gt_20deg,True,False,0.0433970648188406,0.0008352454266749,,,2.0,64.0,2-64,51.95726122273247,,,mask_ge_0.50_abs_b_gt_20deg,0.5,20.0,abs_b_gt_20deg
SMICA,0.2156650214112703,0.2151261460851103,0.0005388753261599,12.757791565857929,12.725914078047689,0.0318774878102381,0.9764673876548756,0.9765862491766968,0.646630605061849,I_STOKES,K_CMB_to_uK,,,TMASK,COM_CMB_IQU-smica_2048_R3.00_full.fits,,Mask ladder bands,mask_sky_fraction_bandlimited,cptg_cmb_mask_ladder_bands,SMICA | 2-95 | mask_ge_0.50_abs_b_gt_20deg | abs_b_gt_20deg,True,False,0.0318774878102381,0.0005388753261599,,,2.0,95.0,2-95,59.15558991612733,,,mask_ge_0.50_abs_b_gt_20deg,0.5,20.0,abs_b_gt_20deg
SMICA,0.2592164758879579,0.2578723230640257,0.0013441528239322,10.11566373170156,10.06320951202151,0.052454219680051,0.9658180007953394,0.9661777693249132,0.4942537943522135,I_STOKES,K_CMB_to_uK,,,TMASK,COM_CMB_IQU-smica_2048_R3.00_full.fits,,Mask ladder bands,mask_sky_fraction_bandlimited,cptg_cmb_mask_ladder_bands,SMICA | 2-30 | mask_ge_0.50_abs_b_gt_30deg | abs_b_gt_30deg,True,False,0.052454219680051,0.0013441528239322,,,2.0,30.0,2-30,39.02399990992043,,,mask_ge_0.50_abs_b_gt_30deg,0.5,30.0,abs_b_gt_30deg
SMICA,0.2524995744193554,0.2513331845148522,0.0011663899045031,10.873823096730767,10.823592843818275,0.05023025291249,0.96759664761215,0.967900276008032,0.4942537943522135,I_STOKES,K_CMB_to_uK,,,TMASK,COM_CMB_IQU-smica_2048_R3.00_full.fits,,Mask ladder bands,mask_sky_fraction_bandlimited,cptg_cmb_mask_ladder_bands,SMICA | 2-40 | mask_ge_0.50_abs_b_gt_30deg | abs_b_gt_30deg,True,False,0.05023025291249,0.0011663899045031,,,2.0,40.0,2-40,43.064718511847246,,,mask_ge_0.50_abs_b_gt_30deg,0.5,30.0,abs_b_gt_30deg
SMICA,0.236379750819515,0.2356025881736594,0.0007771626458556,11.94467321062206,11.905401852546488,0.0392713580755721,0.971660638912622,0.9718493739642406,0.4942537943522135,I_STOKES,K_CMB_to_uK,,,TMASK,COM_CMB_IQU-smica_2048_R3.00_full.fits,,Mask ladder bands,mask_sky_fraction_bandlimited,cptg_cmb_mask_ladder_bands,SMICA | 2-64 | mask_ge_0.50_abs_b_gt_30deg | abs_b_gt_30deg,True,False,0.0392713580755721,0.0007771626458556,,,2.0,64.0,2-64,50.53171081368249,,,mask_ge_0.50_abs_b_gt_30deg,0.5,30.0,abs_b_gt_30deg
SMICA,0.2166946599997579,0.2162612169724432,0.0004334430273147,12.561484959569237,12.5363588763125,0.0251260832567368,0.9762393911533048,0.9763355011711252,0.4942537943522135,I_STOKES,K_CMB_to_uK,,,TMASK,COM_CMB_IQU-smica_2048_R3.00_full.fits,,Mask ladder bands,mask_sky_fraction_bandlimited,cptg_cmb_mask_ladder_bands,SMICA | 2-95 | mask_ge_0.50_abs_b_gt_30deg | abs_b_gt_30deg,True,False,0.0251260832567368,0.0004334430273147,,,2.0,95.0,2-95,57.96859488638652,,,mask_ge_0.50_abs_b_gt_30deg,0.5,30.0,abs_b_gt_30deg
SMICA,0.2307278190698016,0.2295371914047987,0.0011906276650029,8.86451738573528,8.818773705242366,0.0457436804929134,0.9730160473178802,0.9732976309184,0.3557968139648437,I_STOKES,K_CMB_to_uK,,,TMASK,COM_CMB_IQU-smica_2048_R3.00_full.fits,,Mask ladder bands,mask_sky_fraction_bandlimited,cptg_cmb_mask_ladder_bands,SMICA | 2-30 | mask_ge_0.50_abs_b_gt_40deg | abs_b_gt_40deg,True,False,0.0457436804929134,0.0011906276650029,,,2.0,30.0,2-30,38.419803131990406,,,mask_ge_0.50_abs_b_gt_40deg,0.5,40.0,abs_b_gt_40deg
SMICA,0.226733784137552,0.2257274742708384,0.0010063098667136,9.580432877715282,9.537912156028812,0.0425207216864684,0.9739559865519298,0.974189711245656,0.3557968139648437,I_STOKES,K_CMB_to_uK,,,TMASK,COM_CMB_IQU-smica_2048_R3.00_full.fits,,Mask ladder bands,mask_sky_fraction_bandlimited,cptg_cmb_mask_ladder_bands,SMICA | 2-40 | mask_ge_0.50_abs_b_gt_40deg | abs_b_gt_40deg,True,False,0.0425207216864684,0.0010063098667136,,,2.0,40.0,2-40,42.25410392261235,,,mask_ge_0.50_abs_b_gt_40deg,0.5,40.0,abs_b_gt_40deg
SMICA,0.2175190372993539,0.2169533583344871,0.0005656789648667,10.880371367573488,10.852075925992876,0.028295441580612,0.9760557895791668,0.9761816834974462,0.3557968139648437,I_STOKES,K_CMB_to_uK,,,TMASK,COM_CMB_IQU-smica_2048_R3.00_full.fits,,Mask ladder bands,mask_sky_fraction_bandlimited,cptg_cmb_mask_ladder_bands,SMICA | 2-64 | mask_ge_0.50_abs_b_gt_40deg | abs_b_gt_40deg,True,False,0.028295441580612,0.0005656789648667,,,2.0,64.0,2-64,50.02031777384022,,,mask_ge_0.50_abs_b_gt_40deg,0.5,40.0,abs_b_gt_40deg
SMICA,0.2001051369524926,0.1998776456252241,0.0002274913272685,11.510448030481388,11.497362273964644,0.013085756516741,0.9797743842563034,0.9798208187539716,0.3557968139648437,I_STOKES,K_CMB_to_uK,,,TMASK,COM_CMB_IQU-smica_2048_R3.00_full.fits,,Mask ladder bands,mask_sky_fraction_bandlimited,cptg_cmb_mask_ladder_bands,SMICA | 2-95 | mask_ge_0.50_abs_b_gt_40deg | abs_b_gt_40deg,True,False,0.013085756516741,0.0002274913272685,,,2.0,95.0,2-95,57.52200171260025,,,mask_ge_0.50_abs_b_gt_40deg,0.5,40.0,abs_b_gt_40deg
SMICA,0.2412136536219419,0.2400165353773589,0.0011971182445829,10.374799439363994,10.323310390107196,0.051489049256796,0.9704712929186768,0.9707680640116864,0.8408215840657552,I_STOKES,K_CMB_to_uK,,,TMASK,COM_CMB_IQU-smica_2048_R3.00_full.fits,,Mask ladder bands,mask_sky_fraction_bandlimited,cptg_cmb_mask_ladder_bands,SMICA | 2-30 | mask_ge_0.70_no_galactic_cut | no_galactic_cut,True,False,0.051489049256796,0.0011971182445829,,,2.0,30.0,2-30,43.01082995751387,,,mask_ge_0.70_no_galactic_cut,0.7,-1.0,no_galactic_cut
SMICA,0.2327256129960649,0.2316631848604118,0.001062428135653,10.935590397882445,10.885667749622478,0.049922648259967,0.9725419958631242,0.9727956215124676,0.8408215840657552,I_STOKES,K_CMB_to_uK,,,TMASK,COM_CMB_IQU-smica_2048_R3.00_full.fits,,Mask ladder bands,mask_sky_fraction_bandlimited,cptg_cmb_mask_ladder_bands,SMICA | 2-40 | mask_ge_0.70_no_galactic_cut | no_galactic_cut,True,False,0.049922648259967,0.001062428135653,,,2.0,40.0,2-40,46.98920010178403,,,mask_ge_0.70_no_galactic_cut,0.7,-1.0,no_galactic_cut
SMICA,0.2126344295595127,0.2118220226981249,0.0008124068613878,11.42082979459434,11.377194525804184,0.0436352687901564,0.9771317207852946,0.9773081564283154,0.8408215840657552,I_STOKES,K_CMB_to_uK,,,TMASK,COM_CMB_IQU-smica_2048_R3.00_full.fits,,Mask ladder bands,mask_sky_fraction_bandlimited,cptg_cmb_mask_ladder_bands,SMICA | 2-64 | mask_ge_0.70_no_galactic_cut | no_galactic_cut,True,False,0.0436352687901564,0.0008124068613878,,,2.0,64.0,2-64,53.71110322186955,,,mask_ge_0.70_no_galactic_cut,0.7,-1.0,no_galactic_cut
SMICA,0.1936852565168707,0.1931409925556086,0.000544263961262,11.78219403141102,11.749085555777844,0.0331084756331758,0.9810636913641764,0.9811709853067534,0.8408215840657552,I_STOKES,K_CMB_to_uK,,,TMASK,COM_CMB_IQU-smica_2048_R3.00_full.fits,,Mask ladder bands,mask_sky_fraction_bandlimited,cptg_cmb_mask_ladder_bands,SMICA | 2-95 | mask_ge_0.70_no_galactic_cut | no_galactic_cut,True,False,0.0331084756331758,0.000544263961262,,,2.0,95.0,2-95,60.83165153246832,,,mask_ge_0.70_no_galactic_cut,0.7,-1.0,no_galactic_cut
SMICA,0.2492872930984781,0.2480214015664482,0.0012658915320298,10.460283348663298,10.40716558261465,0.053117766048647,0.9684284233540684,0.9687534116894536,0.7867355346679688,I_STOKES,K_CMB_to_uK,,,TMASK,COM_CMB_IQU-smica_2048_R3.00_full.fits,,Mask ladder bands,mask_sky_fraction_bandlimited,cptg_cmb_mask_ladder_bands,SMICA | 2-30 | mask_ge_0.70_abs_b_gt_10deg | abs_b_gt_10deg,True,False,0.053117766048647,0.0012658915320298,,,2.0,30.0,2-30,41.96075627702003,,,mask_ge_0.70_abs_b_gt_10deg,0.7,10.0,abs_b_gt_10deg
SMICA,0.2419095841185742,0.2407910491012426,0.0011185350173316,11.108453506617616,11.057090538586298,0.0513629680313183,0.9702981742251444,0.9705763625776492,0.7867355346679688,I_STOKES,K_CMB_to_uK,,,TMASK,COM_CMB_IQU-smica_2048_R3.00_full.fits,,Mask ladder bands,mask_sky_fraction_bandlimited,cptg_cmb_mask_ladder_bands,SMICA | 2-40 | mask_ge_0.70_abs_b_gt_10deg | abs_b_gt_10deg,True,False,0.0513629680313183,0.0011185350173316,,,2.0,40.0,2-40,45.91985698744661,,,mask_ge_0.70_abs_b_gt_10deg,0.7,10.0,abs_b_gt_10deg
SMICA,0.2223530474128918,0.2215195787930873,0.0008334686198045,11.741000760852945,11.696990769476033,0.0440099913769138,0.9749661143170107,0.9751558231661864,0.7867355346679688,I_STOKES,K_CMB_to_uK,,,TMASK,COM_CMB_IQU-smica_2048_R3.00_full.fits,,Mask ladder bands,mask_sky_fraction_bandlimited,cptg_cmb_mask_ladder_bands,SMICA | 2-64 | mask_ge_0.70_abs_b_gt_10deg | abs_b_gt_10deg,True,False,0.0440099913769138,0.0008334686198045,,,2.0,64.0,2-64,52.8034173466975,,,mask_ge_0.70_abs_b_gt_10deg,0.7,10.0,abs_b_gt_10deg
SMICA,0.2027690300434607,0.2022233866351261,0.0005456434083345,12.15513841450351,12.122429419683904,0.0327089948196057,0.9792265624582788,0.9793393908079148,0.7867355346679688,I_STOKES,K_CMB_to_uK,,,TMASK,COM_CMB_IQU-smica_2048_R3.00_full.fits,,Mask ladder bands,mask_sky_fraction_bandlimited,cptg_cmb_mask_ladder_bands,SMICA | 2-95 | mask_ge_0.70_abs_b_gt_10deg | abs_b_gt_10deg,True,False,0.0327089948196057,0.0005456434083345,,,2.0,95.0,2-95,59.94573437520624,,,mask_ge_0.70_abs_b_gt_10deg,0.7,10.0,abs_b_gt_10deg
SMICA,0.2661809640369826,0.2648610506551972,0.0013199133817853,10.86424643837092,10.810373824644016,0.0538726137269041,0.9639223622014358,0.9642858826129002,0.6460316975911459,I_STOKES,K_CMB_to_uK,,,TMASK,COM_CMB_IQU-smica_2048_R3.00_full.fits,,Mask ladder bands,mask_sky_fraction_bandlimited,cptg_cmb_mask_ladder_bands,SMICA | 2-30 | mask_ge_0.70_abs_b_gt_20deg | abs_b_gt_20deg,True,False,0.0538726137269041,0.0013199133817853,,,2.0,30.0,2-30,40.81526444866833,,,mask_ge_0.70_abs_b_gt_20deg,0.7,20.0,abs_b_gt_20deg
SMICA,0.2557810476338855,0.2546071744786625,0.001173873155223,11.430663014753137,11.378203504623103,0.0524595101300313,0.9667345207438368,0.9670443467058304,0.6460316975911459,I_STOKES,K_CMB_to_uK,,,TMASK,COM_CMB_IQU-smica_2048_R3.00_full.fits,,Mask ladder bands,mask_sky_fraction_bandlimited,cptg_cmb_mask_ladder_bands,SMICA | 2-40 | mask_ge_0.70_abs_b_gt_20deg | abs_b_gt_20deg,True,False,0.0524595101300313,0.001173873155223,,,2.0,40.0,2-40,44.68924934233014,,,mask_ge_0.70_abs_b_gt_20deg,0.7,20.0,abs_b_gt_20deg
SMICA,0.2367112380232392,0.2358767017550716,0.0008345362681676,12.291845520465737,12.248510058342324,0.0433354621234123,0.9715799589237568,0.9717829024926852,0.6460316975911459,I_STOKES,K_CMB_to_uK,,,TMASK,COM_CMB_IQU-smica_2048_R3.00_full.fits,,Mask ladder bands,mask_sky_fraction_bandlimited,cptg_cmb_mask_ladder_bands,SMICA | 2-64 | mask_ge_0.70_abs_b_gt_20deg | abs_b_gt_20deg,True,False,0.0433354621234123,0.0008345362681676,,,2.0,64.0,2-64,51.92759593128813,,,mask_ge_0.70_abs_b_gt_20deg,0.7,20.0,abs_b_gt_20deg
SMICA,0.2157700871796106,0.2152323554429885,0.0005377317366221,12.758267388032037,12.726471853402876,0.0317955346291576,0.97644417713925,0.976562847415522,0.6460316975911459,I_STOKES,K_CMB_to_uK,,,TMASK,COM_CMB_IQU-smica_2048_R3.00_full.fits,,Mask ladder bands,mask_sky_fraction_bandlimited,cptg_cmb_mask_ladder_bands,SMICA | 2-95 | mask_ge_0.70_abs_b_gt_20deg | abs_b_gt_20deg,True,False,0.0317955346291576,0.0005377317366221,,,2.0,95.0,2-95,59.12899028219718,,,mask_ge_0.70_abs_b_gt_20deg,0.7,20.0,abs_b_gt_20deg
SMICA,0.2590383610524493,0.2576947475871983,0.0013436134652509,10.102942104491648,10.050538865855122,0.0524032386365256,0.9658658051068142,0.9662251640281916,0.4938532511393229,I_STOKES,K_CMB_to_uK,,,TMASK,COM_CMB_IQU-smica_2048_R3.00_full.fits,,Mask ladder bands,mask_sky_fraction_bandlimited,cptg_cmb_mask_ladder_bands,SMICA | 2-30 | mask_ge_0.70_abs_b_gt_30deg | abs_b_gt_30deg,True,False,0.0524032386365256,0.0013436134652509,,,2.0,30.0,2-30,39.001721843221645,,,mask_ge_0.70_abs_b_gt_30deg,0.7,30.0,abs_b_gt_30deg
SMICA,0.2523275116908248,0.2511615882797621,0.0011659234110626,10.860007181886209,10.80982661880443,0.0501805630817795,0.9676415330048834,0.967944818928662,0.4938532511393229,I_STOKES,K_CMB_to_uK,,,TMASK,COM_CMB_IQU-smica_2048_R3.00_full.fits,,Mask ladder bands,mask_sky_fraction_bandlimited,cptg_cmb_mask_ladder_bands,SMICA | 2-40 | mask_ge_0.70_abs_b_gt_30deg | abs_b_gt_30deg,True,False,0.0501805630817795,0.0011659234110626,,,2.0,40.0,2-40,43.03933054748664,,,mask_ge_0.70_abs_b_gt_30deg,0.7,30.0,abs_b_gt_30deg
SMICA,0.2362858057774484,0.2355098929111365,0.0007759128663119,11.934253545154688,11.895063967748436,0.0391895774062529,0.9716834901415776,0.9718718427668486,0.4938532511393229,I_STOKES,K_CMB_to_uK,,,TMASK,COM_CMB_IQU-smica_2048_R3.00_full.fits,,Mask ladder bands,mask_sky_fraction_bandlimited,cptg_cmb_mask_ladder_bands,SMICA | 2-64 | mask_ge_0.70_abs_b_gt_30deg | abs_b_gt_30deg,True,False,0.0391895774062529,0.0007759128663119,,,2.0,64.0,2-64,50.507704031935184,,,mask_ge_0.70_abs_b_gt_30deg,0.7,30.0,abs_b_gt_30deg
SMICA,0.2166283105335399,0.2161965071830014,0.0004318033505384,12.552747876141654,12.527726591628872,0.0250212845127801,0.9762541192220398,0.9763498352447152,0.4938532511393229,I_STOKES,K_CMB_to_uK,,,TMASK,COM_CMB_IQU-smica_2048_R3.00_full.fits,,Mask ladder bands,mask_sky_fraction_bandlimited,cptg_cmb_mask_ladder_bands,SMICA | 2-95 | mask_ge_0.70_abs_b_gt_30deg | abs_b_gt_30deg,True,False,0.0250212845127801,0.0004318033505384,,,2.0,95.0,2-95,57.94601751370881,,,mask_ge_0.70_abs_b_gt_30deg,0.7,30.0,abs_b_gt_30deg
SMICA,0.2307380667863265,0.2295471795748367,0.0011908872114898,8.860752548570073,8.815020359507225,0.0457321890628481,0.973013580384272,0.9732952388309478,0.3556073506673177,I_STOKES,K_CMB_to_uK,,,TMASK,COM_CMB_IQU-smica_2048_R3.00_full.fits,,Mask ladder bands,mask_sky_fraction_bandlimited,cptg_cmb_mask_ladder_bands,SMICA | 2-30 | mask_ge_0.70_abs_b_gt_40deg | abs_b_gt_40deg,True,False,0.0457321890628481,0.0011908872114898,,,2.0,30.0,2-30,38.40178030431152,,,mask_ge_0.70_abs_b_gt_40deg,0.7,40.0,abs_b_gt_40deg
SMICA,0.2267214178415599,0.2257148359543558,0.0010065818872041,9.575607778490944,9.533094665082595,0.0425131134083489,0.9739588417555116,0.9741926162266864,0.3556073506673177,I_STOKES,K_CMB_to_uK,,,TMASK,COM_CMB_IQU-smica_2048_R3.00_full.fits,,Mask ladder bands,mask_sky_fraction_bandlimited,cptg_cmb_mask_ladder_bands,SMICA | 2-40 | mask_ge_0.70_abs_b_gt_40deg | abs_b_gt_40deg,True,False,0.0425131134083489,0.0010065818872041,,,2.0,40.0,2-40,42.23512656921844,,,mask_ge_0.70_abs_b_gt_40deg,0.7,40.0,abs_b_gt_40deg
SMICA,0.2175695780130183,0.2170046220566222,0.0005649559563961,10.880363600116222,10.852110908357664,0.0282526917585599,0.9760445267883496,0.976170290709128,0.3556073506673177,I_STOKES,K_CMB_to_uK,,,TMASK,COM_CMB_IQU-smica_2048_R3.00_full.fits,,Mask ladder bands,mask_sky_fraction_bandlimited,cptg_cmb_mask_ladder_bands,SMICA | 2-64 | mask_ge_0.70_abs_b_gt_40deg | abs_b_gt_40deg,True,False,0.0282526917585599,0.0005649559563961,,,2.0,64.0,2-64,50.00866251376924,,,mask_ge_0.70_abs_b_gt_40deg,0.7,40.0,abs_b_gt_40deg
SMICA,0.2001229183527956,0.1998959013985345,0.000227016954261,11.508904496620335,11.495848938230475,0.0130555583898601,0.9797707534036416,0.9798170954211416,0.3556073506673177,I_STOKES,K_CMB_to_uK,,,TMASK,COM_CMB_IQU-smica_2048_R3.00_full.fits,,Mask ladder bands,mask_sky_fraction_bandlimited,cptg_cmb_mask_ladder_bands,SMICA | 2-95 | mask_ge_0.70_abs_b_gt_40deg | abs_b_gt_40deg,True,False,0.0130555583898601,0.000227016954261,,,2.0,95.0,2-95,57.50917781606277,,,mask_ge_0.70_abs_b_gt_40deg,0.7,40.0,abs_b_gt_40deg
SMICA,0.2411832418927638,0.23998535103993,0.0011978908528338,10.36755155064786,10.316058772495696,0.0514927781521645,0.9704788528902204,0.9707757751567276,0.8397038777669271,I_STOKES,K_CMB_to_uK,,,TMASK,COM_CMB_IQU-smica_2048_R3.00_full.fits,,Mask ladder bands,mask_sky_fraction_bandlimited,cptg_cmb_mask_ladder_bands,SMICA | 2-30 | mask_ge_0.80_no_galactic_cut | no_galactic_cut,True,False,0.0514927781521645,0.0011978908528338,,,2.0,30.0,2-30,42.9862019818837,,,mask_ge_0.80_no_galactic_cut,0.8,-1.0,no_galactic_cut
SMICA,0.2326821981288731,0.2316190318141314,0.0010631663147416,10.927358670582333,10.87742962684333,0.0499290437390023,0.9725523810734862,0.9728061323856232,0.8397038777669271,I_STOKES,K_CMB_to_uK,,,TMASK,COM_CMB_IQU-smica_2048_R3.00_full.fits,,Mask ladder bands,mask_sky_fraction_bandlimited,cptg_cmb_mask_ladder_bands,SMICA | 2-40 | mask_ge_0.80_no_galactic_cut | no_galactic_cut,True,False,0.0499290437390023,0.0010631663147416,,,2.0,40.0,2-40,46.96258999809739,,,mask_ge_0.80_no_galactic_cut,0.8,-1.0,no_galactic_cut
SMICA,0.2126154342250953,0.2118024998821047,0.0008129343429905,11.413286896189076,11.369648235063028,0.0436386611260477,0.977135852498548,0.9773123859345192,0.8397038777669271,I_STOKES,K_CMB_to_uK,,,TMASK,COM_CMB_IQU-smica_2048_R3.00_full.fits,,Mask ladder bands,mask_sky_fraction_bandlimited,cptg_cmb_mask_ladder_bands,SMICA | 2-64 | mask_ge_0.80_no_galactic_cut | no_galactic_cut,True,False,0.0436386611260477,0.0008129343429905,,,2.0,64.0,2-64,53.68042511958875,,,mask_ge_0.80_no_galactic_cut,0.8,-1.0,no_galactic_cut
SMICA,0.1936637840526907,0.1931192398631871,0.0005445441895036,11.774784382443489,11.741676021737426,0.0331083607060627,0.9810679316196768,0.981175268336116,0.8397038777669271,I_STOKES,K_CMB_to_uK,,,TMASK,COM_CMB_IQU-smica_2048_R3.00_full.fits,,Mask ladder bands,mask_sky_fraction_bandlimited,cptg_cmb_mask_ladder_bands,SMICA | 2-95 | mask_ge_0.80_no_galactic_cut | no_galactic_cut,True,False,0.0331083607060627,0.0005445441895036,,,2.0,95.0,2-95,60.80013586453461,,,mask_ge_0.80_no_galactic_cut,0.8,-1.0,no_galactic_cut
SMICA,0.249235253107331,0.2479689595359194,0.0012662935714115,10.454728613047482,10.40161110471549,0.0531175083319919,0.9684418194993154,0.9687668382352757,0.7860755920410156,I_STOKES,K_CMB_to_uK,,,TMASK,COM_CMB_IQU-smica_2048_R3.00_full.fits,,Mask ladder bands,mask_sky_fraction_bandlimited,cptg_cmb_mask_ladder_bands,SMICA | 2-30 | mask_ge_0.80_abs_b_gt_10deg | abs_b_gt_10deg,True,False,0.0531175083319919,0.0012662935714115,,,2.0,30.0,2-30,41.94723050894106,,,mask_ge_0.80_abs_b_gt_10deg,0.8,10.0,abs_b_gt_10deg
SMICA,0.2418303043459047,0.2407111763474645,0.0011191279984401,11.100692947295034,11.049321816149966,0.0513711311450677,0.9703179319523372,0.9705961703857836,0.7860755920410156,I_STOKES,K_CMB_to_uK,,,TMASK,COM_CMB_IQU-smica_2048_R3.00_full.fits,,Mask ladder bands,mask_sky_fraction_bandlimited,cptg_cmb_mask_ladder_bands,SMICA | 2-40 | mask_ge_0.80_abs_b_gt_10deg | abs_b_gt_10deg,True,False,0.0513711311450677,0.0011191279984401,,,2.0,40.0,2-40,45.90282006764972,,,mask_ge_0.80_abs_b_gt_10deg,0.8,10.0,abs_b_gt_10deg
SMICA,0.2222832602639874,0.221449394619793,0.0008338656441944,11.733207436100193,11.689191892304628,0.0440155437955649,0.9749820249209112,0.9751717612079146,0.7860755920410156,I_STOKES,K_CMB_to_uK,,,TMASK,COM_CMB_IQU-smica_2048_R3.00_full.fits,,Mask ladder bands,mask_sky_fraction_bandlimited,cptg_cmb_mask_ladder_bands,SMICA | 2-64 | mask_ge_0.80_abs_b_gt_10deg | abs_b_gt_10deg,True,False,0.0440155437955649,0.0008338656441944,,,2.0,64.0,2-64,52.784934961659424,,,mask_ge_0.80_abs_b_gt_10deg,0.8,10.0,abs_b_gt_10deg
SMICA,0.2027114871521478,0.2021657674890289,0.0005457196631188,12.147973255437432,12.115269692528052,0.0327035629093792,0.979238477236475,0.9793512878888452,0.7860755920410156,I_STOKES,K_CMB_to_uK,,,TMASK,COM_CMB_IQU-smica_2048_R3.00_full.fits,,Mask ladder bands,mask_sky_fraction_bandlimited,cptg_cmb_mask_ladder_bands,SMICA | 2-95 | mask_ge_0.80_abs_b_gt_10deg | abs_b_gt_10deg,True,False,0.0327035629093792,0.0005457196631188,,,2.0,95.0,2-95,59.92740434250581,,,mask_ge_0.80_abs_b_gt_10deg,0.8,10.0,abs_b_gt_10deg
SMICA,0.2662800010021698,0.264959973711864,0.0013200272903058,10.86418436475844,10.81032744800006,0.0538569167583808,0.9638949982787688,0.964258695968818,0.6456820170084635,I_STOKES,K_CMB_to_uK,,,TMASK,COM_CMB_IQU-smica_2048_R3.00_full.fits,,Mask ladder bands,mask_sky_fraction_bandlimited,cptg_cmb_mask_ladder_bands,SMICA | 2-30 | mask_ge_0.80_abs_b_gt_20deg | abs_b_gt_20deg,True,False,0.0538569167583808,0.0013200272903058,,,2.0,30.0,2-30,40.799850998460485,,,mask_ge_0.80_abs_b_gt_20deg,0.8,20.0,abs_b_gt_20deg
SMICA,0.2558536765430526,0.2546795090777162,0.0011741674653363,11.429209461320376,11.376758364719702,0.0524510966006737,0.9667152941729958,0.9670252920369048,0.6456820170084635,I_STOKES,K_CMB_to_uK,,,TMASK,COM_CMB_IQU-smica_2048_R3.00_full.fits,,Mask ladder bands,mask_sky_fraction_bandlimited,cptg_cmb_mask_ladder_bands,SMICA | 2-40 | mask_ge_0.80_abs_b_gt_20deg | abs_b_gt_20deg,True,False,0.0524510966006737,0.0011741674653363,,,2.0,40.0,2-40,44.6708822626482,,,mask_ge_0.80_abs_b_gt_20deg,0.8,20.0,abs_b_gt_20deg
SMICA,0.2367812460725005,0.2359466375576298,0.0008346085148706,12.291083493154426,12.247759779344626,0.0433237138097997,0.97156289586234,0.97176592068578,0.6456820170084635,I_STOKES,K_CMB_to_uK,,,TMASK,COM_CMB_IQU-smica_2048_R3.00_full.fits,,Mask ladder bands,mask_sky_fraction_bandlimited,cptg_cmb_mask_ladder_bands,SMICA | 2-64 | mask_ge_0.80_abs_b_gt_20deg | abs_b_gt_20deg,True,False,0.0433237138097997,0.0008346085148706,,,2.0,64.0,2-64,51.90902445623162,,,mask_ge_0.80_abs_b_gt_20deg,0.8,20.0,abs_b_gt_20deg
SMICA,0.2158501613184947,0.2153127445534464,0.0005374167650482,12.7592547269745,12.727487146362504,0.0317675806119961,0.9764264795692362,0.9765451266410168,0.6456820170084635,I_STOKES,K_CMB_to_uK,,,TMASK,COM_CMB_IQU-smica_2048_R3.00_full.fits,,Mask ladder bands,mask_sky_fraction_bandlimited,cptg_cmb_mask_ladder_bands,SMICA | 2-95 | mask_ge_0.80_abs_b_gt_20deg | abs_b_gt_20deg,True,False,0.0317675806119961,0.0005374167650482,,,2.0,95.0,2-95,59.11162933136638,,,mask_ge_0.80_abs_b_gt_20deg,0.8,20.0,abs_b_gt_20deg
SMICA,0.2590553780314211,0.2577117265766723,0.0013436514547487,10.100422320034935,10.04803411158691,0.0523882084480256,0.9658612621242602,0.9662206563136816,0.4936459859212239,I_STOKES,K_CMB_to_uK,,,TMASK,COM_CMB_IQU-smica_2048_R3.00_full.fits,,Mask ladder bands,mask_sky_fraction_bandlimited,cptg_cmb_mask_ladder_bands,SMICA | 2-30 | mask_ge_0.80_abs_b_gt_30deg | abs_b_gt_30deg,True,False,0.0523882084480256,0.0013436514547487,,,2.0,30.0,2-30,38.98943305786088,,,mask_ge_0.80_abs_b_gt_30deg,0.8,30.0,abs_b_gt_30deg
SMICA,0.2523370476227905,0.2511709236899803,0.0011661239328101,10.85633972376938,10.806169375444112,0.0501703483252686,0.9676390540942472,0.9679424042431628,0.4936459859212239,I_STOKES,K_CMB_to_uK,,,TMASK,COM_CMB_IQU-smica_2048_R3.00_full.fits,,Mask ladder bands,mask_sky_fraction_bandlimited,cptg_cmb_mask_ladder_bands,SMICA | 2-40 | mask_ge_0.80_abs_b_gt_30deg | abs_b_gt_30deg,True,False,0.0501703483252686,0.0011661239328101,,,2.0,40.0,2-40,43.02317010539858,,,mask_ge_0.80_abs_b_gt_30deg,0.8,30.0,abs_b_gt_30deg
SMICA,0.2363143313831453,0.2355385226087556,0.0007758087743897,11.932154322362647,11.892981624005849,0.0391726983568005,0.9716765567305996,0.9718649082222136,0.4936459859212239,I_STOKES,K_CMB_to_uK,,,TMASK,COM_CMB_IQU-smica_2048_R3.00_full.fits,,Mask ladder bands,mask_sky_fraction_bandlimited,cptg_cmb_mask_ladder_bands,SMICA | 2-64 | mask_ge_0.80_abs_b_gt_30deg | abs_b_gt_30deg,True,False,0.0391726983568005,0.0007758087743897,,,2.0,64.0,2-64,50.49272404480876,,,mask_ge_0.80_abs_b_gt_30deg,0.8,30.0,abs_b_gt_30deg
SMICA,0.2166833131362161,0.2162520855755175,0.0004312275606986,12.55305457829647,12.528072391035414,0.024982187261056,0.9762419158059312,0.9763375298048216,0.4936459859212239,I_STOKES,K_CMB_to_uK,,,TMASK,COM_CMB_IQU-smica_2048_R3.00_full.fits,,Mask ladder bands,mask_sky_fraction_bandlimited,cptg_cmb_mask_ladder_bands,SMICA | 2-95 | mask_ge_0.80_abs_b_gt_30deg | abs_b_gt_30deg,True,False,0.024982187261056,0.0004312275606986,,,2.0,95.0,2-95,57.932724013708885,,,mask_ge_0.80_abs_b_gt_30deg,0.8,30.0,abs_b_gt_30deg
SMICA,0.2307317432054693,0.2295405241923682,0.001191219013101,8.858417026337237,8.812682899592682,0.0457341267445556,0.9730150818682988,0.973296810381968,0.3555208841959635,I_STOKES,K_CMB_to_uK,,,TMASK,COM_CMB_IQU-smica_2048_R3.00_full.fits,,Mask ladder bands,mask_sky_fraction_bandlimited,cptg_cmb_mask_ladder_bands,SMICA | 2-30 | mask_ge_0.80_abs_b_gt_40deg | abs_b_gt_40deg,True,False,0.0457341267445556,0.001191219013101,,,2.0,30.0,2-30,38.39271052725811,,,mask_ge_0.80_abs_b_gt_40deg,0.8,40.0,abs_b_gt_40deg
SMICA,0.2266987172242089,0.2256916571798564,0.0010070600443525,9.572004964763517,9.529483401949276,0.0425215628142421,0.9739641210453952,0.974197981615166,0.3555208841959635,I_STOKES,K_CMB_to_uK,,,TMASK,COM_CMB_IQU-smica_2048_R3.00_full.fits,,Mask ladder bands,mask_sky_fraction_bandlimited,cptg_cmb_mask_ladder_bands,SMICA | 2-40 | mask_ge_0.80_abs_b_gt_40deg | abs_b_gt_40deg,True,False,0.0425215628142421,0.0010070600443525,,,2.0,40.0,2-40,42.22346329069273,,,mask_ge_0.80_abs_b_gt_40deg,0.8,40.0,abs_b_gt_40deg
SMICA,0.2175685005845315,0.2170034730601233,0.0005650275244081,10.8781482158002,10.849897558466967,0.028250657333233,0.9760447713990762,0.9761705505515644,0.3555208841959635,I_STOKES,K_CMB_to_uK,,,TMASK,COM_CMB_IQU-smica_2048_R3.00_full.fits,,Mask ladder bands,mask_sky_fraction_bandlimited,cptg_cmb_mask_ladder_bands,SMICA | 2-64 | mask_ge_0.80_abs_b_gt_40deg | abs_b_gt_40deg,True,False,0.028250657333233,0.0005650275244081,,,2.0,64.0,2-64,49.998727695297646,,,mask_ge_0.80_abs_b_gt_40deg,0.8,40.0,abs_b_gt_40deg
SMICA,0.2001325706604786,0.1999056713685714,0.0002268992919072,11.5074781829318,11.49443163762072,0.0130465453110808,0.9797687837102274,0.9798151040470108,0.3555208841959635,I_STOKES,K_CMB_to_uK,,,TMASK,COM_CMB_IQU-smica_2048_R3.00_full.fits,,Mask ladder bands,mask_sky_fraction_bandlimited,cptg_cmb_mask_ladder_bands,SMICA | 2-95 | mask_ge_0.80_abs_b_gt_40deg | abs_b_gt_40deg,True,False,0.0130465453110808,0.0002268992919072,,,2.0,95.0,2-95,57.49927732879637,,,mask_ge_0.80_abs_b_gt_40deg,0.8,40.0,abs_b_gt_40deg
SMICA,0.2410652887978354,0.239866724636553,0.0011985641612823,10.355089532386572,10.30360456222649,0.0514849701600841,0.9705081469206034,0.9708050811719549,0.8384526570638021,I_STOKES,K_CMB_to_uK,,,TMASK,COM_CMB_IQU-smica_2048_R3.00_full.fits,,Mask ladder bands,mask_sky_fraction_bandlimited,cptg_cmb_mask_ladder_bands,SMICA | 2-30 | mask_ge_0.90_no_galactic_cut | no_galactic_cut,True,False,0.0514849701600841,0.0011985641612823,,,2.0,30.0,2-30,42.955539489016445,,,mask_ge_0.90_no_galactic_cut,0.9,-1.0,no_galactic_cut
SMICA,0.2325458171880026,0.2314819794188696,0.0010638377691329,10.913269522788012,10.863344099731776,0.0499254230562371,0.9725849946817708,0.9728387482657816,0.8384526570638021,I_STOKES,K_CMB_to_uK,,,TMASK,COM_CMB_IQU-smica_2048_R3.00_full.fits,,Mask ladder bands,mask_sky_fraction_bandlimited,cptg_cmb_mask_ladder_bands,SMICA | 2-40 | mask_ge_0.90_no_galactic_cut | no_galactic_cut,True,False,0.0499254230562371,0.0010638377691329,,,2.0,40.0,2-40,46.92954556118779,,,mask_ge_0.90_no_galactic_cut,0.9,-1.0,no_galactic_cut
SMICA,0.2125326883580242,0.2117197201769602,0.0008129681810639,11.401857127505082,11.35824337979732,0.0436137477077611,0.9771538489982508,0.977330317721678,0.8384526570638021,I_STOKES,K_CMB_to_uK,,,TMASK,COM_CMB_IQU-smica_2048_R3.00_full.fits,,Mask ladder bands,mask_sky_fraction_bandlimited,cptg_cmb_mask_ladder_bands,SMICA | 2-64 | mask_ge_0.90_no_galactic_cut | no_galactic_cut,True,False,0.0436137477077611,0.0008129681810639,,,2.0,64.0,2-64,53.647545775631286,,,mask_ge_0.90_no_galactic_cut,0.9,-1.0,no_galactic_cut
SMICA,0.1935998664231989,0.1930563208954785,0.0005435455277204,11.765592283511737,11.732559538268482,0.0330327452432523,0.9810805467345952,0.9811876501042196,0.8384526570638021,I_STOKES,K_CMB_to_uK,,,TMASK,COM_CMB_IQU-smica_2048_R3.00_full.fits,,Mask ladder bands,mask_sky_fraction_bandlimited,cptg_cmb_mask_ladder_bands,SMICA | 2-95 | mask_ge_0.90_no_galactic_cut | no_galactic_cut,True,False,0.0330327452432523,0.0005435455277204,,,2.0,95.0,2-95,60.77272934575677,,,mask_ge_0.90_no_galactic_cut,0.9,-1.0,no_galactic_cut
SMICA,0.2491685783000329,0.2479015911088559,0.0012669871911769,10.447912640548726,10.39478647359612,0.053126166952607,0.9684589676155516,0.9687840710356556,0.7853101094563802,I_STOKES,K_CMB_to_uK,,,TMASK,COM_CMB_IQU-smica_2048_R3.00_full.fits,,Mask ladder bands,mask_sky_fraction_bandlimited,cptg_cmb_mask_ladder_bands,SMICA | 2-30 | mask_ge_0.90_abs_b_gt_10deg | abs_b_gt_10deg,True,False,0.053126166952607,0.0012669871911769,,,2.0,30.0,2-30,41.93110026886301,,,mask_ge_0.90_abs_b_gt_10deg,0.9,10.0,abs_b_gt_10deg
SMICA,0.2417130046228177,0.2405930005851608,0.0011200040376569,11.090652511395191,11.039262741893976,0.0513897695012168,0.9703471478350552,0.9706254599037556,0.7853101094563802,I_STOKES,K_CMB_to_uK,,,TMASK,COM_CMB_IQU-smica_2048_R3.00_full.fits,,Mask ladder bands,mask_sky_fraction_bandlimited,cptg_cmb_mask_ladder_bands,SMICA | 2-40 | mask_ge_0.90_abs_b_gt_10deg | abs_b_gt_10deg,True,False,0.0513897695012168,0.0011200040376569,,,2.0,40.0,2-40,45.88355735638492,,,mask_ge_0.90_abs_b_gt_10deg,0.9,10.0,abs_b_gt_10deg
SMICA,0.2222023910417295,0.2213681123452076,0.0008342786965218,11.724459500420442,11.68043897146224,0.0440205289582031,0.975000453489396,0.9751902108425784,0.7853101094563802,I_STOKES,K_CMB_to_uK,,,TMASK,COM_CMB_IQU-smica_2048_R3.00_full.fits,,Mask ladder bands,mask_sky_fraction_bandlimited,cptg_cmb_mask_ladder_bands,SMICA | 2-64 | mask_ge_0.90_abs_b_gt_10deg | abs_b_gt_10deg,True,False,0.0440205289582031,0.0008342786965218,,,2.0,64.0,2-64,52.76477649702064,,,mask_ge_0.90_abs_b_gt_10deg,0.9,10.0,abs_b_gt_10deg
SMICA,0.2026456995900284,0.2021003812405996,0.0005453183494288,12.141059076180246,12.108387559789152,0.032671516391094,0.979252093456668,0.9793647830686948,0.7853101094563802,I_STOKES,K_CMB_to_uK,,,TMASK,COM_CMB_IQU-smica_2048_R3.00_full.fits,,Mask ladder bands,mask_sky_fraction_bandlimited,cptg_cmb_mask_ladder_bands,SMICA | 2-95 | mask_ge_0.90_abs_b_gt_10deg | abs_b_gt_10deg,True,False,0.032671516391094,0.0005453183494288,,,2.0,95.0,2-95,59.91273982493962,,,mask_ge_0.90_abs_b_gt_10deg,0.9,10.0,abs_b_gt_10deg
SMICA,0.2663375767333977,0.2650174903583702,0.0013200863750275,10.862945458410923,10.809103914652082,0.0538415437588408,0.9638790821967476,0.9642428810339012,0.6452649434407552,I_STOKES,K_CMB_to_uK,,,TMASK,COM_CMB_IQU-smica_2048_R3.00_full.fits,,Mask ladder bands,mask_sky_fraction_bandlimited,cptg_cmb_mask_ladder_bands,SMICA | 2-30 | mask_ge_0.90_abs_b_gt_20deg | abs_b_gt_20deg,True,False,0.0538415437588408,0.0013200863750275,,,2.0,30.0,2-30,40.78637941984682,,,mask_ge_0.90_abs_b_gt_20deg,0.9,20.0,abs_b_gt_20deg
SMICA,0.2558819978966796,0.2547076006330618,0.0011743972636177,11.426366710617923,11.373924202319778,0.0524425082981476,0.9667077920572072,0.9670178872976746,0.6452649434407552,I_STOKES,K_CMB_to_uK,,,TMASK,COM_CMB_IQU-smica_2048_R3.00_full.fits,,Mask ladder bands,mask_sky_fraction_bandlimited,cptg_cmb_mask_ladder_bands,SMICA | 2-40 | mask_ge_0.90_abs_b_gt_20deg | abs_b_gt_20deg,True,False,0.0524425082981476,0.0011743972636177,,,2.0,40.0,2-40,44.65482841521224,,,mask_ge_0.90_abs_b_gt_20deg,0.9,20.0,abs_b_gt_20deg
SMICA,0.2368166573440155,0.2359819723505826,0.0008346849934329,12.288796735679064,12.245483590659378,0.0433131450196864,0.9715542625822912,0.9717573382122768,0.6452649434407552,I_STOKES,K_CMB_to_uK,,,TMASK,COM_CMB_IQU-smica_2048_R3.00_full.fits,,Mask ladder bands,mask_sky_fraction_bandlimited,cptg_cmb_mask_ladder_bands,SMICA | 2-64 | mask_ge_0.90_abs_b_gt_20deg | abs_b_gt_20deg,True,False,0.0433131450196864,0.0008346849934329,,,2.0,64.0,2-64,51.89160624722249,,,mask_ge_0.90_abs_b_gt_20deg,0.9,20.0,abs_b_gt_20deg
SMICA,0.2158823923732712,0.2153454042542386,0.0005369881190326,12.758349455876472,12.726614204099077,0.0317352517773965,0.9764193548142964,0.976537925960509,0.6452649434407552,I_STOKES,K_CMB_to_uK,,,TMASK,COM_CMB_IQU-smica_2048_R3.00_full.fits,,Mask ladder bands,mask_sky_fraction_bandlimited,cptg_cmb_mask_ladder_bands,SMICA | 2-95 | mask_ge_0.90_abs_b_gt_20deg | abs_b_gt_20deg,True,False,0.0317352517773965,0.0005369881190326,,,2.0,95.0,2-95,59.09861066305333,,,mask_ge_0.90_abs_b_gt_20deg,0.9,20.0,abs_b_gt_20deg
SMICA,0.2589793887266159,0.2576359490834456,0.0013434396431702,10.095615819346683,10.043245433500092,0.0523703858465918,0.9658816498675814,0.9662408742275764,0.493390401204427,I_STOKES,K_CMB_to_uK,,,TMASK,COM_CMB_IQU-smica_2048_R3.00_full.fits,,Mask ladder bands,mask_sky_fraction_bandlimited,cptg_cmb_mask_ladder_bands,SMICA | 2-30 | mask_ge_0.90_abs_b_gt_30deg | abs_b_gt_30deg,True,False,0.0523703858465918,0.0013434396431702,,,2.0,30.0,2-30,38.982313878282525,,,mask_ge_0.90_abs_b_gt_30deg,0.9,30.0,abs_b_gt_30deg
SMICA,0.2522529339786144,0.2510869229793259,0.0011660109992884,10.85028161980388,10.80012740548207,0.0501542143218092,0.967660988191958,0.9679642008105558,0.493390401204427,I_STOKES,K_CMB_to_uK,,,TMASK,COM_CMB_IQU-smica_2048_R3.00_full.fits,,Mask ladder bands,mask_sky_fraction_bandlimited,cptg_cmb_mask_ladder_bands,SMICA | 2-40 | mask_ge_0.90_abs_b_gt_30deg | abs_b_gt_30deg,True,False,0.0501542143218092,0.0011660109992884,,,2.0,40.0,2-40,43.013500174883,,,mask_ge_0.90_abs_b_gt_30deg,0.9,30.0,abs_b_gt_30deg
SMICA,0.2362591319563043,0.2354836878663413,0.000775444089963,11.927099525168355,11.887952683475469,0.0391468416928884,0.9716899803507536,0.97187819681114,0.493390401204427,I_STOKES,K_CMB_to_uK,,,TMASK,COM_CMB_IQU-smica_2048_R3.00_full.fits,,Mask ladder bands,mask_sky_fraction_bandlimited,cptg_cmb_mask_ladder_bands,SMICA | 2-64 | mask_ge_0.90_abs_b_gt_30deg | abs_b_gt_30deg,True,False,0.0391468416928884,0.000775444089963,,,2.0,64.0,2-64,50.48312599139765,,,mask_ge_0.90_abs_b_gt_30deg,0.9,30.0,abs_b_gt_30deg
SMICA,0.2166288838493213,0.2161978512609735,0.0004310325883478,12.547547737724011,12.522581528773914,0.024966208950099,0.9762539975692256,0.9763495431616894,0.493390401204427,I_STOKES,K_CMB_to_uK,,,TMASK,COM_CMB_IQU-smica_2048_R3.00_full.fits,,Mask ladder bands,mask_sky_fraction_bandlimited,cptg_cmb_mask_ladder_bands,SMICA | 2-95 | mask_ge_0.90_abs_b_gt_30deg | abs_b_gt_30deg,True,False,0.024966208950099,0.0004310325883478,,,2.0,95.0,2-95,57.9218593327176,,,mask_ge_0.90_abs_b_gt_30deg,0.9,30.0,abs_b_gt_30deg
SMICA,0.2307483657029431,0.2295571643413425,0.0011912013616006,8.857979570620245,8.812251674375306,0.045727896244939,0.9730111457027508,0.973292891476303,0.3554026285807292,I_STOKES,K_CMB_to_uK,,,TMASK,COM_CMB_IQU-smica_2048_R3.00_full.fits,,Mask ladder bands,mask_sky_fraction_bandlimited,cptg_cmb_mask_ladder_bands,SMICA | 2-30 | mask_ge_0.90_abs_b_gt_40deg | abs_b_gt_40deg,True,False,0.045727896244939,0.0011912013616006,,,2.0,30.0,2-30,38.38804900583208,,,mask_ge_0.90_abs_b_gt_40deg,0.9,40.0,abs_b_gt_40deg
SMICA,0.2266790058903174,0.2256718069212789,0.0010071989690385,9.56995573137647,9.52743370994564,0.0425220214308303,0.973968710303622,0.9742025815656514,0.3554026285807292,I_STOKES,K_CMB_to_uK,,,TMASK,COM_CMB_IQU-smica_2048_R3.00_full.fits,,Mask ladder bands,mask_sky_fraction_bandlimited,cptg_cmb_mask_ladder_bands,SMICA | 2-40 | mask_ge_0.90_abs_b_gt_40deg | abs_b_gt_40deg,True,False,0.0425220214308303,0.0010071989690385,,,2.0,40.0,2-40,42.21809467440076,,,mask_ge_0.90_abs_b_gt_40deg,0.9,40.0,abs_b_gt_40deg
SMICA,0.2175858185900833,0.2170211998744746,0.0005646187156086,10.878813001008186,10.850583305415997,0.0282296955921914,0.9760409163002236,0.976166615058174,0.3554026285807292,I_STOKES,K_CMB_to_uK,,,TMASK,COM_CMB_IQU-smica_2048_R3.00_full.fits,,Mask ladder bands,mask_sky_fraction_bandlimited,cptg_cmb_mask_ladder_bands,SMICA | 2-64 | mask_ge_0.90_abs_b_gt_40deg | abs_b_gt_40deg,True,False,0.0282296955921914,0.0005646187156086,,,2.0,64.0,2-64,49.99780349427607,,,mask_ge_0.90_abs_b_gt_40deg,0.9,40.0,abs_b_gt_40deg
SMICA,0.2001255455085848,0.1998984623560991,0.0002270831524857,11.506121492169688,11.4930654560965,0.0130560360731877,0.9797702209045775,0.9798165770521684,0.3554026285807292,I_STOKES,K_CMB_to_uK,,,TMASK,COM_CMB_IQU-smica_2048_R3.00_full.fits,,Mask ladder bands,mask_sky_fraction_bandlimited,cptg_cmb_mask_ladder_bands,SMICA | 2-95 | mask_ge_0.90_abs_b_gt_40deg | abs_b_gt_40deg,True,False,0.0130560360731877,0.0002270831524857,,,2.0,95.0,2-95,57.4945165692308,,,mask_ge_0.90_abs_b_gt_40deg,0.9,40.0,abs_b_gt_40deg
SMICA,0.2411324930742632,0.2399337414525436,0.0011987516217195,10.353836816907474,10.302364373202158,0.0514724437053164,0.9704914637831388,0.970788532318817,0.8376681009928385,I_STOKES,K_CMB_to_uK,,,TMASK,COM_CMB_IQU-smica_2048_R3.00_full.fits,,Mask ladder bands,mask_sky_fraction_bandlimited,cptg_cmb_mask_ladder_bands,SMICA | 2-30 | mask_ge_0.95_no_galactic_cut | no_galactic_cut,True,False,0.0514724437053164,0.0011987516217195,,,2.0,30.0,2-30,42.93837253081745,,,mask_ge_0.95_no_galactic_cut,0.95,-1.0,no_galactic_cut
SMICA,0.2326236387490647,0.231559785304766,0.0010638534442987,10.913223161132995,10.86331391669505,0.0499092444379467,0.97256639029617,0.9728202375097844,0.8376681009928385,I_STOKES,K_CMB_to_uK,,,TMASK,COM_CMB_IQU-smica_2048_R3.00_full.fits,,Mask ladder bands,mask_sky_fraction_bandlimited,cptg_cmb_mask_ladder_bands,SMICA | 2-40 | mask_ge_0.95_no_galactic_cut | no_galactic_cut,True,False,0.0499092444379467,0.0010638534442987,,,2.0,40.0,2-40,46.91364652285095,,,mask_ge_0.95_no_galactic_cut,0.95,-1.0,no_galactic_cut
SMICA,0.2126209894102748,0.2118081771832068,0.0008128122270679,11.403076471131602,11.359484537862762,0.0435919332688392,0.977134638801035,0.9773111506489052,0.8376681009928385,I_STOKES,K_CMB_to_uK,,,TMASK,COM_CMB_IQU-smica_2048_R3.00_full.fits,,Mask ladder bands,mask_sky_fraction_bandlimited,cptg_cmb_mask_ladder_bands,SMICA | 2-64 | mask_ge_0.95_no_galactic_cut | no_galactic_cut,True,False,0.0435919332688392,0.0008128122270679,,,2.0,64.0,2-64,53.63100088452767,,,mask_ge_0.95_no_galactic_cut,0.95,-1.0,no_galactic_cut
SMICA,0.1936762944918737,0.1931329231192613,0.0005433713726123,11.76709281993401,11.73407947984508,0.0330133400889316,0.981065461434348,0.9811725745116088,0.8376681009928385,I_STOKES,K_CMB_to_uK,,,TMASK,COM_CMB_IQU-smica_2048_R3.00_full.fits,,Mask ladder bands,mask_sky_fraction_bandlimited,cptg_cmb_mask_ladder_bands,SMICA | 2-95 | mask_ge_0.95_no_galactic_cut | no_galactic_cut,True,False,0.0330133400889316,0.0005433713726123,,,2.0,95.0,2-95,60.75649501042956,,,mask_ge_0.95_no_galactic_cut,0.95,-1.0,no_galactic_cut
SMICA,0.2492138105545239,0.2479466075052176,0.0012672030493063,10.446738365563649,10.393618762429732,0.0531196031339167,0.9684473498963184,0.968772571405338,0.7848409016927084,I_STOKES,K_CMB_to_uK,,,TMASK,COM_CMB_IQU-smica_2048_R3.00_full.fits,,Mask ladder bands,mask_sky_fraction_bandlimited,cptg_cmb_mask_ladder_bands,SMICA | 2-30 | mask_ge_0.95_abs_b_gt_10deg | abs_b_gt_10deg,True,False,0.0531196031339167,0.0012672030493063,,,2.0,30.0,2-30,41.91877786515395,,,mask_ge_0.95_abs_b_gt_10deg,0.95,10.0,abs_b_gt_10deg
SMICA,0.2417629010059679,0.2406427643100895,0.0011201366958784,11.089947756413755,11.038565772719624,0.0513819836941298,0.9703347259494384,0.9706131319654993,0.7848409016927084,I_STOKES,K_CMB_to_uK,,,TMASK,COM_CMB_IQU-smica_2048_R3.00_full.fits,,Mask ladder bands,mask_sky_fraction_bandlimited,cptg_cmb_mask_ladder_bands,SMICA | 2-40 | mask_ge_0.95_abs_b_gt_10deg | abs_b_gt_10deg,True,False,0.0513819836941298,0.0011201366958784,,,2.0,40.0,2-40,45.87117258383658,,,mask_ge_0.95_abs_b_gt_10deg,0.95,10.0,abs_b_gt_10deg
SMICA,0.2222526234046889,0.2214183176517593,0.0008343057529295,11.724230737968533,11.680219589737671,0.044011148230858,0.9749890060791756,0.975178814763254,0.7848409016927084,I_STOKES,K_CMB_to_uK,,,TMASK,COM_CMB_IQU-smica_2048_R3.00_full.fits,,Mask ladder bands,mask_sky_fraction_bandlimited,cptg_cmb_mask_ladder_bands,SMICA | 2-64 | mask_ge_0.95_abs_b_gt_10deg | abs_b_gt_10deg,True,False,0.044011148230858,0.0008343057529295,,,2.0,64.0,2-64,52.75182159096703,,,mask_ge_0.95_abs_b_gt_10deg,0.95,10.0,abs_b_gt_10deg
SMICA,0.2026879115274606,0.2021427105288463,0.0005452009986142,12.14113305249454,12.108475170657163,0.0326578818373768,0.979243358105744,0.9793560480005048,0.7848409016927084,I_STOKES,K_CMB_to_uK,,,TMASK,COM_CMB_IQU-smica_2048_R3.00_full.fits,,Mask ladder bands,mask_sky_fraction_bandlimited,cptg_cmb_mask_ladder_bands,SMICA | 2-95 | mask_ge_0.95_abs_b_gt_10deg | abs_b_gt_10deg,True,False,0.0326578818373768,0.0005452009986142,,,2.0,95.0,2-95,59.900627328974345,,,mask_ge_0.95_abs_b_gt_10deg,0.95,10.0,abs_b_gt_10deg
SMICA,0.2664235056296188,0.2651035131838932,0.0013199924457256,10.863791088580044,10.809966550332271,0.0538245382477722,0.963855333824674,0.9642192334421597,0.6449979146321615,I_STOKES,K_CMB_to_uK,,,TMASK,COM_CMB_IQU-smica_2048_R3.00_full.fits,,Mask ladder bands,mask_sky_fraction_bandlimited,cptg_cmb_mask_ladder_bands,SMICA | 2-30 | mask_ge_0.95_abs_b_gt_20deg | abs_b_gt_20deg,True,False,0.0538245382477722,0.0013199924457256,,,2.0,30.0,2-30,40.77639869990621,,,mask_ge_0.95_abs_b_gt_20deg,0.95,20.0,abs_b_gt_20deg
SMICA,0.2559620904332693,0.2547878472140696,0.0011742432191996,11.427645503275697,11.37522041477558,0.0524250885001169,0.9666865853718124,0.9669967441227796,0.6449979146321615,I_STOKES,K_CMB_to_uK,,,TMASK,COM_CMB_IQU-smica_2048_R3.00_full.fits,,Mask ladder bands,mask_sky_fraction_bandlimited,cptg_cmb_mask_ladder_bands,SMICA | 2-40 | mask_ge_0.95_abs_b_gt_20deg | abs_b_gt_20deg,True,False,0.0524250885001169,0.0011742432191996,,,2.0,40.0,2-40,44.645851594398295,,,mask_ge_0.95_abs_b_gt_20deg,0.95,20.0,abs_b_gt_20deg
SMICA,0.2368915972653012,0.2360570778224484,0.0008345194428527,12.290470407297567,12.247173656230412,0.0432967510671549,0.9715359923097,0.9717390959160616,0.6449979146321615,I_STOKES,K_CMB_to_uK,,,TMASK,COM_CMB_IQU-smica_2048_R3.00_full.fits,,Mask ladder bands,mask_sky_fraction_bandlimited,cptg_cmb_mask_ladder_bands,SMICA | 2-64 | mask_ge_0.95_abs_b_gt_20deg | abs_b_gt_20deg,True,False,0.0432967510671549,0.0008345194428527,,,2.0,64.0,2-64,51.88225563582629,,,mask_ge_0.95_abs_b_gt_20deg,0.95,20.0,abs_b_gt_20deg
SMICA,0.2159420492452839,0.2154052026224508,0.0005368466228331,12.760023992578231,12.728301704994008,0.0317222875842233,0.9764061630939762,0.976524737434903,0.6449979146321615,I_STOKES,K_CMB_to_uK,,,TMASK,COM_CMB_IQU-smica_2048_R3.00_full.fits,,Mask ladder bands,mask_sky_fraction_bandlimited,cptg_cmb_mask_ladder_bands,SMICA | 2-95 | mask_ge_0.95_abs_b_gt_20deg | abs_b_gt_20deg,True,False,0.0317222875842233,0.0005368466228331,,,2.0,95.0,2-95,59.09003844862281,,,mask_ge_0.95_abs_b_gt_20deg,0.95,20.0,abs_b_gt_20deg
SMICA,0.259037591117514,0.2576942305631819,0.001343360554332,10.095496799703112,10.043141880408967,0.0523549192941441,0.9658660359129132,0.9662253259721816,0.4932276407877604,I_STOKES,K_CMB_to_uK,,,TMASK,COM_CMB_IQU-smica_2048_R3.00_full.fits,,Mask ladder bands,mask_sky_fraction_bandlimited,cptg_cmb_mask_ladder_bands,SMICA | 2-30 | mask_ge_0.95_abs_b_gt_30deg | abs_b_gt_30deg,True,False,0.0523549192941441,0.001343360554332,,,2.0,30.0,2-30,38.97309558875271,,,mask_ge_0.95_abs_b_gt_30deg,0.95,30.0,abs_b_gt_30deg
SMICA,0.2523113539876431,0.2511455046918493,0.0011658492957937,10.850608910740368,10.800471750610267,0.0501371601300988,0.9676457527146032,0.967948998563988,0.4932276407877604,I_STOKES,K_CMB_to_uK,,,TMASK,COM_CMB_IQU-smica_2048_R3.00_full.fits,,Mask ladder bands,mask_sky_fraction_bandlimited,cptg_cmb_mask_ladder_bands,SMICA | 2-40 | mask_ge_0.95_abs_b_gt_30deg | abs_b_gt_30deg,True,False,0.0501371601300988,0.0011658492957937,,,2.0,40.0,2-40,43.00483802751015,,,mask_ge_0.95_abs_b_gt_30deg,0.95,30.0,abs_b_gt_30deg
SMICA,0.2363149976814168,0.2355396658365624,0.0007753318448543,11.927563113945904,11.888429670853052,0.0391334430928509,0.9716763944608224,0.9718646309290004,0.4932276407877604,I_STOKES,K_CMB_to_uK,,,TMASK,COM_CMB_IQU-smica_2048_R3.00_full.fits,,Mask ladder bands,mask_sky_fraction_bandlimited,cptg_cmb_mask_ladder_bands,SMICA | 2-64 | mask_ge_0.95_abs_b_gt_30deg | abs_b_gt_30deg,True,False,0.0391334430928509,0.0007753318448543,,,2.0,64.0,2-64,50.473153337588,,,mask_ge_0.95_abs_b_gt_30deg,0.95,30.0,abs_b_gt_30deg
SMICA,0.2166795358232997,0.2162487291054172,0.0004308067178825,12.548562205743943,12.523612895798912,0.0249493099450308,0.976242757645365,0.9763382766674444,0.4932276407877604,I_STOKES,K_CMB_to_uK,,,TMASK,COM_CMB_IQU-smica_2048_R3.00_full.fits,,Mask ladder bands,mask_sky_fraction_bandlimited,cptg_cmb_mask_ladder_bands,SMICA | 2-95 | mask_ge_0.95_abs_b_gt_30deg | abs_b_gt_30deg,True,False,0.0249493099450308,0.0004308067178825,,,2.0,95.0,2-95,57.91300114274375,,,mask_ge_0.95_abs_b_gt_30deg,0.95,30.0,abs_b_gt_30deg
SMICA,0.2307907660214681,0.2295992729535531,0.0011914930679149,8.85775914906332,8.812029595817728,0.0457295532455912,0.973001072281544,0.9732829418582226,0.3553326924641927,I_STOKES,K_CMB_to_uK,,,TMASK,COM_CMB_IQU-smica_2048_R3.00_full.fits,,Mask ladder bands,mask_sky_fraction_bandlimited,cptg_cmb_mask_ladder_bands,SMICA | 2-30 | mask_ge_0.95_abs_b_gt_40deg | abs_b_gt_40deg,True,False,0.0457295532455912,0.0011914930679149,,,2.0,30.0,2-30,38.38004137582944,,,mask_ge_0.95_abs_b_gt_40deg,0.95,40.0,abs_b_gt_40deg
SMICA,0.2267270147103548,0.225719683343973,0.0010073313663817,9.570493078791849,9.527972085506937,0.0425209932849099,0.973957523928161,0.9741914782904642,0.3553326924641927,I_STOKES,K_CMB_to_uK,,,TMASK,COM_CMB_IQU-smica_2048_R3.00_full.fits,,Mask ladder bands,mask_sky_fraction_bandlimited,cptg_cmb_mask_ladder_bands,SMICA | 2-40 | mask_ge_0.95_abs_b_gt_40deg | abs_b_gt_40deg,True,False,0.0425209932849099,0.0010073313663817,,,2.0,40.0,2-40,42.21152512865841,,,mask_ge_0.95_abs_b_gt_40deg,0.95,40.0,abs_b_gt_40deg
SMICA,0.2176330790405155,0.2170683620061089,0.0005647170344066,10.8799082327859,10.85167691087968,0.0282313219062206,0.9760303759032988,0.9761561252360952,0.3553326924641927,I_STOKES,K_CMB_to_uK,,,TMASK,COM_CMB_IQU-smica_2048_R3.00_full.fits,,Mask ladder bands,mask_sky_fraction_bandlimited,cptg_cmb_mask_ladder_bands,SMICA | 2-64 | mask_ge_0.95_abs_b_gt_40deg | abs_b_gt_40deg,True,False,0.0282313219062206,0.0005647170344066,,,2.0,64.0,2-64,49.99197861259156,,,mask_ge_0.95_abs_b_gt_40deg,0.95,40.0,abs_b_gt_40deg
SMICA,0.2001665830173762,0.1999393034449484,0.0002272795724277,11.507114717386576,11.494048939505868,0.0130657778807066,0.9797618376894353,0.9798082438262968,0.3553326924641927,I_STOKES,K_CMB_to_uK,,,TMASK,COM_CMB_IQU-smica_2048_R3.00_full.fits,,Mask ladder bands,mask_sky_fraction_bandlimited,cptg_cmb_mask_ladder_bands,SMICA | 2-95 | mask_ge_0.95_abs_b_gt_40deg | abs_b_gt_40deg,True,False,0.0130657778807066,0.0002272795724277,,,2.0,95.0,2-95,57.48769122160442,,,mask_ge_0.95_abs_b_gt_40deg,0.95,40.0,abs_b_gt_40deg
SMICA,0.2412490456394991,0.2400496803914514,0.0011993652480476,10.352125924128064,10.30066051814521,0.0514654059828529,0.9704625171169862,0.9707598899774008,0.8364308675130209,I_STOKES,K_CMB_to_uK,,,TMASK,COM_CMB_IQU-smica_2048_R3.00_full.fits,,Mask ladder bands,mask_sky_fraction_bandlimited,cptg_cmb_mask_ladder_bands,SMICA | 2-30 | mask_ge_0.99_no_galactic_cut | no_galactic_cut,True,False,0.0514654059828529,0.0011993652480476,,,2.0,30.0,2-30,42.91053627460708,,,mask_ge_0.99_no_galactic_cut,0.99,-1.0,no_galactic_cut
SMICA,0.2327046820230576,0.2316402241280206,0.001064457895037,10.910225877018457,10.860319377628477,0.04990649938998,0.9725470182838916,0.9728011029669444,0.8364308675130209,I_STOKES,K_CMB_to_uK,,,TMASK,COM_CMB_IQU-smica_2048_R3.00_full.fits,,Mask ladder bands,mask_sky_fraction_bandlimited,cptg_cmb_mask_ladder_bands,SMICA | 2-40 | mask_ge_0.99_no_galactic_cut | no_galactic_cut,True,False,0.04990649938998,0.001064457895037,,,2.0,40.0,2-40,46.88442786010386,,,mask_ge_0.99_no_galactic_cut,0.99,-1.0,no_galactic_cut
SMICA,0.2127017152066205,0.2118885411752379,0.0008131740313826,11.401244205982987,11.357656425297952,0.0435877806850371,0.9771170749213062,0.977293735484209,0.8364308675130209,I_STOKES,K_CMB_to_uK,,,TMASK,COM_CMB_IQU-smica_2048_R3.00_full.fits,,Mask ladder bands,mask_sky_fraction_bandlimited,cptg_cmb_mask_ladder_bands,SMICA | 2-64 | mask_ge_0.99_no_galactic_cut | no_galactic_cut,True,False,0.0435877806850371,0.0008131740313826,,,2.0,64.0,2-64,53.60203228689392,,,mask_ge_0.99_no_galactic_cut,0.99,-1.0,no_galactic_cut
SMICA,0.1937469473132608,0.1932034462739481,0.0005435010393126,11.76553098926323,11.732526194042428,0.033004795220803,0.9810515134789684,0.9811586927256448,0.8364308675130209,I_STOKES,K_CMB_to_uK,,,TMASK,COM_CMB_IQU-smica_2048_R3.00_full.fits,,Mask ladder bands,mask_sky_fraction_bandlimited,cptg_cmb_mask_ladder_bands,SMICA | 2-95 | mask_ge_0.99_no_galactic_cut | no_galactic_cut,True,False,0.033004795220803,0.0005435010393126,,,2.0,95.0,2-95,60.72627802615164,,,mask_ge_0.99_no_galactic_cut,0.99,-1.0,no_galactic_cut
SMICA,0.2491960875812111,0.2479285887920395,0.0012674987891715,10.442291581522328,10.389178420460189,0.0531131610621393,0.968451924237874,0.968777196577882,0.7841669718424479,I_STOKES,K_CMB_to_uK,,,TMASK,COM_CMB_IQU-smica_2048_R3.00_full.fits,,Mask ladder bands,mask_sky_fraction_bandlimited,cptg_cmb_mask_ladder_bands,SMICA | 2-30 | mask_ge_0.99_abs_b_gt_10deg | abs_b_gt_10deg,True,False,0.0531131610621393,0.0012674987891715,,,2.0,30.0,2-30,41.90391463557495,,,mask_ge_0.99_abs_b_gt_10deg,0.99,10.0,abs_b_gt_10deg
SMICA,0.2417197383144678,0.2405991327687861,0.0011206055456817,11.083472163605803,11.03208951501222,0.0513826485935844,0.9703454803735098,0.9706239497041188,0.7841669718424479,I_STOKES,K_CMB_to_uK,,,TMASK,COM_CMB_IQU-smica_2048_R3.00_full.fits,,Mask ladder bands,mask_sky_fraction_bandlimited,cptg_cmb_mask_ladder_bands,SMICA | 2-40 | mask_ge_0.99_abs_b_gt_10deg | abs_b_gt_10deg,True,False,0.0513826485935844,0.0011206055456817,,,2.0,40.0,2-40,45.85257389773707,,,mask_ge_0.99_abs_b_gt_10deg,0.99,10.0,abs_b_gt_10deg
SMICA,0.2222165083608069,0.2213821112843992,0.0008343970764077,11.718716726886646,11.674714312087255,0.0440024147993884,0.974997238844932,0.9751870357542172,0.7841669718424479,I_STOKES,K_CMB_to_uK,,,TMASK,COM_CMB_IQU-smica_2048_R3.00_full.fits,,Mask ladder bands,mask_sky_fraction_bandlimited,cptg_cmb_mask_ladder_bands,SMICA | 2-64 | mask_ge_0.99_abs_b_gt_10deg | abs_b_gt_10deg,True,False,0.0440024147993884,0.0008343970764077,,,2.0,64.0,2-64,52.73558122810248,,,mask_ge_0.99_abs_b_gt_10deg,0.99,10.0,abs_b_gt_10deg
SMICA,0.2026525232345547,0.2021073384606776,0.0005451847738771,12.135562669918803,12.10291504291436,0.0326476270044437,0.9792506835846964,0.9793633495809276,0.7841669718424479,I_STOKES,K_CMB_to_uK,,,TMASK,COM_CMB_IQU-smica_2048_R3.00_full.fits,,Mask ladder bands,mask_sky_fraction_bandlimited,cptg_cmb_mask_ladder_bands,SMICA | 2-95 | mask_ge_0.99_abs_b_gt_10deg | abs_b_gt_10deg,True,False,0.0326476270044437,0.0005451847738771,,,2.0,95.0,2-95,59.88360014581621,,,mask_ge_0.99_abs_b_gt_10deg,0.99,10.0,abs_b_gt_10deg
SMICA,0.2665072183810161,0.2651872506073561,0.0013199677736599,10.86357940334581,10.809773826123086,0.0538055772227235,0.9638321959332016,0.9641962120449264,0.6446253458658854,I_STOKES,K_CMB_to_uK,,,TMASK,COM_CMB_IQU-smica_2048_R3.00_full.fits,,Mask ladder bands,mask_sky_fraction_bandlimited,cptg_cmb_mask_ladder_bands,SMICA | 2-30 | mask_ge_0.99_abs_b_gt_20deg | abs_b_gt_20deg,True,False,0.0538055772227235,0.0013199677736599,,,2.0,30.0,2-30,40.76279610488646,,,mask_ge_0.99_abs_b_gt_20deg,0.99,20.0,abs_b_gt_20deg
SMICA,0.2560135970788987,0.2548391506457055,0.0011744464331931,11.42541460569195,11.373001227713154,0.0524133779787963,0.9666729433315606,0.9669832225824792,0.6446253458658854,I_STOKES,K_CMB_to_uK,,,TMASK,COM_CMB_IQU-smica_2048_R3.00_full.fits,,Mask ladder bands,mask_sky_fraction_bandlimited,cptg_cmb_mask_ladder_bands,SMICA | 2-40 | mask_ge_0.99_abs_b_gt_20deg | abs_b_gt_20deg,True,False,0.0524133779787963,0.0011744464331931,,,2.0,40.0,2-40,44.62815544195821,,,mask_ge_0.99_abs_b_gt_20deg,0.99,20.0,abs_b_gt_20deg
SMICA,0.2369351078952943,0.2361005432007351,0.0008345646945592,12.288628758421138,12.24534409791884,0.0432846605022998,0.9715253835749336,0.9717285377491156,0.6446253458658854,I_STOKES,K_CMB_to_uK,,,TMASK,COM_CMB_IQU-smica_2048_R3.00_full.fits,,Mask ladder bands,mask_sky_fraction_bandlimited,cptg_cmb_mask_ladder_bands,SMICA | 2-64 | mask_ge_0.99_abs_b_gt_20deg | abs_b_gt_20deg,True,False,0.0432846605022998,0.0008345646945592,,,2.0,64.0,2-64,51.86495520896671,,,mask_ge_0.99_abs_b_gt_20deg,0.99,20.0,abs_b_gt_20deg
SMICA,0.2159811842012538,0.2154444920953863,0.0005366921058675,12.758553458164666,12.72684970142952,0.0317037567351476,0.9763975086812507,0.9765160714898892,0.6446253458658854,I_STOKES,K_CMB_to_uK,,,TMASK,COM_CMB_IQU-smica_2048_R3.00_full.fits,,Mask ladder bands,mask_sky_fraction_bandlimited,cptg_cmb_mask_ladder_bands,SMICA | 2-95 | mask_ge_0.99_abs_b_gt_20deg | abs_b_gt_20deg,True,False,0.0317037567351476,0.0005366921058675,,,2.0,95.0,2-95,59.07252293920241,,,mask_ge_0.99_abs_b_gt_20deg,0.99,20.0,abs_b_gt_20deg
SMICA,0.2589964425551307,0.2576529323757727,0.0013435101793579,10.091633629310824,10.039284599441642,0.0523490298691822,0.9658771130550812,0.9662363812500292,0.4930025736490885,I_STOKES,K_CMB_to_uK,,,TMASK,COM_CMB_IQU-smica_2048_R3.00_full.fits,,Mask ladder bands,mask_sky_fraction_bandlimited,cptg_cmb_mask_ladder_bands,SMICA | 2-30 | mask_ge_0.99_abs_b_gt_30deg | abs_b_gt_30deg,True,False,0.0523490298691822,0.0013435101793579,,,2.0,30.0,2-30,38.964371594265,,,mask_ge_0.99_abs_b_gt_30deg,0.99,30.0,abs_b_gt_30deg
SMICA,0.2522577181005593,0.2510915990317309,0.0011661190688284,10.845408487103118,10.79527310277762,0.0501353843254968,0.9676597486864488,0.9679629954194728,0.4930025736490885,I_STOKES,K_CMB_to_uK,,,TMASK,COM_CMB_IQU-smica_2048_R3.00_full.fits,,Mask ladder bands,mask_sky_fraction_bandlimited,cptg_cmb_mask_ladder_bands,SMICA | 2-40 | mask_ge_0.99_abs_b_gt_30deg | abs_b_gt_30deg,True,False,0.0501353843254968,0.0011661190688284,,,2.0,40.0,2-40,42.99336634282774,,,mask_ge_0.99_abs_b_gt_30deg,0.99,30.0,abs_b_gt_30deg
SMICA,0.2362674323932821,0.2354921342559988,0.0007752981372833,11.923102412859029,11.883977430639977,0.039124982219052,0.9716879682652984,0.9718761563324456,0.4930025736490885,I_STOKES,K_CMB_to_uK,,,TMASK,COM_CMB_IQU-smica_2048_R3.00_full.fits,,Mask ladder bands,mask_sky_fraction_bandlimited,cptg_cmb_mask_ladder_bands,SMICA | 2-64 | mask_ge_0.99_abs_b_gt_30deg | abs_b_gt_30deg,True,False,0.039124982219052,0.0007752981372833,,,2.0,64.0,2-64,50.46443469623975,,,mask_ge_0.99_abs_b_gt_30deg,0.99,30.0,abs_b_gt_30deg
SMICA,0.2166396604192869,0.2162089125460334,0.0004307478732534,12.544212654318024,12.519270808895866,0.024941845422159,0.9762516107180228,0.976347098234448,0.4930025736490885,I_STOKES,K_CMB_to_uK,,,TMASK,COM_CMB_IQU-smica_2048_R3.00_full.fits,,Mask ladder bands,mask_sky_fraction_bandlimited,cptg_cmb_mask_ladder_bands,SMICA | 2-95 | mask_ge_0.99_abs_b_gt_30deg | abs_b_gt_30deg,True,False,0.024941845422159,0.0004307478732534,,,2.0,95.0,2-95,57.90358344376929,,,mask_ge_0.99_abs_b_gt_30deg,0.99,30.0,abs_b_gt_30deg
SMICA,0.2307689379591316,0.2295771425190603,0.0011917954400712,8.855421795644478,8.80968838191344,0.0457334137310372,0.973006255764852,0.9732881683856164,0.3552271525065104,I_STOKES,K_CMB_to_uK,,,TMASK,COM_CMB_IQU-smica_2048_R3.00_full.fits,,Mask ladder bands,mask_sky_fraction_bandlimited,cptg_cmb_mask_ladder_bands,SMICA | 2-30 | mask_ge_0.99_abs_b_gt_40deg | abs_b_gt_40deg,True,False,0.0457334137310372,0.0011917954400712,,,2.0,30.0,2-30,38.37354313782362,,,mask_ge_0.99_abs_b_gt_40deg,0.99,40.0,abs_b_gt_40deg
SMICA,0.2266620719487176,0.225654145311158,0.0010079266375596,9.565676176512298,9.523139285617038,0.0425368908952599,0.9739726314321112,0.9742066529766176,0.3552271525065104,I_STOKES,K_CMB_to_uK,,,TMASK,COM_CMB_IQU-smica_2048_R3.00_full.fits,,Mask ladder bands,mask_sky_fraction_bandlimited,cptg_cmb_mask_ladder_bands,SMICA | 2-40 | mask_ge_0.99_abs_b_gt_40deg | abs_b_gt_40deg,True,False,0.0425368908952599,0.0010079266375596,,,2.0,40.0,2-40,42.20236801980939,,,mask_ge_0.99_abs_b_gt_40deg,0.99,40.0,abs_b_gt_40deg
SMICA,0.2175781370613722,0.2170133214085741,0.000564815652798,10.876244929056838,10.848011056561347,0.0282338724954911,0.9760426290206085,0.9761683668952212,0.3552271525065104,I_STOKES,K_CMB_to_uK,,,TMASK,COM_CMB_IQU-smica_2048_R3.00_full.fits,,Mask ladder bands,mask_sky_fraction_bandlimited,cptg_cmb_mask_ladder_bands,SMICA | 2-64 | mask_ge_0.99_abs_b_gt_40deg | abs_b_gt_40deg,True,False,0.0282338724954911,0.000564815652798,,,2.0,64.0,2-64,49.98776566410704,,,mask_ge_0.99_abs_b_gt_40deg,0.99,40.0,abs_b_gt_40deg
SMICA,0.2001181522491864,0.1998907084831747,0.0002274437660117,11.503325891919149,11.490251816763484,0.0130740751556643,0.9797717328675244,0.979818160794138,0.3552271525065104,I_STOKES,K_CMB_to_uK,,,TMASK,COM_CMB_IQU-smica_2048_R3.00_full.fits,,Mask ladder bands,mask_sky_fraction_bandlimited,cptg_cmb_mask_ladder_bands,SMICA | 2-95 | mask_ge_0.99_abs_b_gt_40deg | abs_b_gt_40deg,True,False,0.0130740751556643,0.0002274437660117,,,2.0,95.0,2-95,57.4826709253004,,,mask_ge_0.99_abs_b_gt_40deg,0.99,40.0,abs_b_gt_40deg
SMICA_noSZ,0.2383634636286029,0.2371970667689046,0.0011663968596983,10.31969300353791,10.269195090270747,0.0504979132671614,0.971175056668672,0.971460602004264,0.842749277750651,I_STOKES,K_CMB_to_uK,,,TMASK,COM_CMB_IQU-smica_2048_R3.00_full.fits,,Mask ladder bands,mask_sky_fraction_bandlimited,cptg_cmb_mask_ladder_bands,SMICA_noSZ | 2-30 | mask_ge_0.50_no_galactic_cut | no_galactic_cut,True,False,0.0504979132671614,0.0011663968596983,,,2.0,30.0,2-30,43.29393794854882,,,mask_ge_0.50_no_galactic_cut,0.5,-1.0,no_galactic_cut
SMICA_noSZ,0.2301301862246963,0.2290957814350599,0.0010344047896363,10.885547641792282,10.836618542993005,0.0489290987992792,0.9731593020186236,0.9734033399602564,0.842749277750651,I_STOKES,K_CMB_to_uK,,,TMASK,COM_CMB_IQU-smica_2048_R3.00_full.fits,,Mask ladder bands,mask_sky_fraction_bandlimited,cptg_cmb_mask_ladder_bands,SMICA_noSZ | 2-40 | mask_ge_0.50_no_galactic_cut | no_galactic_cut,True,False,0.0489290987992792,0.0010344047896363,,,2.0,40.0,2-40,47.301693968838,,,mask_ge_0.50_no_galactic_cut,0.5,-1.0,no_galactic_cut
SMICA_noSZ,0.210086424911833,0.2092951597497243,0.0007912651621087,11.351814487633227,11.309059248523631,0.042755239109594,0.9776827016429472,0.9778523962495554,0.842749277750651,I_STOKES,K_CMB_to_uK,,,TMASK,COM_CMB_IQU-smica_2048_R3.00_full.fits,,Mask ladder bands,mask_sky_fraction_bandlimited,cptg_cmb_mask_ladder_bands,SMICA_noSZ | 2-64 | mask_ge_0.50_no_galactic_cut | no_galactic_cut,True,False,0.042755239109594,0.0007912651621087,,,2.0,64.0,2-64,54.034021914539416,,,mask_ge_0.50_no_galactic_cut,0.5,-1.0,no_galactic_cut
SMICA_noSZ,0.1912605900408498,0.1907288758596804,0.0005317141811694,11.694767195828032,11.66225514741195,0.0325120484160823,0.9815392605309592,0.981642719908964,0.842749277750651,I_STOKES,K_CMB_to_uK,,,TMASK,COM_CMB_IQU-smica_2048_R3.00_full.fits,,Mask ladder bands,mask_sky_fraction_bandlimited,cptg_cmb_mask_ladder_bands,SMICA_noSZ | 2-95 | mask_ge_0.50_no_galactic_cut | no_galactic_cut,True,False,0.0325120484160823,0.0005317141811694,,,2.0,95.0,2-95,61.145723713025454,,,mask_ge_0.50_no_galactic_cut,0.5,-1.0,no_galactic_cut
SMICA_noSZ,0.2477468001338981,0.2464999899704728,0.0012468101634252,10.431000330058252,10.378505293919824,0.0524950361384277,0.9688234131013684,0.9691414060782688,0.7878214518229166,I_STOKES,K_CMB_to_uK,,,TMASK,COM_CMB_IQU-smica_2048_R3.00_full.fits,,Mask ladder bands,mask_sky_fraction_bandlimited,cptg_cmb_mask_ladder_bands,SMICA_noSZ | 2-30 | mask_ge_0.50_abs_b_gt_10deg | abs_b_gt_10deg,True,False,0.0524950361384277,0.0012468101634252,,,2.0,30.0,2-30,42.103471465305205,,,mask_ge_0.50_abs_b_gt_10deg,0.5,10.0,abs_b_gt_10deg
SMICA_noSZ,0.2407270978974748,0.2396278890713895,0.0010992088260853,11.097034302201443,11.046362989520452,0.0506713126809934,0.970592117657704,0.9708640904404148,0.7878214518229166,I_STOKES,K_CMB_to_uK,,,TMASK,COM_CMB_IQU-smica_2048_R3.00_full.fits,,Mask ladder bands,mask_sky_fraction_bandlimited,cptg_cmb_mask_ladder_bands,SMICA_noSZ | 2-40 | mask_ge_0.50_abs_b_gt_10deg | abs_b_gt_10deg,True,False,0.0506713126809934,0.0010992088260853,,,2.0,40.0,2-40,46.097985640684485,,,mask_ge_0.50_abs_b_gt_10deg,0.5,10.0,abs_b_gt_10deg
SMICA_noSZ,0.2212223637377015,0.2204055560195377,0.0008168077181638,11.72768602687059,11.684384507525522,0.0433015193450678,0.9752232764750612,0.9754082046732564,0.7878214518229166,I_STOKES,K_CMB_to_uK,,,TMASK,COM_CMB_IQU-smica_2048_R3.00_full.fits,,Mask ladder bands,mask_sky_fraction_bandlimited,cptg_cmb_mask_ladder_bands,SMICA_noSZ | 2-64 | mask_ge_0.50_abs_b_gt_10deg | abs_b_gt_10deg,True,False,0.0433015193450678,0.0008168077181638,,,2.0,64.0,2-64,53.013112366776106,,,mask_ge_0.50_abs_b_gt_10deg,0.5,10.0,abs_b_gt_10deg
SMICA_noSZ,0.2016359666439016,0.2011015131660085,0.0005344534778931,12.129647618162512,12.097496943543064,0.0321506746194462,0.97946049741894,0.979570370533198,0.7878214518229166,I_STOKES,K_CMB_to_uK,,,TMASK,COM_CMB_IQU-smica_2048_R3.00_full.fits,,Mask ladder bands,mask_sky_fraction_bandlimited,cptg_cmb_mask_ladder_bands,SMICA_noSZ | 2-95 | mask_ge_0.50_abs_b_gt_10deg | abs_b_gt_10deg,True,False,0.0321506746194462,0.0005344534778931,,,2.0,95.0,2-95,60.15617064778935,,,mask_ge_0.50_abs_b_gt_10deg,0.5,10.0,abs_b_gt_10deg
SMICA_noSZ,0.2622090727395299,0.2609000964694898,0.00130897627004,10.71674236029694,10.663243214385629,0.0534991459113101,0.9650103181538562,0.9653650431066324,0.646630605061849,I_STOKES,K_CMB_to_uK,,,TMASK,COM_CMB_IQU-smica_2048_R3.00_full.fits,,Mask ladder bands,mask_sky_fraction_bandlimited,cptg_cmb_mask_ladder_bands,SMICA_noSZ | 2-30 | mask_ge_0.50_abs_b_gt_20deg | abs_b_gt_20deg,True,False,0.0534991459113101,0.00130897627004,,,2.0,30.0,2-30,40.87098225980383,,,mask_ge_0.50_abs_b_gt_20deg,0.5,20.0,abs_b_gt_20deg
SMICA_noSZ,0.2523017613040865,0.2511413982011786,0.0011603631029078,11.298158485500728,11.246197032003067,0.0519614534976593,0.9676483880562295,0.9679501968663512,0.646630605061849,I_STOKES,K_CMB_to_uK,,,TMASK,COM_CMB_IQU-smica_2048_R3.00_full.fits,,Mask ladder bands,mask_sky_fraction_bandlimited,cptg_cmb_mask_ladder_bands,SMICA_noSZ | 2-40 | mask_ge_0.50_abs_b_gt_20deg | abs_b_gt_20deg,True,False,0.0519614534976593,0.0011603631029078,,,2.0,40.0,2-40,44.78033933296103,,,mask_ge_0.50_abs_b_gt_20deg,0.5,20.0,abs_b_gt_20deg
SMICA_noSZ,0.2337196134597111,0.2328999162103617,0.0008196972493493,12.163286706685284,12.1206278450308,0.042658861654484,0.9723039517893504,0.9725006234362168,0.646630605061849,I_STOKES,K_CMB_to_uK,,,TMASK,COM_CMB_IQU-smica_2048_R3.00_full.fits,,Mask ladder bands,mask_sky_fraction_bandlimited,cptg_cmb_mask_ladder_bands,SMICA_noSZ | 2-64 | mask_ge_0.50_abs_b_gt_20deg | abs_b_gt_20deg,True,False,0.042658861654484,0.0008196972493493,,,2.0,64.0,2-64,52.04221642605963,,,mask_ge_0.50_abs_b_gt_20deg,0.5,20.0,abs_b_gt_20deg
SMICA_noSZ,0.2130958337421498,0.2125724938560501,0.0005233398860997,12.62833999927755,12.59732618778817,0.0310138114893803,0.9770312820174818,0.9771452785789216,0.646630605061849,I_STOKES,K_CMB_to_uK,,,TMASK,COM_CMB_IQU-smica_2048_R3.00_full.fits,,Mask ladder bands,mask_sky_fraction_bandlimited,cptg_cmb_mask_ladder_bands,SMICA_noSZ | 2-95 | mask_ge_0.50_abs_b_gt_20deg | abs_b_gt_20deg,True,False,0.0310138114893803,0.0005233398860997,,,2.0,95.0,2-95,59.2613181473932,,,mask_ge_0.50_abs_b_gt_20deg,0.5,20.0,abs_b_gt_20deg
SMICA_noSZ,0.2596014336125574,0.2582666087702364,0.001334824842321,10.102169219218103,10.050225644610316,0.0519435746077903,0.9657146052112304,0.9660724540283182,0.4942537943522135,I_STOKES,K_CMB_to_uK,,,TMASK,COM_CMB_IQU-smica_2048_R3.00_full.fits,,Mask ladder bands,mask_sky_fraction_bandlimited,cptg_cmb_mask_ladder_bands,SMICA_noSZ | 2-30 | mask_ge_0.50_abs_b_gt_30deg | abs_b_gt_30deg,True,False,0.0519435746077903,0.001334824842321,,,2.0,30.0,2-30,38.9141503520936,,,mask_ge_0.50_abs_b_gt_30deg,0.5,30.0,abs_b_gt_30deg
SMICA_noSZ,0.2531244899544921,0.2519699300634298,0.0011545598910623,10.879377012410162,10.829753634045892,0.0496233783642683,0.9674333518844388,0.9677347046006598,0.4942537943522135,I_STOKES,K_CMB_to_uK,,,TMASK,COM_CMB_IQU-smica_2048_R3.00_full.fits,,Mask ladder bands,mask_sky_fraction_bandlimited,cptg_cmb_mask_ladder_bands,SMICA_noSZ | 2-40 | mask_ge_0.50_abs_b_gt_30deg | abs_b_gt_30deg,True,False,0.0496233783642683,0.0011545598910623,,,2.0,40.0,2-40,42.98034146899853,,,mask_ge_0.50_abs_b_gt_30deg,0.5,30.0,abs_b_gt_30deg
SMICA_noSZ,0.2371558740796646,0.2363927468183773,0.0007631272612872,11.970555491218786,11.932036279904493,0.0385192113142931,0.9714714976446128,0.9716574756650544,0.4942537943522135,I_STOKES,K_CMB_to_uK,,,TMASK,COM_CMB_IQU-smica_2048_R3.00_full.fits,,Mask ladder bands,mask_sky_fraction_bandlimited,cptg_cmb_mask_ladder_bands,SMICA_noSZ | 2-64 | mask_ge_0.50_abs_b_gt_30deg | abs_b_gt_30deg,True,False,0.0385192113142931,0.0007631272612872,,,2.0,64.0,2-64,50.47547541326207,,,mask_ge_0.50_abs_b_gt_30deg,0.5,30.0,abs_b_gt_30deg
SMICA_noSZ,0.2175077498532391,0.2170908103403836,0.0004169395128554,12.603889904960734,12.57972957172845,0.0241603332322846,0.9760585534183984,0.9761513721324024,0.4942537943522135,I_STOKES,K_CMB_to_uK,,,TMASK,COM_CMB_IQU-smica_2048_R3.00_full.fits,,Mask ladder bands,mask_sky_fraction_bandlimited,cptg_cmb_mask_ladder_bands,SMICA_noSZ | 2-95 | mask_ge_0.50_abs_b_gt_30deg | abs_b_gt_30deg,True,False,0.0241603332322846,0.0004169395128554,,,2.0,95.0,2-95,57.94685436939633,,,mask_ge_0.50_abs_b_gt_30deg,0.5,30.0,abs_b_gt_30deg
SMICA_noSZ,0.2341631813691502,0.2329650842997224,0.0011980970694278,8.955119766217326,8.90930085187927,0.0458189143380565,0.9721947191136704,0.972482538787068,0.3557968139648437,I_STOKES,K_CMB_to_uK,,,TMASK,COM_CMB_IQU-smica_2048_R3.00_full.fits,,Mask ladder bands,mask_sky_fraction_bandlimited,cptg_cmb_mask_ladder_bands,SMICA_noSZ | 2-30 | mask_ge_0.50_abs_b_gt_40deg | abs_b_gt_40deg,True,False,0.0458189143380565,0.0011980970694278,,,2.0,30.0,2-30,38.24307354323089,,,mask_ge_0.50_abs_b_gt_40deg,0.5,40.0,abs_b_gt_40deg
SMICA_noSZ,0.2301478522745245,0.2291379124826292,0.0010099397918952,9.691889991721592,9.649359830068656,0.0425301616529356,0.9731547778045976,0.9733930798042308,0.3557968139648437,I_STOKES,K_CMB_to_uK,,,TMASK,COM_CMB_IQU-smica_2048_R3.00_full.fits,,Mask ladder bands,mask_sky_fraction_bandlimited,cptg_cmb_mask_ladder_bands,SMICA_noSZ | 2-40 | mask_ge_0.50_abs_b_gt_40deg | abs_b_gt_40deg,True,False,0.0425301616529356,0.0010099397918952,,,2.0,40.0,2-40,42.111581298446914,,,mask_ge_0.50_abs_b_gt_40deg,0.5,40.0,abs_b_gt_40deg
SMICA_noSZ,0.2207950782202331,0.2202301382807892,0.0005649399394439,11.021878535884458,10.99367727595234,0.0282012599321177,0.97531989983157,0.9754476218475764,0.3557968139648437,I_STOKES,K_CMB_to_uK,,,TMASK,COM_CMB_IQU-smica_2048_R3.00_full.fits,,Mask ladder bands,mask_sky_fraction_bandlimited,cptg_cmb_mask_ladder_bands,SMICA_noSZ | 2-64 | mask_ge_0.50_abs_b_gt_40deg | abs_b_gt_40deg,True,False,0.0282012599321177,0.0005649399394439,,,2.0,64.0,2-64,49.919040880479365,,,mask_ge_0.50_abs_b_gt_40deg,0.5,40.0,abs_b_gt_40deg
SMICA_noSZ,0.2031142980256207,0.2028908251911372,0.0002234728344834,11.670640733737388,11.657800322253024,0.0128404114843636,0.979154982434982,0.9792013127891304,0.3557968139648437,I_STOKES,K_CMB_to_uK,,,TMASK,COM_CMB_IQU-smica_2048_R3.00_full.fits,,Mask ladder bands,mask_sky_fraction_bandlimited,cptg_cmb_mask_ladder_bands,SMICA_noSZ | 2-95 | mask_ge_0.50_abs_b_gt_40deg | abs_b_gt_40deg,True,False,0.0128404114843636,0.0002234728344834,,,2.0,95.0,2-95,57.45848936870638,,,mask_ge_0.50_abs_b_gt_40deg,0.5,40.0,abs_b_gt_40deg
SMICA_noSZ,0.2384475484346095,0.2372806430066944,0.0011669054279151,10.311775830212648,10.261312458847692,0.0504633713649553,0.9711544207728292,0.9714401973013088,0.8408215840657552,I_STOKES,K_CMB_to_uK,,,TMASK,COM_CMB_IQU-smica_2048_R3.00_full.fits,,Mask ladder bands,mask_sky_fraction_bandlimited,cptg_cmb_mask_ladder_bands,SMICA_noSZ | 2-30 | mask_ge_0.70_no_galactic_cut | no_galactic_cut,True,False,0.0504633713649553,0.0011669054279151,,,2.0,30.0,2-30,43.24546801973302,,,mask_ge_0.70_no_galactic_cut,0.7,-1.0,no_galactic_cut
SMICA_noSZ,0.2301989735021607,0.2291640877695398,0.0010348857326209,10.87665772273467,10.82776046778773,0.0488972549469401,0.9731430391968292,0.9733872674868604,0.8408215840657552,I_STOKES,K_CMB_to_uK,,,TMASK,COM_CMB_IQU-smica_2048_R3.00_full.fits,,Mask ladder bands,mask_sky_fraction_bandlimited,cptg_cmb_mask_ladder_bands,SMICA_noSZ | 2-40 | mask_ge_0.70_no_galactic_cut | no_galactic_cut,True,False,0.0488972549469401,0.0010348857326209,,,2.0,40.0,2-40,47.24894102376429,,,mask_ge_0.70_no_galactic_cut,0.7,-1.0,no_galactic_cut
SMICA_noSZ,0.2102052015847833,0.2094144171358836,0.0007907844488997,11.347301834014925,11.304613690431136,0.0426881435837867,0.9776571683162366,0.9778268605381278,0.8408215840657552,I_STOKES,K_CMB_to_uK,,,TMASK,COM_CMB_IQU-smica_2048_R3.00_full.fits,,Mask ladder bands,mask_sky_fraction_bandlimited,cptg_cmb_mask_ladder_bands,SMICA_noSZ | 2-64 | mask_ge_0.70_no_galactic_cut | no_galactic_cut,True,False,0.0426881435837867,0.0007907844488997,,,2.0,64.0,2-64,53.98202208349324,,,mask_ge_0.70_no_galactic_cut,0.7,-1.0,no_galactic_cut
SMICA_noSZ,0.1913793710627459,0.1908489556400031,0.0005304154227427,11.692381285942972,11.659975393248196,0.0324058926947756,0.9815161088340516,0.9816193824781988,0.8408215840657552,I_STOKES,K_CMB_to_uK,,,TMASK,COM_CMB_IQU-smica_2048_R3.00_full.fits,,Mask ladder bands,mask_sky_fraction_bandlimited,cptg_cmb_mask_ladder_bands,SMICA_noSZ | 2-95 | mask_ge_0.70_no_galactic_cut | no_galactic_cut,True,False,0.0324058926947756,0.0005304154227427,,,2.0,95.0,2-95,61.09530625487054,,,mask_ge_0.70_no_galactic_cut,0.7,-1.0,no_galactic_cut
SMICA_noSZ,0.2476907356688482,0.2464438607892868,0.0012468748795613,10.42217227098035,10.369707067709609,0.052465203270744,0.968837757653686,0.969155690162357,0.7867355346679688,I_STOKES,K_CMB_to_uK,,,TMASK,COM_CMB_IQU-smica_2048_R3.00_full.fits,,Mask ladder bands,mask_sky_fraction_bandlimited,cptg_cmb_mask_ladder_bands,SMICA_noSZ | 2-30 | mask_ge_0.70_abs_b_gt_10deg | abs_b_gt_10deg,True,False,0.052465203270744,0.0012468748795613,,,2.0,30.0,2-30,42.07736007096504,,,mask_ge_0.70_abs_b_gt_10deg,0.7,10.0,abs_b_gt_10deg
SMICA_noSZ,0.2406144567569949,0.239514776510674,0.0010996802463208,11.083785135534804,11.033128912578416,0.0506562229563876,0.9706200391733945,0.9708919929907648,0.7867355346679688,I_STOKES,K_CMB_to_uK,,,TMASK,COM_CMB_IQU-smica_2048_R3.00_full.fits,,Mask ladder bands,mask_sky_fraction_bandlimited,cptg_cmb_mask_ladder_bands,SMICA_noSZ | 2-40 | mask_ge_0.70_abs_b_gt_10deg | abs_b_gt_10deg,True,False,0.0506562229563876,0.0010996802463208,,,2.0,40.0,2-40,46.06450204581312,,,mask_ge_0.70_abs_b_gt_10deg,0.7,10.0,abs_b_gt_10deg
SMICA_noSZ,0.2211643030930337,0.2203478677567093,0.0008164353363244,11.71779116367134,11.67453455021294,0.0432566134583982,0.9752364399514214,0.9754212329527486,0.7867355346679688,I_STOKES,K_CMB_to_uK,,,TMASK,COM_CMB_IQU-smica_2048_R3.00_full.fits,,Mask ladder bands,mask_sky_fraction_bandlimited,cptg_cmb_mask_ladder_bands,SMICA_noSZ | 2-64 | mask_ge_0.70_abs_b_gt_10deg | abs_b_gt_10deg,True,False,0.0432566134583982,0.0008164353363244,,,2.0,64.0,2-64,52.98228963623573,,,mask_ge_0.70_abs_b_gt_10deg,0.7,10.0,abs_b_gt_10deg
SMICA_noSZ,0.2016016026250198,0.2010681910154022,0.0005334116096176,12.12197761437653,12.089904438832088,0.0320731755444416,0.9794675708153012,0.9795772105350702,0.7867355346679688,I_STOKES,K_CMB_to_uK,,,TMASK,COM_CMB_IQU-smica_2048_R3.00_full.fits,,Mask ladder bands,mask_sky_fraction_bandlimited,cptg_cmb_mask_ladder_bands,SMICA_noSZ | 2-95 | mask_ge_0.70_abs_b_gt_10deg | abs_b_gt_10deg,True,False,0.0320731755444416,0.0005334116096176,,,2.0,95.0,2-95,60.12837922188288,,,mask_ge_0.70_abs_b_gt_10deg,0.7,10.0,abs_b_gt_10deg
SMICA_noSZ,0.2622661481863408,0.2609574492998576,0.0013086988864832,10.711868321498413,10.6584164740471,0.0534518474513134,0.9649948001707244,0.965349533309019,0.6460316975911459,I_STOKES,K_CMB_to_uK,,,TMASK,COM_CMB_IQU-smica_2048_R3.00_full.fits,,Mask ladder bands,mask_sky_fraction_bandlimited,cptg_cmb_mask_ladder_bands,SMICA_noSZ | 2-30 | mask_ge_0.70_abs_b_gt_20deg | abs_b_gt_20deg,True,False,0.0534518474513134,0.0013086988864832,,,2.0,30.0,2-30,40.84350342419183,,,mask_ge_0.70_abs_b_gt_20deg,0.7,20.0,abs_b_gt_20deg
SMICA_noSZ,0.2523299985164915,0.2511696721126233,0.0011603264038681,11.291597110266627,11.2396732869166,0.0519238233500285,0.9676410147878992,0.967942850319225,0.6460316975911459,I_STOKES,K_CMB_to_uK,,,TMASK,COM_CMB_IQU-smica_2048_R3.00_full.fits,,Mask ladder bands,mask_sky_fraction_bandlimited,cptg_cmb_mask_ladder_bands,SMICA_noSZ | 2-40 | mask_ge_0.70_abs_b_gt_20deg | abs_b_gt_20deg,True,False,0.0519238233500285,0.0011603264038681,,,2.0,40.0,2-40,44.7493249976326,,,mask_ge_0.70_abs_b_gt_20deg,0.7,20.0,abs_b_gt_20deg
SMICA_noSZ,0.2337952635394873,0.2329763587102631,0.0008189048292242,12.16048220096284,12.117888191788731,0.0425940091741079,0.9722857597961796,0.9724823090777144,0.6460316975911459,I_STOKES,K_CMB_to_uK,,,TMASK,COM_CMB_IQU-smica_2048_R3.00_full.fits,,Mask ladder bands,mask_sky_fraction_bandlimited,cptg_cmb_mask_ladder_bands,SMICA_noSZ | 2-64 | mask_ge_0.70_abs_b_gt_20deg | abs_b_gt_20deg,True,False,0.0425940091741079,0.0008189048292242,,,2.0,64.0,2-64,52.013381352821845,,,mask_ge_0.70_abs_b_gt_20deg,0.7,20.0,abs_b_gt_20deg
SMICA_noSZ,0.2131631506569617,0.2126410023218768,0.0005221483350849,12.626717294724978,12.595787842834682,0.0309294518902962,0.9770165976500762,0.9771303726753604,0.6460316975911459,I_STOKES,K_CMB_to_uK,,,TMASK,COM_CMB_IQU-smica_2048_R3.00_full.fits,,Mask ladder bands,mask_sky_fraction_bandlimited,cptg_cmb_mask_ladder_bands,SMICA_noSZ | 2-95 | mask_ge_0.70_abs_b_gt_20deg | abs_b_gt_20deg,True,False,0.0309294518902962,0.0005221483350849,,,2.0,95.0,2-95,59.23499092507243,,,mask_ge_0.70_abs_b_gt_20deg,0.7,20.0,abs_b_gt_20deg
SMICA_noSZ,0.2593902648857518,0.2580559888669216,0.0013342760188301,10.088115883451524,10.036223685013017,0.0518921984385087,0.9657713641895618,0.966128753458531,0.4938532511393229,I_STOKES,K_CMB_to_uK,,,TMASK,COM_CMB_IQU-smica_2048_R3.00_full.fits,,Mask ladder bands,mask_sky_fraction_bandlimited,cptg_cmb_mask_ladder_bands,SMICA_noSZ | 2-30 | mask_ge_0.70_abs_b_gt_30deg | abs_b_gt_30deg,True,False,0.0518921984385087,0.0013342760188301,,,2.0,30.0,2-30,38.89165188174979,,,mask_ge_0.70_abs_b_gt_30deg,0.7,30.0,abs_b_gt_30deg
SMICA_noSZ,0.2529214690701065,0.251767388289326,0.0011540807807804,10.864138012720192,10.814564945924698,0.0495730667954941,0.9674864490950325,0.9677874184336862,0.4938532511393229,I_STOKES,K_CMB_to_uK,,,TMASK,COM_CMB_IQU-smica_2048_R3.00_full.fits,,Mask ladder bands,mask_sky_fraction_bandlimited,cptg_cmb_mask_ladder_bands,SMICA_noSZ | 2-40 | mask_ge_0.70_abs_b_gt_30deg | abs_b_gt_30deg,True,False,0.0495730667954941,0.0011540807807804,,,2.0,40.0,2-40,42.954590026158655,,,mask_ge_0.70_abs_b_gt_30deg,0.7,30.0,abs_b_gt_30deg
SMICA_noSZ,0.2370383604697175,0.2362765457074871,0.0007618147622303,11.958852679886457,11.920418265756936,0.0384344141295205,0.9715001788478046,0.971685739930398,0.4938532511393229,I_STOKES,K_CMB_to_uK,,,TMASK,COM_CMB_IQU-smica_2048_R3.00_full.fits,,Mask ladder bands,mask_sky_fraction_bandlimited,cptg_cmb_mask_ladder_bands,SMICA_noSZ | 2-64 | mask_ge_0.70_abs_b_gt_30deg | abs_b_gt_30deg,True,False,0.0384344141295205,0.0007618147622303,,,2.0,64.0,2-64,50.45112806293748,,,mask_ge_0.70_abs_b_gt_30deg,0.7,30.0,abs_b_gt_30deg
SMICA_noSZ,0.2174219343678402,0.2170067079902004,0.0004152263776398,12.593861555405107,12.569810148037432,0.0240514073676738,0.9760776758183652,0.9761700752132842,0.4938532511393229,I_STOKES,K_CMB_to_uK,,,TMASK,COM_CMB_IQU-smica_2048_R3.00_full.fits,,Mask ladder bands,mask_sky_fraction_bandlimited,cptg_cmb_mask_ladder_bands,SMICA_noSZ | 2-95 | mask_ge_0.70_abs_b_gt_30deg | abs_b_gt_30deg,True,False,0.0240514073676738,0.0004152263776398,,,2.0,95.0,2-95,57.92360182988013,,,mask_ge_0.70_abs_b_gt_30deg,0.7,30.0,abs_b_gt_30deg
SMICA_noSZ,0.2341457878779475,0.2329475113095901,0.0011982765683574,8.950214522173866,8.90441044241274,0.0458040797611261,0.9721988717747924,0.9724867121665356,0.3556073506673177,I_STOKES,K_CMB_to_uK,,,TMASK,COM_CMB_IQU-smica_2048_R3.00_full.fits,,Mask ladder bands,mask_sky_fraction_bandlimited,cptg_cmb_mask_ladder_bands,SMICA_noSZ | 2-30 | mask_ge_0.70_abs_b_gt_40deg | abs_b_gt_40deg,True,False,0.0458040797611261,0.0011982765683574,,,2.0,30.0,2-30,38.22496489597036,,,mask_ge_0.70_abs_b_gt_40deg,0.7,40.0,abs_b_gt_40deg
SMICA_noSZ,0.230110476691956,0.2291003516076522,0.0010101250843037,9.6858984064261,9.643379834108131,0.0425185723179684,0.9731635918005096,0.9734018966911776,0.3556073506673177,I_STOKES,K_CMB_to_uK,,,TMASK,COM_CMB_IQU-smica_2048_R3.00_full.fits,,Mask ladder bands,mask_sky_fraction_bandlimited,cptg_cmb_mask_ladder_bands,SMICA_noSZ | 2-40 | mask_ge_0.70_abs_b_gt_40deg | abs_b_gt_40deg,True,False,0.0425185723179684,0.0010101250843037,,,2.0,40.0,2-40,42.09238338762126,,,mask_ge_0.70_abs_b_gt_40deg,0.7,40.0,abs_b_gt_40deg
SMICA_noSZ,0.2208293397206026,0.2202652373488039,0.0005641023717986,11.020959875632986,10.992807141882986,0.0281527337499998,0.9753121450049784,0.9754396987347316,0.3556073506673177,I_STOKES,K_CMB_to_uK,,,TMASK,COM_CMB_IQU-smica_2048_R3.00_full.fits,,Mask ladder bands,mask_sky_fraction_bandlimited,cptg_cmb_mask_ladder_bands,SMICA_noSZ | 2-64 | mask_ge_0.70_abs_b_gt_40deg | abs_b_gt_40deg,True,False,0.0281527337499998,0.0005641023717986,,,2.0,64.0,2-64,49.9071359339158,,,mask_ge_0.70_abs_b_gt_40deg,0.7,40.0,abs_b_gt_40deg
SMICA_noSZ,0.2031152508236368,0.2028923114135573,0.0002229394100795,11.66790782150649,11.655101119518132,0.0128067019883584,0.9791547859282131,0.9792010059799297,0.3556073506673177,I_STOKES,K_CMB_to_uK,,,TMASK,COM_CMB_IQU-smica_2048_R3.00_full.fits,,Mask ladder bands,mask_sky_fraction_bandlimited,cptg_cmb_mask_ladder_bands,SMICA_noSZ | 2-95 | mask_ge_0.70_abs_b_gt_40deg | abs_b_gt_40deg,True,False,0.0128067019883584,0.0002229394100795,,,2.0,95.0,2-95,57.44476485243163,,,mask_ge_0.70_abs_b_gt_40deg,0.7,40.0,abs_b_gt_40deg
SMICA_noSZ,0.2383541476513229,0.2371864423214591,0.0011677053298638,10.30197264102675,10.251502915705938,0.050469725320811,0.9711773457135624,0.9714631986454272,0.8397038777669271,I_STOKES,K_CMB_to_uK,,,TMASK,COM_CMB_IQU-smica_2048_R3.00_full.fits,,Mask ladder bands,mask_sky_fraction_bandlimited,cptg_cmb_mask_ladder_bands,SMICA_noSZ | 2-30 | mask_ge_0.80_no_galactic_cut | no_galactic_cut,True,False,0.050469725320811,0.0011677053298638,,,2.0,30.0,2-30,43.22128539628779,,,mask_ge_0.80_no_galactic_cut,0.8,-1.0,no_galactic_cut
SMICA_noSZ,0.2300945928222627,0.2290589594980136,0.001035633324249,10.865677115517752,10.816771762404771,0.0489053531129801,0.9731677189010488,0.9734120060047832,0.8397038777669271,I_STOKES,K_CMB_to_uK,,,TMASK,COM_CMB_IQU-smica_2048_R3.00_full.fits,,Mask ladder bands,mask_sky_fraction_bandlimited,cptg_cmb_mask_ladder_bands,SMICA_noSZ | 2-40 | mask_ge_0.80_no_galactic_cut | no_galactic_cut,True,False,0.0489053531129801,0.001035633324249,,,2.0,40.0,2-40,47.222653006500586,,,mask_ge_0.80_no_galactic_cut,0.8,-1.0,no_galactic_cut
SMICA_noSZ,0.2101336854936559,0.2093423928535659,0.00079129264009,11.337048799559668,11.29435729460482,0.042691504954849,0.9776725389278874,0.9778422794692786,0.8397038777669271,I_STOKES,K_CMB_to_uK,,,TMASK,COM_CMB_IQU-smica_2048_R3.00_full.fits,,Mask ladder bands,mask_sky_fraction_bandlimited,cptg_cmb_mask_ladder_bands,SMICA_noSZ | 2-64 | mask_ge_0.80_no_galactic_cut | no_galactic_cut,True,False,0.042691504954849,0.00079129264009,,,2.0,64.0,2-64,53.951601205328586,,,mask_ge_0.80_no_galactic_cut,0.8,-1.0,no_galactic_cut
SMICA_noSZ,0.1913102018435095,0.1907794679262851,0.0005307339172243,11.682089115079314,11.649680592911317,0.0324085221679997,0.9815295940340484,0.9816328907790568,0.8397038777669271,I_STOKES,K_CMB_to_uK,,,TMASK,COM_CMB_IQU-smica_2048_R3.00_full.fits,,Mask ladder bands,mask_sky_fraction_bandlimited,cptg_cmb_mask_ladder_bands,SMICA_noSZ | 2-95 | mask_ge_0.80_no_galactic_cut | no_galactic_cut,True,False,0.0324085221679997,0.0005307339172243,,,2.0,95.0,2-95,61.06359724943047,,,mask_ge_0.80_no_galactic_cut,0.8,-1.0,no_galactic_cut
SMICA_noSZ,0.2475868016774872,0.2463395621648151,0.0012472395126721,10.414675220916438,10.3622104111642,0.0524648097522391,0.9688643232716028,0.969182206041525,0.7860755920410156,I_STOKES,K_CMB_to_uK,,,TMASK,COM_CMB_IQU-smica_2048_R3.00_full.fits,,Mask ladder bands,mask_sky_fraction_bandlimited,cptg_cmb_mask_ladder_bands,SMICA_noSZ | 2-30 | mask_ge_0.80_abs_b_gt_10deg | abs_b_gt_10deg,True,False,0.0524648097522391,0.0012472395126721,,,2.0,30.0,2-30,42.06474315413167,,,mask_ge_0.80_abs_b_gt_10deg,0.8,10.0,abs_b_gt_10deg
SMICA_noSZ,0.240483466926404,0.2393832274572251,0.0011002394691788,11.0738087621134,11.023144815730989,0.0506639463824107,0.9706524958519672,0.970924430157214,0.7860755920410156,I_STOKES,K_CMB_to_uK,,,TMASK,COM_CMB_IQU-smica_2048_R3.00_full.fits,,Mask ladder bands,mask_sky_fraction_bandlimited,cptg_cmb_mask_ladder_bands,SMICA_noSZ | 2-40 | mask_ge_0.80_abs_b_gt_10deg | abs_b_gt_10deg,True,False,0.0506639463824107,0.0011002394691788,,,2.0,40.0,2-40,46.04810843608786,,,mask_ge_0.80_abs_b_gt_10deg,0.8,10.0,abs_b_gt_10deg
SMICA_noSZ,0.2210497339460613,0.2202329407296866,0.0008167932163747,11.707727346817713,11.664466528967647,0.043260817850065,0.9752624110686732,0.9754471840871388,0.7860755920410156,I_STOKES,K_CMB_to_uK,,,TMASK,COM_CMB_IQU-smica_2048_R3.00_full.fits,,Mask ladder bands,mask_sky_fraction_bandlimited,cptg_cmb_mask_ladder_bands,SMICA_noSZ | 2-64 | mask_ge_0.80_abs_b_gt_10deg | abs_b_gt_10deg,True,False,0.043260817850065,0.0008167932163747,,,2.0,64.0,2-64,52.96422274669885,,,mask_ge_0.80_abs_b_gt_10deg,0.8,10.0,abs_b_gt_10deg
SMICA_noSZ,0.2015039250921312,0.2009704220462134,0.0005335030459177,12.112419929880383,12.08035101150536,0.0320689183750229,0.9794876711726104,0.9795972742103982,0.7860755920410156,I_STOKES,K_CMB_to_uK,,,TMASK,COM_CMB_IQU-smica_2048_R3.00_full.fits,,Mask ladder bands,mask_sky_fraction_bandlimited,cptg_cmb_mask_ladder_bands,SMICA_noSZ | 2-95 | mask_ge_0.80_abs_b_gt_10deg | abs_b_gt_10deg,True,False,0.0320689183750229,0.0005335030459177,,,2.0,95.0,2-95,60.11009425420556,,,mask_ge_0.80_abs_b_gt_10deg,0.8,10.0,abs_b_gt_10deg
SMICA_noSZ,0.2623388110097541,0.2610300562016738,0.0013087548080803,10.711065069849658,10.657629751393076,0.0534353184565823,0.9649750360370176,0.965329890195247,0.6456820170084635,I_STOKES,K_CMB_to_uK,,,TMASK,COM_CMB_IQU-smica_2048_R3.00_full.fits,,Mask ladder bands,mask_sky_fraction_bandlimited,cptg_cmb_mask_ladder_bands,SMICA_noSZ | 2-30 | mask_ge_0.80_abs_b_gt_20deg | abs_b_gt_20deg,True,False,0.0534353184565823,0.0013087548080803,,,2.0,30.0,2-30,40.82912866999082,,,mask_ge_0.80_abs_b_gt_20deg,0.8,20.0,abs_b_gt_20deg
SMICA_noSZ,0.2523722059539166,0.25121160922693,0.0011605967269865,11.28905416090574,11.237138621076785,0.0519155398289559,0.9676299986280424,0.9679319584307746,0.6456820170084635,I_STOKES,K_CMB_to_uK,,,TMASK,COM_CMB_IQU-smica_2048_R3.00_full.fits,,Mask ladder bands,mask_sky_fraction_bandlimited,cptg_cmb_mask_ladder_bands,SMICA_noSZ | 2-40 | mask_ge_0.80_abs_b_gt_20deg | abs_b_gt_20deg,True,False,0.0519155398289559,0.0011605967269865,,,2.0,40.0,2-40,44.731764808392285,,,mask_ge_0.80_abs_b_gt_20deg,0.8,20.0,abs_b_gt_20deg
SMICA_noSZ,0.2338379007645203,0.2330189428142929,0.0008189579502274,12.158483121647352,12.11590111769237,0.0425820039549815,0.972275501402546,0.9724721014242858,0.6456820170084635,I_STOKES,K_CMB_to_uK,,,TMASK,COM_CMB_IQU-smica_2048_R3.00_full.fits,,Mask ladder bands,mask_sky_fraction_bandlimited,cptg_cmb_mask_ladder_bands,SMICA_noSZ | 2-64 | mask_ge_0.80_abs_b_gt_20deg | abs_b_gt_20deg,True,False,0.0425820039549815,0.0008189579502274,,,2.0,64.0,2-64,51.99534840971395,,,mask_ge_0.80_abs_b_gt_20deg,0.8,20.0,abs_b_gt_20deg
SMICA_noSZ,0.2132176399312766,0.2126957718565403,0.0005218680747362,12.626278981230785,12.595375103366171,0.0309038778646133,0.9770047076777046,0.9771184521992488,0.6456820170084635,I_STOKES,K_CMB_to_uK,,,TMASK,COM_CMB_IQU-smica_2048_R3.00_full.fits,,Mask ladder bands,mask_sky_fraction_bandlimited,cptg_cmb_mask_ladder_bands,SMICA_noSZ | 2-95 | mask_ge_0.80_abs_b_gt_20deg | abs_b_gt_20deg,True,False,0.0309038778646133,0.0005218680747362,,,2.0,95.0,2-95,59.21779729529148,,,mask_ge_0.80_abs_b_gt_20deg,0.8,20.0,abs_b_gt_20deg
SMICA_noSZ,0.2594028570007795,0.258068549538289,0.0013343074624905,10.085397997545291,10.033521075425382,0.0518769221199111,0.9657680005328612,0.9661254166459832,0.4936459859212239,I_STOKES,K_CMB_to_uK,,,TMASK,COM_CMB_IQU-smica_2048_R3.00_full.fits,,Mask ladder bands,mask_sky_fraction_bandlimited,cptg_cmb_mask_ladder_bands,SMICA_noSZ | 2-30 | mask_ge_0.80_abs_b_gt_30deg | abs_b_gt_30deg,True,False,0.0518769221199111,0.0013343074624905,,,2.0,30.0,2-30,38.87928650498628,,,mask_ge_0.80_abs_b_gt_30deg,0.8,30.0,abs_b_gt_30deg
SMICA_noSZ,0.2529234283433794,0.2517691340484802,0.0011542942948991,10.860078090825263,10.810514765416832,0.04956332540843,0.9674859431849248,0.967786970506255,0.4936459859212239,I_STOKES,K_CMB_to_uK,,,TMASK,COM_CMB_IQU-smica_2048_R3.00_full.fits,,Mask ladder bands,mask_sky_fraction_bandlimited,cptg_cmb_mask_ladder_bands,SMICA_noSZ | 2-40 | mask_ge_0.80_abs_b_gt_30deg | abs_b_gt_30deg,True,False,0.04956332540843,0.0011542942948991,,,2.0,40.0,2-40,42.93820529777562,,,mask_ge_0.80_abs_b_gt_30deg,0.8,30.0,abs_b_gt_30deg
SMICA_noSZ,0.2370634295950171,0.2363017439475792,0.0007616856474379,11.956546680474574,11.918130253212905,0.0384164272616711,0.9714940648656718,0.9716796153515974,0.4936459859212239,I_STOKES,K_CMB_to_uK,,,TMASK,COM_CMB_IQU-smica_2048_R3.00_full.fits,,Mask ladder bands,mask_sky_fraction_bandlimited,cptg_cmb_mask_ladder_bands,SMICA_noSZ | 2-64 | mask_ge_0.80_abs_b_gt_30deg | abs_b_gt_30deg,True,False,0.0384164272616711,0.0007616856474379,,,2.0,64.0,2-64,50.4360655749405,,,mask_ge_0.80_abs_b_gt_30deg,0.8,30.0,abs_b_gt_30deg
SMICA_noSZ,0.2174743117476779,0.2170596803919851,0.0004146313556928,12.593969097259793,12.569957735005618,0.0240113622541748,0.9760660102640716,0.9761583007215584,0.4936459859212239,I_STOKES,K_CMB_to_uK,,,TMASK,COM_CMB_IQU-smica_2048_R3.00_full.fits,,Mask ladder bands,mask_sky_fraction_bandlimited,cptg_cmb_mask_ladder_bands,SMICA_noSZ | 2-95 | mask_ge_0.80_abs_b_gt_30deg | abs_b_gt_30deg,True,False,0.0240113622541748,0.0004146313556928,,,2.0,95.0,2-95,57.910145782513375,,,mask_ge_0.80_abs_b_gt_30deg,0.8,30.0,abs_b_gt_30deg
SMICA_noSZ,0.2341341408413906,0.2329355624167856,0.001198578424605,8.947688073973788,8.901883110045757,0.0458049639280311,0.972201678233012,0.9724895757384088,0.3555208841959635,I_STOKES,K_CMB_to_uK,,,TMASK,COM_CMB_IQU-smica_2048_R3.00_full.fits,,Mask ladder bands,mask_sky_fraction_bandlimited,cptg_cmb_mask_ladder_bands,SMICA_noSZ | 2-30 | mask_ge_0.80_abs_b_gt_40deg | abs_b_gt_40deg,True,False,0.0458049639280311,0.001198578424605,,,2.0,30.0,2-30,38.216075800902594,,,mask_ge_0.80_abs_b_gt_40deg,0.8,40.0,abs_b_gt_40deg
SMICA_noSZ,0.2300818017198618,0.2290712271140816,0.0010105746057801,9.682062162652484,9.639536217184297,0.0425259454681903,0.9731703660769904,0.9734087453922444,0.3555208841959635,I_STOKES,K_CMB_to_uK,,,TMASK,COM_CMB_IQU-smica_2048_R3.00_full.fits,,Mask ladder bands,mask_sky_fraction_bandlimited,cptg_cmb_mask_ladder_bands,SMICA_noSZ | 2-40 | mask_ge_0.80_abs_b_gt_40deg | abs_b_gt_40deg,True,False,0.0425259454681903,0.0010105746057801,,,2.0,40.0,2-40,42.08095594818476,,,mask_ge_0.80_abs_b_gt_40deg,0.8,40.0,abs_b_gt_40deg
SMICA_noSZ,0.2208224655518834,0.2202583031270693,0.0005641624248141,11.01844462798887,10.990294446695176,0.0281501812936948,0.9753137059297556,0.9754412690174558,0.3555208841959635,I_STOKES,K_CMB_to_uK,,,TMASK,COM_CMB_IQU-smica_2048_R3.00_full.fits,,Mask ladder bands,mask_sky_fraction_bandlimited,cptg_cmb_mask_ladder_bands,SMICA_noSZ | 2-64 | mask_ge_0.80_abs_b_gt_40deg | abs_b_gt_40deg,True,False,0.0281501812936948,0.0005641624248141,,,2.0,64.0,2-64,49.89729917402822,,,mask_ge_0.80_abs_b_gt_40deg,0.8,40.0,abs_b_gt_40deg
SMICA_noSZ,0.2031186355490902,0.2028958029859576,0.0002228325631326,11.666076432589051,11.653278090840905,0.012798341748148,0.9791540858058824,0.9792002845175202,0.3555208841959635,I_STOKES,K_CMB_to_uK,,,TMASK,COM_CMB_IQU-smica_2048_R3.00_full.fits,,Mask ladder bands,mask_sky_fraction_bandlimited,cptg_cmb_mask_ladder_bands,SMICA_noSZ | 2-95 | mask_ge_0.80_abs_b_gt_40deg | abs_b_gt_40deg,True,False,0.012798341748148,0.0002228325631326,,,2.0,95.0,2-95,57.43479125414647,,,mask_ge_0.80_abs_b_gt_40deg,0.8,40.0,abs_b_gt_40deg
SMICA_noSZ,0.2381725642369162,0.2370040296835613,0.0011685345533549,10.286940633310278,10.236470313116822,0.0504703201934564,0.9712218748047072,0.971507698868972,0.8384526570638021,I_STOKES,K_CMB_to_uK,,,TMASK,COM_CMB_IQU-smica_2048_R3.00_full.fits,,Mask ladder bands,mask_sky_fraction_bandlimited,cptg_cmb_mask_ladder_bands,SMICA_noSZ | 2-30 | mask_ge_0.90_no_galactic_cut | no_galactic_cut,True,False,0.0504703201934564,0.0011685345533549,,,2.0,30.0,2-30,43.19112348758021,,,mask_ge_0.90_no_galactic_cut,0.9,-1.0,no_galactic_cut
SMICA_noSZ,0.2298988369833577,0.2288624259179379,0.0010364110654197,10.848979741177274,10.800071261257107,0.0489084799201666,0.9732139730583288,0.9734582232368116,0.8384526570638021,I_STOKES,K_CMB_to_uK,,,TMASK,COM_CMB_IQU-smica_2048_R3.00_full.fits,,Mask ladder bands,mask_sky_fraction_bandlimited,cptg_cmb_mask_ladder_bands,SMICA_noSZ | 2-40 | mask_ge_0.90_no_galactic_cut | no_galactic_cut,True,False,0.0489084799201666,0.0010364110654197,,,2.0,40.0,2-40,47.1902332501257,,,mask_ge_0.90_no_galactic_cut,0.9,-1.0,no_galactic_cut
SMICA_noSZ,0.2099986636783329,0.2092072301594372,0.0007914335188957,11.322894359890263,11.280221144878482,0.0426732150117832,0.9777015433416912,0.9778711997777808,0.8384526570638021,I_STOKES,K_CMB_to_uK,,,TMASK,COM_CMB_IQU-smica_2048_R3.00_full.fits,,Mask ladder bands,mask_sky_fraction_bandlimited,cptg_cmb_mask_ladder_bands,SMICA_noSZ | 2-64 | mask_ge_0.90_no_galactic_cut | no_galactic_cut,True,False,0.0426732150117832,0.0007914335188957,,,2.0,64.0,2-64,53.91888768032445,,,mask_ge_0.90_no_galactic_cut,0.9,-1.0,no_galactic_cut
SMICA_noSZ,0.1912006028348229,0.1906707991755219,0.000529803659301,11.670172648945655,11.637835406895071,0.0323372420505823,0.9815509488905012,0.9816540034499672,0.8384526570638021,I_STOKES,K_CMB_to_uK,,,TMASK,COM_CMB_IQU-smica_2048_R3.00_full.fits,,Mask ladder bands,mask_sky_fraction_bandlimited,cptg_cmb_mask_ladder_bands,SMICA_noSZ | 2-95 | mask_ge_0.90_no_galactic_cut | no_galactic_cut,True,False,0.0323372420505823,0.000529803659301,,,2.0,95.0,2-95,61.03627538783152,,,mask_ge_0.90_no_galactic_cut,0.9,-1.0,no_galactic_cut
SMICA_noSZ,0.2474466003531051,0.2461986142807652,0.0012479860723399,10.405068696110552,10.352591188656596,0.0524775074539558,0.9689001280443228,0.9692180084287888,0.7853101094563802,I_STOKES,K_CMB_to_uK,,,TMASK,COM_CMB_IQU-smica_2048_R3.00_full.fits,,Mask ladder bands,mask_sky_fraction_bandlimited,cptg_cmb_mask_ladder_bands,SMICA_noSZ | 2-30 | mask_ge_0.90_abs_b_gt_10deg | abs_b_gt_10deg,True,False,0.0524775074539558,0.0012479860723399,,,2.0,30.0,2-30,42.04975409345923,,,mask_ge_0.90_abs_b_gt_10deg,0.9,10.0,abs_b_gt_10deg
SMICA_noSZ,0.2402987022683704,0.2391975685642935,0.0011011337040769,11.06091175047367,11.010226737981736,0.0506850124919324,0.9706982399100496,0.970970172469626,0.7853101094563802,I_STOKES,K_CMB_to_uK,,,TMASK,COM_CMB_IQU-smica_2048_R3.00_full.fits,,Mask ladder bands,mask_sky_fraction_bandlimited,cptg_cmb_mask_ladder_bands,SMICA_noSZ | 2-40 | mask_ge_0.90_abs_b_gt_10deg | abs_b_gt_10deg,True,False,0.0506850124919324,0.0011011337040769,,,2.0,40.0,2-40,46.02984388205567,,,mask_ge_0.90_abs_b_gt_10deg,0.9,10.0,abs_b_gt_10deg
SMICA_noSZ,0.2209109961150114,0.2200937933338332,0.0008172027811782,11.696099869330729,11.65283318949022,0.0432666798405083,0.9752938402331284,0.9754785835860348,0.7853101094563802,I_STOKES,K_CMB_to_uK,,,TMASK,COM_CMB_IQU-smica_2048_R3.00_full.fits,,Mask ladder bands,mask_sky_fraction_bandlimited,cptg_cmb_mask_ladder_bands,SMICA_noSZ | 2-64 | mask_ge_0.90_abs_b_gt_10deg | abs_b_gt_10deg,True,False,0.0432666798405083,0.0008172027811782,,,2.0,64.0,2-64,52.94485143347714,,,mask_ge_0.90_abs_b_gt_10deg,0.9,10.0,abs_b_gt_10deg
SMICA_noSZ,0.2013874608845357,0.2008543703909771,0.0005330904935586,12.102586577477158,12.070549956013313,0.0320366214638472,0.9795116228045204,0.9796210751525088,0.7853101094563802,I_STOKES,K_CMB_to_uK,,,TMASK,COM_CMB_IQU-smica_2048_R3.00_full.fits,,Mask ladder bands,mask_sky_fraction_bandlimited,cptg_cmb_mask_ladder_bands,SMICA_noSZ | 2-95 | mask_ge_0.90_abs_b_gt_10deg | abs_b_gt_10deg,True,False,0.0320366214638472,0.0005330904935586,,,2.0,95.0,2-95,60.09602844347942,,,mask_ge_0.90_abs_b_gt_10deg,0.9,10.0,abs_b_gt_10deg
SMICA_noSZ,0.2623753123473296,0.2610664732217336,0.0013088391255959,10.709153551982752,10.65573176071188,0.0534217912708747,0.96496510098794,0.9653200311982668,0.6452649434407552,I_STOKES,K_CMB_to_uK,,,TMASK,COM_CMB_IQU-smica_2048_R3.00_full.fits,,Mask ladder bands,mask_sky_fraction_bandlimited,cptg_cmb_mask_ladder_bands,SMICA_noSZ | 2-30 | mask_ge_0.90_abs_b_gt_20deg | abs_b_gt_20deg,True,False,0.0534217912708747,0.0013088391255959,,,2.0,30.0,2-30,40.81616313735376,,,mask_ge_0.90_abs_b_gt_20deg,0.9,20.0,abs_b_gt_20deg
SMICA_noSZ,0.2523810445951534,0.2512201990992214,0.001160845495932,11.285524391536663,11.233615777796828,0.0519086137398367,0.967627685859108,0.967929721616797,0.6452649434407552,I_STOKES,K_CMB_to_uK,,,TMASK,COM_CMB_IQU-smica_2048_R3.00_full.fits,,Mask ladder bands,mask_sky_fraction_bandlimited,cptg_cmb_mask_ladder_bands,SMICA_noSZ | 2-40 | mask_ge_0.90_abs_b_gt_20deg | abs_b_gt_20deg,True,False,0.0519086137398367,0.001160845495932,,,2.0,40.0,2-40,44.716212382906456,,,mask_ge_0.90_abs_b_gt_20deg,0.9,20.0,abs_b_gt_20deg
SMICA_noSZ,0.2338565299602293,0.233037496833243,0.0008190331269863,12.155489279655717,12.112917244585931,0.0425720350697833,0.9722710173279198,0.972467651983828,0.6452649434407552,I_STOKES,K_CMB_to_uK,,,TMASK,COM_CMB_IQU-smica_2048_R3.00_full.fits,,Mask ladder bands,mask_sky_fraction_bandlimited,cptg_cmb_mask_ladder_bands,SMICA_noSZ | 2-64 | mask_ge_0.90_abs_b_gt_20deg | abs_b_gt_20deg,True,False,0.0425720350697833,0.0008190331269863,,,2.0,64.0,2-64,51.97840437349743,,,mask_ge_0.90_abs_b_gt_20deg,0.9,20.0,abs_b_gt_20deg
SMICA_noSZ,0.2132360762400197,0.2127146392518231,0.0005214369881965,12.624679129293188,12.593807361353146,0.0308717679400416,0.9770006845192392,0.977114345507246,0.6452649434407552,I_STOKES,K_CMB_to_uK,,,TMASK,COM_CMB_IQU-smica_2048_R3.00_full.fits,,Mask ladder bands,mask_sky_fraction_bandlimited,cptg_cmb_mask_ladder_bands,SMICA_noSZ | 2-95 | mask_ge_0.90_abs_b_gt_20deg | abs_b_gt_20deg,True,False,0.0308717679400416,0.0005214369881965,,,2.0,95.0,2-95,59.2051746210279,,,mask_ge_0.90_abs_b_gt_20deg,0.9,20.0,abs_b_gt_20deg
SMICA_noSZ,0.2593150245629251,0.2579809469296214,0.0013340776333036,10.080310610396252,10.028451228377218,0.0518593820190336,0.965791596484869,0.9661488211115162,0.493390401204427,I_STOKES,K_CMB_to_uK,,,TMASK,COM_CMB_IQU-smica_2048_R3.00_full.fits,,Mask ladder bands,mask_sky_fraction_bandlimited,cptg_cmb_mask_ladder_bands,SMICA_noSZ | 2-30 | mask_ge_0.90_abs_b_gt_30deg | abs_b_gt_30deg,True,False,0.0518593820190336,0.0013340776333036,,,2.0,30.0,2-30,38.872836725857255,,,mask_ge_0.90_abs_b_gt_30deg,0.9,30.0,abs_b_gt_30deg
SMICA_noSZ,0.2528281100907864,0.2516739482312634,0.0011541618595229,10.85372048201338,10.804173182032518,0.0495472999808637,0.9675108587805136,0.9678117302093172,0.493390401204427,I_STOKES,K_CMB_to_uK,,,TMASK,COM_CMB_IQU-smica_2048_R3.00_full.fits,,Mask ladder bands,mask_sky_fraction_bandlimited,cptg_cmb_mask_ladder_bands,SMICA_noSZ | 2-40 | mask_ge_0.90_abs_b_gt_30deg | abs_b_gt_30deg,True,False,0.0495472999808637,0.0011541618595229,,,2.0,40.0,2-40,42.92924737726351,,,mask_ge_0.90_abs_b_gt_30deg,0.9,30.0,abs_b_gt_30deg
SMICA_noSZ,0.2369984340168018,0.2362371358842843,0.0007612981325175,11.951148342681863,11.912758270812956,0.0383900718689069,0.9715099224380342,0.9716953247374404,0.493390401204427,I_STOKES,K_CMB_to_uK,,,TMASK,COM_CMB_IQU-smica_2048_R3.00_full.fits,,Mask ladder bands,mask_sky_fraction_bandlimited,cptg_cmb_mask_ladder_bands,SMICA_noSZ | 2-64 | mask_ge_0.90_abs_b_gt_30deg | abs_b_gt_30deg,True,False,0.0383900718689069,0.0007612981325175,,,2.0,64.0,2-64,50.42711945444583,,,mask_ge_0.90_abs_b_gt_30deg,0.9,30.0,abs_b_gt_30deg
SMICA_noSZ,0.2174092005458016,0.2169947288581528,0.0004144716876487,12.58788673567198,12.563889026990989,0.0239977086809943,0.9760805173452584,0.9761727432741512,0.493390401204427,I_STOKES,K_CMB_to_uK,,,TMASK,COM_CMB_IQU-smica_2048_R3.00_full.fits,,Mask ladder bands,mask_sky_fraction_bandlimited,cptg_cmb_mask_ladder_bands,SMICA_noSZ | 2-95 | mask_ge_0.90_abs_b_gt_30deg | abs_b_gt_30deg,True,False,0.0239977086809943,0.0004144716876487,,,2.0,95.0,2-95,57.899512550850346,,,mask_ge_0.90_abs_b_gt_30deg,0.9,30.0,abs_b_gt_30deg
SMICA_noSZ,0.2341375741183261,0.232939059151328,0.0011985149669981,8.946875863606644,8.901078153987479,0.0457977096191655,0.9722008573684182,0.9724887440855796,0.3554026285807292,I_STOKES,K_CMB_to_uK,,,TMASK,COM_CMB_IQU-smica_2048_R3.00_full.fits,,Mask ladder bands,mask_sky_fraction_bandlimited,cptg_cmb_mask_ladder_bands,SMICA_noSZ | 2-30 | mask_ge_0.90_abs_b_gt_40deg | abs_b_gt_40deg,True,False,0.0457977096191655,0.0011985149669981,,,2.0,30.0,2-30,38.21204647437391,,,mask_ge_0.90_abs_b_gt_40deg,0.9,40.0,abs_b_gt_40deg
SMICA_noSZ,0.2300482935981586,0.2290376151129451,0.0010106784852134,9.679544660589858,9.63701920916352,0.0425254514263393,0.973178288853538,0.9734166558746744,0.3554026285807292,I_STOKES,K_CMB_to_uK,,,TMASK,COM_CMB_IQU-smica_2048_R3.00_full.fits,,Mask ladder bands,mask_sky_fraction_bandlimited,cptg_cmb_mask_ladder_bands,SMICA_noSZ | 2-40 | mask_ge_0.90_abs_b_gt_40deg | abs_b_gt_40deg,True,False,0.0425254514263393,0.0010106784852134,,,2.0,40.0,2-40,42.07614196651158,,,mask_ge_0.90_abs_b_gt_40deg,0.9,40.0,abs_b_gt_40deg
SMICA_noSZ,0.220825604783299,0.2202618607883998,0.0005637439948991,11.018461626440814,10.990332680157488,0.028128946283326,0.9753130004428374,0.9754404709257504,0.3554026285807292,I_STOKES,K_CMB_to_uK,,,TMASK,COM_CMB_IQU-smica_2048_R3.00_full.fits,,Mask ladder bands,mask_sky_fraction_bandlimited,cptg_cmb_mask_ladder_bands,SMICA_noSZ | 2-64 | mask_ge_0.90_abs_b_gt_40deg | abs_b_gt_40deg,True,False,0.028128946283326,0.0005637439948991,,,2.0,64.0,2-64,49.89666681657443,,,mask_ge_0.90_abs_b_gt_40deg,0.9,40.0,abs_b_gt_40deg
SMICA_noSZ,0.2030988581854844,0.2028758416436738,0.0002230165418106,11.66398969450586,11.651181830056874,0.0128078644489857,0.9791581906038996,0.9792044227337448,0.3554026285807292,I_STOKES,K_CMB_to_uK,,,TMASK,COM_CMB_IQU-smica_2048_R3.00_full.fits,,Mask ladder bands,mask_sky_fraction_bandlimited,cptg_cmb_mask_ladder_bands,SMICA_noSZ | 2-95 | mask_ge_0.90_abs_b_gt_40deg | abs_b_gt_40deg,True,False,0.0128078644489857,0.0002230165418106,,,2.0,95.0,2-95,57.430109645685285,,,mask_ge_0.90_abs_b_gt_40deg,0.9,40.0,abs_b_gt_40deg
SMICA_noSZ,0.2382300059565089,0.2370612612251192,0.0011687447313896,10.285431438846192,10.234971616390345,0.0504598224558474,0.971207797076949,0.9714937455590482,0.8376681009928385,I_STOKES,K_CMB_to_uK,,,TMASK,COM_CMB_IQU-smica_2048_R3.00_full.fits,,Mask ladder bands,mask_sky_fraction_bandlimited,cptg_cmb_mask_ladder_bands,SMICA_noSZ | 2-30 | mask_ge_0.95_no_galactic_cut | no_galactic_cut,True,False,0.0504598224558474,0.0011687447313896,,,2.0,30.0,2-30,43.17437426721087,,,mask_ge_0.95_no_galactic_cut,0.95,-1.0,no_galactic_cut
SMICA_noSZ,0.2299656924741756,0.228929232482195,0.0010364599919805,10.848554615377203,10.79965996196747,0.048894653409734,0.973198182496468,0.973442519278227,0.8376681009928385,I_STOKES,K_CMB_to_uK,,,TMASK,COM_CMB_IQU-smica_2048_R3.00_full.fits,,Mask ladder bands,mask_sky_fraction_bandlimited,cptg_cmb_mask_ladder_bands,SMICA_noSZ | 2-40 | mask_ge_0.95_no_galactic_cut | no_galactic_cut,True,False,0.048894653409734,0.0010364599919805,,,2.0,40.0,2-40,47.17466548448508,,,mask_ge_0.95_no_galactic_cut,0.95,-1.0,no_galactic_cut
SMICA_noSZ,0.210079239692859,0.2092879522688548,0.0007912874240042,11.323912004527354,11.281259198030083,0.0426528064972711,0.9776842317771116,0.977853925172568,0.8376681009928385,I_STOKES,K_CMB_to_uK,,,TMASK,COM_CMB_IQU-smica_2048_R3.00_full.fits,,Mask ladder bands,mask_sky_fraction_bandlimited,cptg_cmb_mask_ladder_bands,SMICA_noSZ | 2-64 | mask_ge_0.95_no_galactic_cut | no_galactic_cut,True,False,0.0426528064972711,0.0007912874240042,,,2.0,64.0,2-64,53.90305115861609,,,mask_ge_0.95_no_galactic_cut,0.95,-1.0,no_galactic_cut
SMICA_noSZ,0.1912700221116579,0.1907403341090475,0.0005296880026104,11.671375637942187,11.639053857554831,0.0323217803873543,0.981537423055693,0.9816404940329302,0.8376681009928385,I_STOKES,K_CMB_to_uK,,,TMASK,COM_CMB_IQU-smica_2048_R3.00_full.fits,,Mask ladder bands,mask_sky_fraction_bandlimited,cptg_cmb_mask_ladder_bands,SMICA_noSZ | 2-95 | mask_ge_0.95_no_galactic_cut | no_galactic_cut,True,False,0.0323217803873543,0.0005296880026104,,,2.0,95.0,2-95,61.02041244669681,,,mask_ge_0.95_no_galactic_cut,0.95,-1.0,no_galactic_cut
SMICA_noSZ,0.2474672329790196,0.2462190324456455,0.001248200533374,10.403103460076595,10.35063122312103,0.0524722369555661,0.9688948790650072,0.9692128420139228,0.7848409016927084,I_STOKES,K_CMB_to_uK,,,TMASK,COM_CMB_IQU-smica_2048_R3.00_full.fits,,Mask ladder bands,mask_sky_fraction_bandlimited,cptg_cmb_mask_ladder_bands,SMICA_noSZ | 2-30 | mask_ge_0.95_abs_b_gt_10deg | abs_b_gt_10deg,True,False,0.0524722369555661,0.001248200533374,,,2.0,30.0,2-30,42.03830678851359,,,mask_ge_0.95_abs_b_gt_10deg,0.95,10.0,abs_b_gt_10deg
SMICA_noSZ,0.2403267038737997,0.2392254488124844,0.0011012550613152,11.059441278537454,11.008763324373426,0.050677954164028,0.9706913153376588,0.9709633114214696,0.7848409016927084,I_STOKES,K_CMB_to_uK,,,TMASK,COM_CMB_IQU-smica_2048_R3.00_full.fits,,Mask ladder bands,mask_sky_fraction_bandlimited,cptg_cmb_mask_ladder_bands,SMICA_noSZ | 2-40 | mask_ge_0.95_abs_b_gt_10deg | abs_b_gt_10deg,True,False,0.050677954164028,0.0011012550613152,,,2.0,40.0,2-40,46.01836208907099,,,mask_ge_0.95_abs_b_gt_10deg,0.95,10.0,abs_b_gt_10deg
SMICA_noSZ,0.2209433670393629,0.2201261645207022,0.0008172025186606,11.695190318085114,11.65193335539724,0.0432569626878738,0.9752865087619718,0.9754712805529134,0.7848409016927084,I_STOKES,K_CMB_to_uK,,,TMASK,COM_CMB_IQU-smica_2048_R3.00_full.fits,,Mask ladder bands,mask_sky_fraction_bandlimited,cptg_cmb_mask_ladder_bands,SMICA_noSZ | 2-64 | mask_ge_0.95_abs_b_gt_10deg | abs_b_gt_10deg,True,False,0.0432569626878738,0.0008172025186606,,,2.0,64.0,2-64,52.932977689262415,,,mask_ge_0.95_abs_b_gt_10deg,0.95,10.0,abs_b_gt_10deg
SMICA_noSZ,0.2014137405829064,0.2008807724922095,0.0005329680906968,12.101931156709982,12.069907804560968,0.0320233521490145,0.979506219971743,0.9796156621209048,0.7848409016927084,I_STOKES,K_CMB_to_uK,,,TMASK,COM_CMB_IQU-smica_2048_R3.00_full.fits,,Mask ladder bands,mask_sky_fraction_bandlimited,cptg_cmb_mask_ladder_bands,SMICA_noSZ | 2-95 | mask_ge_0.95_abs_b_gt_10deg | abs_b_gt_10deg,True,False,0.0320233521490145,0.0005329680906968,,,2.0,95.0,2-95,60.08493324083099,,,mask_ge_0.95_abs_b_gt_10deg,0.95,10.0,abs_b_gt_10deg
SMICA_noSZ,0.2624442544372256,0.2611355417658528,0.0013087126713727,10.709471828179597,10.656067643297352,0.053404184882245,0.9649463509252032,0.9653013473154236,0.6449979146321615,I_STOKES,K_CMB_to_uK,,,TMASK,COM_CMB_IQU-smica_2048_R3.00_full.fits,,Mask ladder bands,mask_sky_fraction_bandlimited,cptg_cmb_mask_ladder_bands,SMICA_noSZ | 2-30 | mask_ge_0.95_abs_b_gt_20deg | abs_b_gt_20deg,True,False,0.053404184882245,0.0013087126713727,,,2.0,30.0,2-30,40.80665378308448,,,mask_ge_0.95_abs_b_gt_20deg,0.95,20.0,abs_b_gt_20deg
SMICA_noSZ,0.2524442851932676,0.2512836131361167,0.0011606720571508,11.286163240878402,11.23427244724803,0.0518907936303723,0.9676111850606444,0.9679132568213236,0.6449979146321615,I_STOKES,K_CMB_to_uK,,,TMASK,COM_CMB_IQU-smica_2048_R3.00_full.fits,,Mask ladder bands,mask_sky_fraction_bandlimited,cptg_cmb_mask_ladder_bands,SMICA_noSZ | 2-40 | mask_ge_0.95_abs_b_gt_20deg | abs_b_gt_20deg,True,False,0.0518907936303723,0.0011606720571508,,,2.0,40.0,2-40,44.707541041136594,,,mask_ge_0.95_abs_b_gt_20deg,0.95,20.0,abs_b_gt_20deg
SMICA_noSZ,0.2339186376228375,0.2330998154663467,0.0008188221564908,12.15665305965602,12.114099217109842,0.0425538425461766,0.97225607559247,0.9724527150161436,0.6449979146321615,I_STOKES,K_CMB_to_uK,,,TMASK,COM_CMB_IQU-smica_2048_R3.00_full.fits,,Mask ladder bands,mask_sky_fraction_bandlimited,cptg_cmb_mask_ladder_bands,SMICA_noSZ | 2-64 | mask_ge_0.95_abs_b_gt_20deg | abs_b_gt_20deg,True,False,0.0425538425461766,0.0008188221564908,,,2.0,64.0,2-64,51.9695787526644,,,mask_ge_0.95_abs_b_gt_20deg,0.95,20.0,abs_b_gt_20deg
SMICA_noSZ,0.2132839770213427,0.2127627016146991,0.0005212754066435,12.625770865264014,12.594912926782678,0.0308579384813363,0.976990228581426,0.9771038811644986,0.6449979146321615,I_STOKES,K_CMB_to_uK,,,TMASK,COM_CMB_IQU-smica_2048_R3.00_full.fits,,Mask ladder bands,mask_sky_fraction_bandlimited,cptg_cmb_mask_ladder_bands,SMICA_noSZ | 2-95 | mask_ge_0.95_abs_b_gt_20deg | abs_b_gt_20deg,True,False,0.0308579384813363,0.0005212754066435,,,2.0,95.0,2-95,59.196996612645634,,,mask_ge_0.95_abs_b_gt_20deg,0.95,20.0,abs_b_gt_20deg
SMICA_noSZ,0.2593640892528896,0.2580301245318238,0.0013339647210658,10.079886643661084,10.028043640978176,0.0518430026829062,0.9657784134959996,0.9661356806679542,0.4932276407877604,I_STOKES,K_CMB_to_uK,,,TMASK,COM_CMB_IQU-smica_2048_R3.00_full.fits,,Mask ladder bands,mask_sky_fraction_bandlimited,cptg_cmb_mask_ladder_bands,SMICA_noSZ | 2-30 | mask_ge_0.95_abs_b_gt_30deg | abs_b_gt_30deg,True,False,0.0518430026829062,0.0013339647210658,,,2.0,30.0,2-30,38.863848394342746,,,mask_ge_0.95_abs_b_gt_30deg,0.95,30.0,abs_b_gt_30deg
SMICA_noSZ,0.2528766241197885,0.2517226438712018,0.0011539802485866,10.853632723838842,10.804103124840436,0.0495295989984061,0.9674981745031204,0.9677990605425524,0.4932276407877604,I_STOKES,K_CMB_to_uK,,,TMASK,COM_CMB_IQU-smica_2048_R3.00_full.fits,,Mask ladder bands,mask_sky_fraction_bandlimited,cptg_cmb_mask_ladder_bands,SMICA_noSZ | 2-40 | mask_ge_0.95_abs_b_gt_30deg | abs_b_gt_30deg,True,False,0.0495295989984061,0.0011539802485866,,,2.0,40.0,2-40,42.92066442130863,,,mask_ge_0.95_abs_b_gt_30deg,0.95,30.0,abs_b_gt_30deg
SMICA_noSZ,0.2370473291050056,0.2362861872100096,0.0007611418949959,11.951306188161048,11.91293140505727,0.0383747831037766,0.9714979918599238,0.97168339676029,0.4932276407877604,I_STOKES,K_CMB_to_uK,,,TMASK,COM_CMB_IQU-smica_2048_R3.00_full.fits,,Mask ladder bands,mask_sky_fraction_bandlimited,cptg_cmb_mask_ladder_bands,SMICA_noSZ | 2-64 | mask_ge_0.95_abs_b_gt_30deg | abs_b_gt_30deg,True,False,0.0383747831037766,0.0007611418949959,,,2.0,64.0,2-64,50.4173838755506,,,mask_ge_0.95_abs_b_gt_30deg,0.95,30.0,abs_b_gt_30deg
SMICA_noSZ,0.2174530857188804,0.2170388688056319,0.0004142169132484,12.58853589931459,12.564556545490785,0.0239793538238064,0.9760707423329448,0.9761629311690706,0.4932276407877604,I_STOKES,K_CMB_to_uK,,,TMASK,COM_CMB_IQU-smica_2048_R3.00_full.fits,,Mask ladder bands,mask_sky_fraction_bandlimited,cptg_cmb_mask_ladder_bands,SMICA_noSZ | 2-95 | mask_ge_0.95_abs_b_gt_30deg | abs_b_gt_30deg,True,False,0.0239793538238064,0.0004142169132484,,,2.0,95.0,2-95,57.89081289740276,,,mask_ge_0.95_abs_b_gt_30deg,0.95,30.0,abs_b_gt_30deg
SMICA_noSZ,0.2341746152393673,0.2329758501382096,0.0011987651011576,8.946513606078817,8.900715438429275,0.0457981676495418,0.972191918006168,0.9724799131288916,0.3553326924641927,I_STOKES,K_CMB_to_uK,,,TMASK,COM_CMB_IQU-smica_2048_R3.00_full.fits,,Mask ladder bands,mask_sky_fraction_bandlimited,cptg_cmb_mask_ladder_bands,SMICA_noSZ | 2-30 | mask_ge_0.95_abs_b_gt_40deg | abs_b_gt_40deg,True,False,0.0457981676495418,0.0011987651011576,,,2.0,30.0,2-30,38.20445523924068,,,mask_ge_0.95_abs_b_gt_40deg,0.95,40.0,abs_b_gt_40deg
SMICA_noSZ,0.2300901407206844,0.229079355611553,0.0010107851091313,9.679861958315234,9.637338361714068,0.0425235966011658,0.9731683833158375,0.9734068214128097,0.3553326924641927,I_STOKES,K_CMB_to_uK,,,TMASK,COM_CMB_IQU-smica_2048_R3.00_full.fits,,Mask ladder bands,mask_sky_fraction_bandlimited,cptg_cmb_mask_ladder_bands,SMICA_noSZ | 2-40 | mask_ge_0.95_abs_b_gt_40deg | abs_b_gt_40deg,True,False,0.0425235966011658,0.0010107851091313,,,2.0,40.0,2-40,42.06986847848472,,,mask_ge_0.95_abs_b_gt_40deg,0.95,40.0,abs_b_gt_40deg
SMICA_noSZ,0.2208670977923898,0.2203032749136043,0.0005638228787854,11.01930217375501,10.991172430864768,0.0281297428902416,0.9753036010377506,0.9754311145651704,0.3553326924641927,I_STOKES,K_CMB_to_uK,,,TMASK,COM_CMB_IQU-smica_2048_R3.00_full.fits,,Mask ladder bands,mask_sky_fraction_bandlimited,cptg_cmb_mask_ladder_bands,SMICA_noSZ | 2-64 | mask_ge_0.95_abs_b_gt_40deg | abs_b_gt_40deg,True,False,0.0281297428902416,0.0005638228787854,,,2.0,64.0,2-64,49.891098691906166,,,mask_ge_0.95_abs_b_gt_40deg,0.95,40.0,abs_b_gt_40deg
SMICA_noSZ,0.203133398354076,0.2029101929645462,0.0002232053895297,11.66462325618855,11.65180602968266,0.0128172265058914,0.9791510255187854,0.9791973049870308,0.3553326924641927,I_STOKES,K_CMB_to_uK,,,TMASK,COM_CMB_IQU-smica_2048_R3.00_full.fits,,Mask ladder bands,mask_sky_fraction_bandlimited,cptg_cmb_mask_ladder_bands,SMICA_noSZ | 2-95 | mask_ge_0.95_abs_b_gt_40deg | abs_b_gt_40deg,True,False,0.0128172265058914,0.0002232053895297,,,2.0,95.0,2-95,57.42346335316204,,,mask_ge_0.95_abs_b_gt_40deg,0.95,40.0,abs_b_gt_40deg
SMICA_noSZ,0.2383197909769598,0.2371503270380634,0.0011694639388963,10.282556031191726,10.23209828939502,0.0504577417967055,0.9711857847221832,0.9714720231192252,0.8364308675130209,I_STOKES,K_CMB_to_uK,,,TMASK,COM_CMB_IQU-smica_2048_R3.00_full.fits,,Mask ladder bands,mask_sky_fraction_bandlimited,cptg_cmb_mask_ladder_bands,SMICA_noSZ | 2-30 | mask_ge_0.99_no_galactic_cut | no_galactic_cut,True,False,0.0504577417967055,0.0011694639388963,,,2.0,30.0,2-30,43.14604334386068,,,mask_ge_0.99_no_galactic_cut,0.99,-1.0,no_galactic_cut
SMICA_noSZ,0.2300205371232488,0.2289834081505291,0.0010371289727196,10.8443878638884,10.795492104467485,0.0488957594209154,0.9731852352500326,0.9734297909195504,0.8364308675130209,I_STOKES,K_CMB_to_uK,,,TMASK,COM_CMB_IQU-smica_2048_R3.00_full.fits,,Mask ladder bands,mask_sky_fraction_bandlimited,cptg_cmb_mask_ladder_bands,SMICA_noSZ | 2-40 | mask_ge_0.99_no_galactic_cut | no_galactic_cut,True,False,0.0488957594209154,0.0010371289727196,,,2.0,40.0,2-40,47.14530276084782,,,mask_ge_0.99_no_galactic_cut,0.99,-1.0,no_galactic_cut
SMICA_noSZ,0.2101374280597369,0.2093457004393135,0.0007917276204233,11.320827825829737,11.278174728956298,0.0426530968734386,0.9776717310206208,0.977841567882504,0.8364308675130209,I_STOKES,K_CMB_to_uK,,,TMASK,COM_CMB_IQU-smica_2048_R3.00_full.fits,,Mask ladder bands,mask_sky_fraction_bandlimited,cptg_cmb_mask_ladder_bands,SMICA_noSZ | 2-64 | mask_ge_0.99_no_galactic_cut | no_galactic_cut,True,False,0.0426530968734386,0.0007917276204233,,,2.0,64.0,2-64,53.87344810659575,,,mask_ge_0.99_no_galactic_cut,0.99,-1.0,no_galactic_cut
SMICA_noSZ,0.1913205289711196,0.190790622790303,0.0005299061808166,11.668497788159458,11.636179201481683,0.0323185866777748,0.9815275817878774,0.9816307234449204,0.8364308675130209,I_STOKES,K_CMB_to_uK,,,TMASK,COM_CMB_IQU-smica_2048_R3.00_full.fits,,Mask ladder bands,mask_sky_fraction_bandlimited,cptg_cmb_mask_ladder_bands,SMICA_noSZ | 2-95 | mask_ge_0.99_no_galactic_cut | no_galactic_cut,True,False,0.0323185866777748,0.0005299061808166,,,2.0,95.0,2-95,60.98926158583249,,,mask_ge_0.99_no_galactic_cut,0.99,-1.0,no_galactic_cut
SMICA_noSZ,0.2474048125240674,0.2461563044788468,0.0012485080452206,10.39696616102019,10.3444987261086,0.0524674349115894,0.968910832366224,0.9692287876748572,0.7841669718424479,I_STOKES,K_CMB_to_uK,,,TMASK,COM_CMB_IQU-smica_2048_R3.00_full.fits,,Mask ladder bands,mask_sky_fraction_bandlimited,cptg_cmb_mask_ladder_bands,SMICA_noSZ | 2-30 | mask_ge_0.99_abs_b_gt_10deg | abs_b_gt_10deg,True,False,0.0524674349115894,0.0012485080452206,,,2.0,30.0,2-30,42.02410638236383,,,mask_ge_0.99_abs_b_gt_10deg,0.99,10.0,abs_b_gt_10deg
SMICA_noSZ,0.2402384297131812,0.2391366920295283,0.0011017376836529,11.051031886266998,11.000351658765984,0.0506802275010134,0.9707131655986396,0.9709851743175426,0.7841669718424479,I_STOKES,K_CMB_to_uK,,,TMASK,COM_CMB_IQU-smica_2048_R3.00_full.fits,,Mask ladder bands,mask_sky_fraction_bandlimited,cptg_cmb_mask_ladder_bands,SMICA_noSZ | 2-40 | mask_ge_0.99_abs_b_gt_10deg | abs_b_gt_10deg,True,False,0.0506802275010134,0.0011017376836529,,,2.0,40.0,2-40,46.00026689926644,,,mask_ge_0.99_abs_b_gt_10deg,0.99,10.0,abs_b_gt_10deg
SMICA_noSZ,0.2208671789436862,0.2200498486522324,0.0008173302914538,11.687543127860726,11.64429277678204,0.0432503510786865,0.9753037655641088,0.9754884990832297,0.7841669718424479,I_STOKES,K_CMB_to_uK,,,TMASK,COM_CMB_IQU-smica_2048_R3.00_full.fits,,Mask ladder bands,mask_sky_fraction_bandlimited,cptg_cmb_mask_ladder_bands,SMICA_noSZ | 2-64 | mask_ge_0.99_abs_b_gt_10deg | abs_b_gt_10deg,True,False,0.0432503510786865,0.0008173302914538,,,2.0,64.0,2-64,52.91661343146263,,,mask_ge_0.99_abs_b_gt_10deg,0.99,10.0,abs_b_gt_10deg
SMICA_noSZ,0.2013431461875009,0.200810167325614,0.0005329788618868,12.094209337635144,12.062194550689323,0.0320147869458207,0.9795207346520234,0.9796301389746154,0.7841669718424479,I_STOKES,K_CMB_to_uK,,,TMASK,COM_CMB_IQU-smica_2048_R3.00_full.fits,,Mask ladder bands,mask_sky_fraction_bandlimited,cptg_cmb_mask_ladder_bands,SMICA_noSZ | 2-95 | mask_ge_0.99_abs_b_gt_10deg | abs_b_gt_10deg,True,False,0.0320147869458207,0.0005329788618868,,,2.0,95.0,2-95,60.067648522649016,,,mask_ge_0.99_abs_b_gt_10deg,0.99,10.0,abs_b_gt_10deg
SMICA_noSZ,0.2625035882745496,0.2611948978349371,0.0013086904396125,10.708400385703944,10.655014520389,0.0533858653149437,0.9649302154866982,0.9652852921968612,0.6446253458658854,I_STOKES,K_CMB_to_uK,,,TMASK,COM_CMB_IQU-smica_2048_R3.00_full.fits,,Mask ladder bands,mask_sky_fraction_bandlimited,cptg_cmb_mask_ladder_bands,SMICA_noSZ | 2-30 | mask_ge_0.99_abs_b_gt_20deg | abs_b_gt_20deg,True,False,0.0533858653149437,0.0013086904396125,,,2.0,30.0,2-30,40.79334860178803,,,mask_ge_0.99_abs_b_gt_20deg,0.99,20.0,abs_b_gt_20deg
SMICA_noSZ,0.2524690323746617,0.251308140692788,0.0011608916818736,11.282835331969723,11.230955109030551,0.0518802229391699,0.9676047246479322,0.9679068851580628,0.6446253458658854,I_STOKES,K_CMB_to_uK,,,TMASK,COM_CMB_IQU-smica_2048_R3.00_full.fits,,Mask ladder bands,mask_sky_fraction_bandlimited,cptg_cmb_mask_ladder_bands,SMICA_noSZ | 2-40 | mask_ge_0.99_abs_b_gt_20deg | abs_b_gt_20deg,True,False,0.0518802229391699,0.0011608916818736,,,2.0,40.0,2-40,44.68997732453024,,,mask_ge_0.99_abs_b_gt_20deg,0.99,20.0,abs_b_gt_20deg
SMICA_noSZ,0.2339368449964814,0.2331179354452502,0.0008189095512312,12.153454570030354,12.110910694447169,0.0425438755831848,0.97225169586225,0.972448372445886,0.6446253458658854,I_STOKES,K_CMB_to_uK,,,TMASK,COM_CMB_IQU-smica_2048_R3.00_full.fits,,Mask ladder bands,mask_sky_fraction_bandlimited,cptg_cmb_mask_ladder_bands,SMICA_noSZ | 2-64 | mask_ge_0.99_abs_b_gt_20deg | abs_b_gt_20deg,True,False,0.0425438755831848,0.0008189095512312,,,2.0,64.0,2-64,51.95186149583725,,,mask_ge_0.99_abs_b_gt_20deg,0.99,20.0,abs_b_gt_20deg
SMICA_noSZ,0.2133004479828243,0.2127792966542294,0.0005211513285949,12.62288263211838,12.59204147769682,0.0308411544215623,0.9769866341203431,0.9771002688817296,0.6446253458658854,I_STOKES,K_CMB_to_uK,,,TMASK,COM_CMB_IQU-smica_2048_R3.00_full.fits,,Mask ladder bands,mask_sky_fraction_bandlimited,cptg_cmb_mask_ladder_bands,SMICA_noSZ | 2-95 | mask_ge_0.99_abs_b_gt_20deg | abs_b_gt_20deg,True,False,0.0308411544215623,0.0005211513285949,,,2.0,95.0,2-95,59.17888476790642,,,mask_ge_0.99_abs_b_gt_20deg,0.99,20.0,abs_b_gt_20deg
SMICA_noSZ,0.2593090557767111,0.2579749164748903,0.0013341393018208,10.075538137214076,10.023699718476296,0.0518384187377805,0.965793234339221,0.9661504662239327,0.4930025736490885,I_STOKES,K_CMB_to_uK,,,TMASK,COM_CMB_IQU-smica_2048_R3.00_full.fits,,Mask ladder bands,mask_sky_fraction_bandlimited,cptg_cmb_mask_ladder_bands,SMICA_noSZ | 2-30 | mask_ge_0.99_abs_b_gt_30deg | abs_b_gt_30deg,True,False,0.0518384187377805,0.0013341393018208,,,2.0,30.0,2-30,38.85532692653063,,,mask_ge_0.99_abs_b_gt_30deg,0.99,30.0,abs_b_gt_30deg
SMICA_noSZ,0.2528098279779668,0.2516555665046726,0.0011542614732942,10.847950057023594,10.798421243546718,0.0495288134768756,0.9675156429438294,0.9678165169228024,0.4930025736490885,I_STOKES,K_CMB_to_uK,,,TMASK,COM_CMB_IQU-smica_2048_R3.00_full.fits,,Mask ladder bands,mask_sky_fraction_bandlimited,cptg_cmb_mask_ladder_bands,SMICA_noSZ | 2-40 | mask_ge_0.99_abs_b_gt_30deg | abs_b_gt_30deg,True,False,0.0495288134768756,0.0011542614732942,,,2.0,40.0,2-40,42.90952667381676,,,mask_ge_0.99_abs_b_gt_30deg,0.99,30.0,abs_b_gt_30deg
SMICA_noSZ,0.2369891470097838,0.2362280163961604,0.0007611306136234,11.94632568554406,11.907958045868105,0.0383676396759558,0.9715121937157024,0.9716975475432236,0.4930025736490885,I_STOKES,K_CMB_to_uK,,,TMASK,COM_CMB_IQU-smica_2048_R3.00_full.fits,,Mask ladder bands,mask_sky_fraction_bandlimited,cptg_cmb_mask_ladder_bands,SMICA_noSZ | 2-64 | mask_ge_0.99_abs_b_gt_30deg | abs_b_gt_30deg,True,False,0.0383676396759558,0.0007611306136234,,,2.0,64.0,2-64,50.40874586991475,,,mask_ge_0.99_abs_b_gt_30deg,0.99,30.0,abs_b_gt_30deg
SMICA_noSZ,0.2174037909332995,0.2169895944023475,0.0004141965309519,12.58360008085573,12.55962587379153,0.0239742070641995,0.9760817267805708,0.9761738891176348,0.4930025736490885,I_STOKES,K_CMB_to_uK,,,TMASK,COM_CMB_IQU-smica_2048_R3.00_full.fits,,Mask ladder bands,mask_sky_fraction_bandlimited,cptg_cmb_mask_ladder_bands,SMICA_noSZ | 2-95 | mask_ge_0.99_abs_b_gt_30deg | abs_b_gt_30deg,True,False,0.0239742070641995,0.0004141965309519,,,2.0,95.0,2-95,57.88123577254656,,,mask_ge_0.99_abs_b_gt_30deg,0.99,30.0,abs_b_gt_30deg
SMICA_noSZ,0.234141498800347,0.2329424939065917,0.0011990048937553,8.943863007430023,8.898062773084849,0.0458002343451742,0.9721999025395268,0.9724879118385268,0.3552271525065104,I_STOKES,K_CMB_to_uK,,,TMASK,COM_CMB_IQU-smica_2048_R3.00_full.fits,,Mask ladder bands,mask_sky_fraction_bandlimited,cptg_cmb_mask_ladder_bands,SMICA_noSZ | 2-30 | mask_ge_0.99_abs_b_gt_40deg | abs_b_gt_40deg,True,False,0.0458002343451742,0.0011990048937553,,,2.0,30.0,2-30,38.1985382909694,,,mask_ge_0.99_abs_b_gt_40deg,0.99,40.0,abs_b_gt_40deg
SMICA_noSZ,0.2300148307391152,0.2290035149844325,0.0010113157546826,9.674748108960278,9.632210742331624,0.0425373666286539,0.9731861776004028,0.9734246580571296,0.3552271525065104,I_STOKES,K_CMB_to_uK,,,TMASK,COM_CMB_IQU-smica_2048_R3.00_full.fits,,Mask ladder bands,mask_sky_fraction_bandlimited,cptg_cmb_mask_ladder_bands,SMICA_noSZ | 2-40 | mask_ge_0.99_abs_b_gt_40deg | abs_b_gt_40deg,True,False,0.0425373666286539,0.0010113157546826,,,2.0,40.0,2-40,42.06141003113604,,,mask_ge_0.99_abs_b_gt_40deg,0.99,40.0,abs_b_gt_40deg
SMICA_noSZ,0.2208011734902933,0.2202372685292368,0.0005639049610565,11.015139878061628,10.987008270218322,0.0281316078433064,0.9753185321767044,0.975446024158546,0.3552271525065104,I_STOKES,K_CMB_to_uK,,,TMASK,COM_CMB_IQU-smica_2048_R3.00_full.fits,,Mask ladder bands,mask_sky_fraction_bandlimited,cptg_cmb_mask_ladder_bands,SMICA_noSZ | 2-64 | mask_ge_0.99_abs_b_gt_40deg | abs_b_gt_40deg,True,False,0.0281316078433064,0.0005639049610565,,,2.0,64.0,2-64,49.887143731805686,,,mask_ge_0.99_abs_b_gt_40deg,0.99,40.0,abs_b_gt_40deg
SMICA_noSZ,0.2030752158291969,0.2028518545534167,0.0002233612757801,11.660297404205837,11.647472309358369,0.0128250948474697,0.9791630963754158,0.9792093942992935,0.3552271525065104,I_STOKES,K_CMB_to_uK,,,TMASK,COM_CMB_IQU-smica_2048_R3.00_full.fits,,Mask ladder bands,mask_sky_fraction_bandlimited,cptg_cmb_mask_ladder_bands,SMICA_noSZ | 2-95 | mask_ge_0.99_abs_b_gt_40deg | abs_b_gt_40deg,True,False,0.0128250948474697,0.0002233612757801,,,2.0,95.0,2-95,57.41861386971569,,,mask_ge_0.99_abs_b_gt_40deg,0.99,40.0,abs_b_gt_40deg
NILC,0.2445994769019024,0.2433685673831478,0.0012309095187545,10.508961845537028,10.456077099699703,0.0528847458373231,0.9696241669605412,0.9699338484529352,0.7862688700358073,I_STOKES,K_CMB_to_uK,,,TMASK,COM_CMB_IQU-nilc_2048_R3.00_full.fits,,Mask ladder bands,mask_sky_fraction_bandlimited,cptg_cmb_mask_ladder_bands,NILC | 2-30 | mask_ge_0.50_no_galactic_cut | no_galactic_cut,True,False,0.0528847458373231,0.0012309095187545,,,2.0,30.0,2-30,42.9639587894609,,,mask_ge_0.50_no_galactic_cut,0.5,-1.0,no_galactic_cut
NILC,0.2361095350469379,0.2350144286311587,0.0010951064157792,11.063573175596511,11.012258899095016,0.0513142765014968,0.9717263870900934,0.9719918226594432,0.7862688700358073,I_STOKES,K_CMB_to_uK,,,TMASK,COM_CMB_IQU-nilc_2048_R3.00_full.fits,,Mask ladder bands,mask_sky_fraction_bandlimited,cptg_cmb_mask_ladder_bands,NILC | 2-40 | mask_ge_0.50_no_galactic_cut | no_galactic_cut,True,False,0.0513142765014968,0.0010951064157792,,,2.0,40.0,2-40,46.85779917103772,,,mask_ge_0.50_no_galactic_cut,0.5,-1.0,no_galactic_cut
NILC,0.2156215641149416,0.214780894952322,0.0008406691626195,11.554354933185351,11.50930661009132,0.045048323094031,0.9764769669240516,0.976662220824149,0.7862688700358073,I_STOKES,K_CMB_to_uK,,,TMASK,COM_CMB_IQU-nilc_2048_R3.00_full.fits,,Mask ladder bands,mask_sky_fraction_bandlimited,cptg_cmb_mask_ladder_bands,NILC | 2-64 | mask_ge_0.50_no_galactic_cut | no_galactic_cut,True,False,0.045048323094031,0.0008406691626195,,,2.0,64.0,2-64,53.58626805538827,,,mask_ge_0.50_no_galactic_cut,0.5,-1.0,no_galactic_cut
NILC,0.1964140252675024,0.1958469691368885,0.0005670561306138,11.923702312124982,11.889278046920412,0.0344242652045689,0.9805210464276414,0.9806344663208916,0.7862688700358073,I_STOKES,K_CMB_to_uK,,,TMASK,COM_CMB_IQU-nilc_2048_R3.00_full.fits,,Mask ladder bands,mask_sky_fraction_bandlimited,cptg_cmb_mask_ladder_bands,NILC | 2-95 | mask_ge_0.50_no_galactic_cut | no_galactic_cut,True,False,0.0344242652045689,0.0005670561306138,,,2.0,95.0,2-95,60.70698004323122,,,mask_ge_0.50_no_galactic_cut,0.5,-1.0,no_galactic_cut
NILC,0.2513491829578645,0.2500610773592212,0.0012881055986433,10.639786244233305,10.585259835719524,0.0545264085137819,0.9678964696279766,0.9682300580996552,0.769622802734375,I_STOKES,K_CMB_to_uK,,,TMASK,COM_CMB_IQU-nilc_2048_R3.00_full.fits,,Mask ladder bands,mask_sky_fraction_bandlimited,cptg_cmb_mask_ladder_bands,NILC | 2-30 | mask_ge_0.50_abs_b_gt_10deg | abs_b_gt_10deg,True,False,0.0545264085137819,0.0012881055986433,,,2.0,30.0,2-30,42.33069755399573,,,mask_ge_0.50_abs_b_gt_10deg,0.5,10.0,abs_b_gt_10deg
NILC,0.2432724735950528,0.2421285541950373,0.0011439194000155,11.251366149689602,11.198459810451515,0.0529063392380866,0.969957958704866,0.9702441455059084,0.769622802734375,I_STOKES,K_CMB_to_uK,,,TMASK,COM_CMB_IQU-nilc_2048_R3.00_full.fits,,Mask ladder bands,mask_sky_fraction_bandlimited,cptg_cmb_mask_ladder_bands,NILC | 2-40 | mask_ge_0.50_abs_b_gt_10deg | abs_b_gt_10deg,True,False,0.0529063392380866,0.0011439194000155,,,2.0,40.0,2-40,46.2500585595164,,,mask_ge_0.50_abs_b_gt_10deg,0.5,10.0,abs_b_gt_10deg
NILC,0.2228347896366473,0.2219670988147816,0.0008676908218656,11.828347762467006,11.782289654538424,0.046058107928582,0.9748562187836112,0.9750541512597912,0.769622802734375,I_STOKES,K_CMB_to_uK,,,TMASK,COM_CMB_IQU-nilc_2048_R3.00_full.fits,,Mask ladder bands,mask_sky_fraction_bandlimited,cptg_cmb_mask_ladder_bands,NILC | 2-64 | mask_ge_0.50_abs_b_gt_10deg | abs_b_gt_10deg,True,False,0.046058107928582,0.0008676908218656,,,2.0,64.0,2-64,53.08124365030353,,,mask_ge_0.50_abs_b_gt_10deg,0.5,10.0,abs_b_gt_10deg
NILC,0.2029594258986537,0.2023789860575091,0.0005804398411445,12.220264556165844,12.185316051624511,0.0349485045413313,0.979187147660896,0.9793072779853732,0.769622802734375,I_STOKES,K_CMB_to_uK,,,TMASK,COM_CMB_IQU-nilc_2048_R3.00_full.fits,,Mask ladder bands,mask_sky_fraction_bandlimited,cptg_cmb_mask_ladder_bands,NILC | 2-95 | mask_ge_0.50_abs_b_gt_10deg | abs_b_gt_10deg,True,False,0.0349485045413313,0.0005804398411445,,,2.0,95.0,2-95,60.21038196209691,,,mask_ge_0.50_abs_b_gt_10deg,0.5,10.0,abs_b_gt_10deg
NILC,0.2666033064368651,0.2652669590889892,0.0013363473478759,10.98939705603658,10.934312774424088,0.0550842816124923,0.9638062373923334,0.9641748953341882,0.6443532307942709,I_STOKES,K_CMB_to_uK,,,TMASK,COM_CMB_IQU-nilc_2048_R3.00_full.fits,,Mask ladder bands,mask_sky_fraction_bandlimited,cptg_cmb_mask_ladder_bands,NILC | 2-30 | mask_ge_0.50_abs_b_gt_20deg | abs_b_gt_20deg,True,False,0.0550842816124923,0.0013363473478759,,,2.0,30.0,2-30,41.22003287546998,,,mask_ge_0.50_abs_b_gt_20deg,0.5,20.0,abs_b_gt_20deg
NILC,0.2560017141322056,0.2548085192941325,0.001193194838073,11.533827709772114,11.480069852200048,0.0537578575720658,0.9666762947486676,0.966991497146498,0.6443532307942709,I_STOKES,K_CMB_to_uK,,,TMASK,COM_CMB_IQU-nilc_2048_R3.00_full.fits,,Mask ladder bands,mask_sky_fraction_bandlimited,cptg_cmb_mask_ladder_bands,NILC | 2-40 | mask_ge_0.50_abs_b_gt_20deg | abs_b_gt_20deg,True,False,0.0537578575720658,0.001193194838073,,,2.0,40.0,2-40,45.0537128193437,,,mask_ge_0.50_abs_b_gt_20deg,0.5,20.0,abs_b_gt_20deg
NILC,0.2358723285502976,0.235003140561874,0.0008691879884235,12.302307869147583,12.25697394509014,0.045333924057445,0.9717840278593594,0.9719945866393248,0.6443532307942709,I_STOKES,K_CMB_to_uK,,,TMASK,COM_CMB_IQU-nilc_2048_R3.00_full.fits,,Mask ladder bands,mask_sky_fraction_bandlimited,cptg_cmb_mask_ladder_bands,NILC | 2-64 | mask_ge_0.50_abs_b_gt_20deg | abs_b_gt_20deg,True,False,0.045333924057445,0.0008691879884235,,,2.0,64.0,2-64,52.1566389103766,,,mask_ge_0.50_abs_b_gt_20deg,0.5,20.0,abs_b_gt_20deg
NILC,0.2151007699201577,0.214531073777814,0.0005696961423436,12.763867692466713,12.730062484849451,0.0338052076172594,0.9765918546335188,0.9767171597674146,0.6443532307942709,I_STOKES,K_CMB_to_uK,,,TMASK,COM_CMB_IQU-nilc_2048_R3.00_full.fits,,Mask ladder bands,mask_sky_fraction_bandlimited,cptg_cmb_mask_ladder_bands,NILC | 2-95 | mask_ge_0.50_abs_b_gt_20deg | abs_b_gt_20deg,True,False,0.0338052076172594,0.0005696961423436,,,2.0,95.0,2-95,59.33901444055489,,,mask_ge_0.50_abs_b_gt_20deg,0.5,20.0,abs_b_gt_20deg
NILC,0.2596763640326724,0.2583270104077946,0.0013493536248778,10.240123290667436,10.186912643125716,0.0532106475417215,0.9656953676808316,0.9660572030445383,0.4964599609375,I_STOKES,K_CMB_to_uK,,,TMASK,COM_CMB_IQU-nilc_2048_R3.00_full.fits,,Mask ladder bands,mask_sky_fraction_bandlimited,cptg_cmb_mask_ladder_bands,NILC | 2-30 | mask_ge_0.50_abs_b_gt_30deg | abs_b_gt_30deg,True,False,0.0532106475417215,0.0013493536248778,,,2.0,30.0,2-30,39.43417541605376,,,mask_ge_0.50_abs_b_gt_30deg,0.5,30.0,abs_b_gt_30deg
NILC,0.2523284153084812,0.2511524764918796,0.0011759388166015,10.970514811452448,10.919388368998009,0.0511264424544393,0.9676415464458984,0.9679474299105224,0.4964599609375,I_STOKES,K_CMB_to_uK,,,TMASK,COM_CMB_IQU-nilc_2048_R3.00_full.fits,,Mask ladder bands,mask_sky_fraction_bandlimited,cptg_cmb_mask_ladder_bands,NILC | 2-40 | mask_ge_0.50_abs_b_gt_30deg | abs_b_gt_30deg,True,False,0.0511264424544393,0.0011759388166015,,,2.0,40.0,2-40,43.47712800415511,,,mask_ge_0.50_abs_b_gt_30deg,0.5,30.0,abs_b_gt_30deg
NILC,0.2353371651674581,0.2345374676840659,0.0007996974833922,11.966437981989442,11.925774917434564,0.0406630645548791,0.9719137631147152,0.9721070521663308,0.4964599609375,I_STOKES,K_CMB_to_uK,,,TMASK,COM_CMB_IQU-nilc_2048_R3.00_full.fits,,Mask ladder bands,mask_sky_fraction_bandlimited,cptg_cmb_mask_ladder_bands,NILC | 2-64 | mask_ge_0.50_abs_b_gt_30deg | abs_b_gt_30deg,True,False,0.0406630645548791,0.0007996974833922,,,2.0,64.0,2-64,50.84805867137271,,,mask_ge_0.50_abs_b_gt_30deg,0.5,30.0,abs_b_gt_30deg
NILC,0.215477205611731,0.2150163698151293,0.0004608357966016,12.552783123827638,12.525936795493212,0.0268463283344253,0.9765088608989548,0.9766104353030234,0.4964599609375,I_STOKES,K_CMB_to_uK,,,TMASK,COM_CMB_IQU-nilc_2048_R3.00_full.fits,,Mask ladder bands,mask_sky_fraction_bandlimited,cptg_cmb_mask_ladder_bands,NILC | 2-95 | mask_ge_0.50_abs_b_gt_30deg | abs_b_gt_30deg,True,False,0.0268463283344253,0.0004608357966016,,,2.0,95.0,2-95,58.255735627305896,,,mask_ge_0.50_abs_b_gt_30deg,0.5,30.0,abs_b_gt_30deg
NILC,0.2284284417359111,0.2272482735685609,0.0011801681673502,8.862595157243126,8.816806845572273,0.0457883116708526,0.9735599163316144,0.9738360753614014,0.3578033447265625,I_STOKES,K_CMB_to_uK,,,TMASK,COM_CMB_IQU-nilc_2048_R3.00_full.fits,,Mask ladder bands,mask_sky_fraction_bandlimited,cptg_cmb_mask_ladder_bands,NILC | 2-30 | mask_ge_0.50_abs_b_gt_40deg | abs_b_gt_40deg,True,False,0.0457883116708526,0.0011801681673502,,,2.0,30.0,2-30,38.79812465511312,,,mask_ge_0.50_abs_b_gt_40deg,0.5,40.0,abs_b_gt_40deg
NILC,0.2233932944165912,0.2223867792707242,0.001006515145867,9.5128249512609,9.469964209095693,0.0428607421652085,0.9747281792110872,0.9749583126750758,0.3578033447265625,I_STOKES,K_CMB_to_uK,,,TMASK,COM_CMB_IQU-nilc_2048_R3.00_full.fits,,Mask ladder bands,mask_sky_fraction_bandlimited,cptg_cmb_mask_ladder_bands,NILC | 2-40 | mask_ge_0.50_abs_b_gt_40deg | abs_b_gt_40deg,True,False,0.0428607421652085,0.001006515145867,,,2.0,40.0,2-40,42.583305716961526,,,mask_ge_0.50_abs_b_gt_40deg,0.5,40.0,abs_b_gt_40deg
NILC,0.2139154602774256,0.2133392738065947,0.0005761864708309,10.752655514521004,10.723692976586918,0.0289625379340865,0.9768520665020272,0.9769780649476368,0.3578033447265625,I_STOKES,K_CMB_to_uK,,,TMASK,COM_CMB_IQU-nilc_2048_R3.00_full.fits,,Mask ladder bands,mask_sky_fraction_bandlimited,cptg_cmb_mask_ladder_bands,NILC | 2-64 | mask_ge_0.50_abs_b_gt_40deg | abs_b_gt_40deg,True,False,0.0289625379340865,0.0005761864708309,,,2.0,64.0,2-64,50.26591112477776,,,mask_ge_0.50_abs_b_gt_40deg,0.5,40.0,abs_b_gt_40deg
NILC,0.1967796116550168,0.1965413457962481,0.0002382658587686,11.363808066893052,11.350048473278816,0.0137595936142371,0.980447729981974,0.9804955207765508,0.3578033447265625,I_STOKES,K_CMB_to_uK,,,TMASK,COM_CMB_IQU-nilc_2048_R3.00_full.fits,,Mask ladder bands,mask_sky_fraction_bandlimited,cptg_cmb_mask_ladder_bands,NILC | 2-95 | mask_ge_0.50_abs_b_gt_40deg | abs_b_gt_40deg,True,False,0.0137595936142371,0.0002382658587686,,,2.0,95.0,2-95,57.74890991662011,,,mask_ge_0.50_abs_b_gt_40deg,0.5,40.0,abs_b_gt_40deg
NILC,0.2449733469329892,0.2437409733607085,0.0012323735722806,10.517056994640926,10.464149430366554,0.0529075642743723,0.9695297725173464,0.9698403266559248,0.7850456237792969,I_STOKES,K_CMB_to_uK,,,TMASK,COM_CMB_IQU-nilc_2048_R3.00_full.fits,,Mask ladder bands,mask_sky_fraction_bandlimited,cptg_cmb_mask_ladder_bands,NILC | 2-30 | mask_ge_0.70_no_galactic_cut | no_galactic_cut,True,False,0.0529075642743723,0.0012323735722806,,,2.0,30.0,2-30,42.93143366946689,,,mask_ge_0.70_no_galactic_cut,0.7,-1.0,no_galactic_cut
NILC,0.2364585138484855,0.2353620082126519,0.0010965056358336,11.07141376322156,11.020073393232613,0.0513403699889476,0.9716415169117592,0.9719077078028306,0.7850456237792969,I_STOKES,K_CMB_to_uK,,,TMASK,COM_CMB_IQU-nilc_2048_R3.00_full.fits,,Mask ladder bands,mask_sky_fraction_bandlimited,cptg_cmb_mask_ladder_bands,NILC | 2-40 | mask_ge_0.70_no_galactic_cut | no_galactic_cut,True,False,0.0513403699889476,0.0010965056358336,,,2.0,40.0,2-40,46.821802197047305,,,mask_ge_0.70_no_galactic_cut,0.7,-1.0,no_galactic_cut
NILC,0.2159079124992501,0.215066276609124,0.0008416358901261,11.562536938034487,11.517464731299158,0.0450722067353286,0.9764136862610858,0.9765994115998076,0.7850456237792969,I_STOKES,K_CMB_to_uK,,,TMASK,COM_CMB_IQU-nilc_2048_R3.00_full.fits,,Mask ladder bands,mask_sky_fraction_bandlimited,cptg_cmb_mask_ladder_bands,NILC | 2-64 | mask_ge_0.70_no_galactic_cut | no_galactic_cut,True,False,0.0450722067353286,0.0008416358901261,,,2.0,64.0,2-64,53.553094947711294,,,mask_ge_0.70_no_galactic_cut,0.7,-1.0,no_galactic_cut
NILC,0.19668705044519,0.1961202600104484,0.0005667904347415,11.93465874026913,11.900266794278895,0.0343919459902331,0.9804663141270334,0.9805798451057942,0.7850456237792969,I_STOKES,K_CMB_to_uK,,,TMASK,COM_CMB_IQU-nilc_2048_R3.00_full.fits,,Mask ladder bands,mask_sky_fraction_bandlimited,cptg_cmb_mask_ladder_bands,NILC | 2-95 | mask_ge_0.70_no_galactic_cut | no_galactic_cut,True,False,0.0343919459902331,0.0005667904347415,,,2.0,95.0,2-95,60.67841636373979,,,mask_ge_0.70_no_galactic_cut,0.7,-1.0,no_galactic_cut
NILC,0.2514795009436152,0.2501906665029035,0.0012888344407117,10.640803867354595,10.586269662977518,0.0545342043770791,0.9678626178100312,0.9681965796693016,0.7688026428222656,I_STOKES,K_CMB_to_uK,,,TMASK,COM_CMB_IQU-nilc_2048_R3.00_full.fits,,Mask ladder bands,mask_sky_fraction_bandlimited,cptg_cmb_mask_ladder_bands,NILC | 2-30 | mask_ge_0.70_abs_b_gt_10deg | abs_b_gt_10deg,True,False,0.0545342043770791,0.0012888344407117,,,2.0,30.0,2-30,42.312808111307625,,,mask_ge_0.70_abs_b_gt_10deg,0.7,10.0,abs_b_gt_10deg
NILC,0.2433617398409132,0.2422170180620454,0.0011447217788677,11.250561524748912,11.197641280135723,0.0529202446131886,0.9699355618255814,0.9702220608322648,0.7688026428222656,I_STOKES,K_CMB_to_uK,,,TMASK,COM_CMB_IQU-nilc_2048_R3.00_full.fits,,Mask ladder bands,mask_sky_fraction_bandlimited,cptg_cmb_mask_ladder_bands,NILC | 2-40 | mask_ge_0.70_abs_b_gt_10deg | abs_b_gt_10deg,True,False,0.0529202446131886,0.0011447217788677,,,2.0,40.0,2-40,46.2297875257773,,,mask_ge_0.70_abs_b_gt_10deg,0.7,10.0,abs_b_gt_10deg
NILC,0.2228960465802747,0.2220277120680734,0.0008683345122012,11.827273004005669,11.781197582336372,0.0460754216692933,0.9748422124985974,0.9750403489222118,0.7688026428222656,I_STOKES,K_CMB_to_uK,,,TMASK,COM_CMB_IQU-nilc_2048_R3.00_full.fits,,Mask ladder bands,mask_sky_fraction_bandlimited,cptg_cmb_mask_ladder_bands,NILC | 2-64 | mask_ge_0.70_abs_b_gt_10deg | abs_b_gt_10deg,True,False,0.0460754216692933,0.0008683345122012,,,2.0,64.0,2-64,53.06183391523789,,,mask_ge_0.70_abs_b_gt_10deg,0.7,10.0,abs_b_gt_10deg
NILC,0.2030337954736401,0.202453664305674,0.000580131167966,12.221865094515412,12.186943396600714,0.0349216979146991,0.9791717293761784,0.9792918418613618,0.7688026428222656,I_STOKES,K_CMB_to_uK,,,TMASK,COM_CMB_IQU-nilc_2048_R3.00_full.fits,,Mask ladder bands,mask_sky_fraction_bandlimited,cptg_cmb_mask_ladder_bands,NILC | 2-95 | mask_ge_0.70_abs_b_gt_10deg | abs_b_gt_10deg,True,False,0.0349216979146991,0.000580131167966,,,2.0,95.0,2-95,60.1962105175844,,,mask_ge_0.70_abs_b_gt_10deg,0.7,10.0,abs_b_gt_10deg
NILC,0.2667046391755555,0.2653678958069529,0.0013367433686025,10.98842616876551,10.933351364450584,0.0550748043149251,0.9637781853932856,0.9641471036727294,0.6440022786458334,I_STOKES,K_CMB_to_uK,,,TMASK,COM_CMB_IQU-nilc_2048_R3.00_full.fits,,Mask ladder bands,mask_sky_fraction_bandlimited,cptg_cmb_mask_ladder_bands,NILC | 2-30 | mask_ge_0.70_abs_b_gt_20deg | abs_b_gt_20deg,True,False,0.0550748043149251,0.0013367433686025,,,2.0,30.0,2-30,41.20073127611588,,,mask_ge_0.70_abs_b_gt_20deg,0.7,20.0,abs_b_gt_20deg
NILC,0.2560962747780213,0.2549027252871553,0.001193549490866,11.53257305644314,11.478824923199795,0.0537481332433422,0.9666512380054346,0.966966658834392,0.6440022786458334,I_STOKES,K_CMB_to_uK,,,TMASK,COM_CMB_IQU-nilc_2048_R3.00_full.fits,,Mask ladder bands,mask_sky_fraction_bandlimited,cptg_cmb_mask_ladder_bands,NILC | 2-40 | mask_ge_0.70_abs_b_gt_20deg | abs_b_gt_20deg,True,False,0.0537481332433422,0.001193549490866,,,2.0,40.0,2-40,45.0321780995812,,,mask_ge_0.70_abs_b_gt_20deg,0.7,20.0,abs_b_gt_20deg
NILC,0.2359571002952619,0.2350879442515612,0.0008691560437007,12.302401027646768,12.257084712978427,0.045316314668339,0.9717634401371592,0.9719740715160634,0.6440022786458334,I_STOKES,K_CMB_to_uK,,,TMASK,COM_CMB_IQU-nilc_2048_R3.00_full.fits,,Mask ladder bands,mask_sky_fraction_bandlimited,cptg_cmb_mask_ladder_bands,NILC | 2-64 | mask_ge_0.70_abs_b_gt_20deg | abs_b_gt_20deg,True,False,0.045316314668339,0.0008691560437007,,,2.0,64.0,2-64,52.13829553021423,,,mask_ge_0.70_abs_b_gt_20deg,0.7,20.0,abs_b_gt_20deg
NILC,0.215176962116403,0.2146078306123448,0.0005691315040581,12.765208759017105,12.731445467681548,0.033763291335557,0.97657506730891,0.976700294984587,0.6440022786458334,I_STOKES,K_CMB_to_uK,,,TMASK,COM_CMB_IQU-nilc_2048_R3.00_full.fits,,Mask ladder bands,mask_sky_fraction_bandlimited,cptg_cmb_mask_ladder_bands,NILC | 2-95 | mask_ge_0.70_abs_b_gt_20deg | abs_b_gt_20deg,True,False,0.033763291335557,0.0005691315040581,,,2.0,95.0,2-95,59.32423542679994,,,mask_ge_0.70_abs_b_gt_20deg,0.7,20.0,abs_b_gt_20deg
NILC,0.2596782147080043,0.258329081502092,0.0013491332059122,10.237915259506096,10.18472515477803,0.0531901047280651,0.965694868578057,0.9660566477868552,0.4963213602701823,I_STOKES,K_CMB_to_uK,,,TMASK,COM_CMB_IQU-nilc_2048_R3.00_full.fits,,Mask ladder bands,mask_sky_fraction_bandlimited,cptg_cmb_mask_ladder_bands,NILC | 2-30 | mask_ge_0.70_abs_b_gt_30deg | abs_b_gt_30deg,True,False,0.0531901047280651,0.0013491332059122,,,2.0,30.0,2-30,39.425391425376745,,,mask_ge_0.70_abs_b_gt_30deg,0.7,30.0,abs_b_gt_30deg
NILC,0.2523141912768606,0.2511384052472687,0.0011757860295918,10.967482865225364,10.916374312561477,0.051108552663889,0.9676452546900838,0.9679510800686294,0.4963213602701823,I_STOKES,K_CMB_to_uK,,,TMASK,COM_CMB_IQU-nilc_2048_R3.00_full.fits,,Mask ladder bands,mask_sky_fraction_bandlimited,cptg_cmb_mask_ladder_bands,NILC | 2-40 | mask_ge_0.70_abs_b_gt_30deg | abs_b_gt_30deg,True,False,0.051108552663889,0.0011757860295918,,,2.0,40.0,2-40,43.46756244554991,,,mask_ge_0.70_abs_b_gt_30deg,0.7,30.0,abs_b_gt_30deg
NILC,0.2353257100855972,0.2345263391259911,0.0007993709596061,11.96374263812091,11.923103353830056,0.0406392842908545,0.9719165353262108,0.9721097356373578,0.4963213602701823,I_STOKES,K_CMB_to_uK,,,TMASK,COM_CMB_IQU-nilc_2048_R3.00_full.fits,,Mask ladder bands,mask_sky_fraction_bandlimited,cptg_cmb_mask_ladder_bands,NILC | 2-64 | mask_ge_0.70_abs_b_gt_30deg | abs_b_gt_30deg,True,False,0.0406392842908545,0.0007993709596061,,,2.0,64.0,2-64,50.839080157324176,,,mask_ge_0.70_abs_b_gt_30deg,0.7,30.0,abs_b_gt_30deg
NILC,0.2154688668862445,0.2150084682008453,0.0004603986853991,12.55005981124796,12.523243728153089,0.0268160830948698,0.9765107006041708,0.9766121746500817,0.4963213602701823,I_STOKES,K_CMB_to_uK,,,TMASK,COM_CMB_IQU-nilc_2048_R3.00_full.fits,,Mask ladder bands,mask_sky_fraction_bandlimited,cptg_cmb_mask_ladder_bands,NILC | 2-95 | mask_ge_0.70_abs_b_gt_30deg | abs_b_gt_30deg,True,False,0.0268160830948698,0.0004603986853991,,,2.0,95.0,2-95,58.24535113870389,,,mask_ge_0.70_abs_b_gt_30deg,0.7,30.0,abs_b_gt_30deg
NILC,0.2284069896892924,0.2272269334953232,0.0011800561939692,8.861450568374677,8.815668214494055,0.0457823538806216,0.9735649563926666,0.9738410617974876,0.3577855428059895,I_STOKES,K_CMB_to_uK,,,TMASK,COM_CMB_IQU-nilc_2048_R3.00_full.fits,,Mask ladder bands,mask_sky_fraction_bandlimited,cptg_cmb_mask_ladder_bands,NILC | 2-30 | mask_ge_0.70_abs_b_gt_40deg | abs_b_gt_40deg,True,False,0.0457823538806216,0.0011800561939692,,,2.0,30.0,2-30,38.79675740409312,,,mask_ge_0.70_abs_b_gt_40deg,0.7,40.0,abs_b_gt_40deg
NILC,0.2233731411374777,0.2223667441059184,0.0010063970315592,9.511701185772717,9.468846669828254,0.0428545159444606,0.9747328002794868,0.9749628848859396,0.3577855428059895,I_STOKES,K_CMB_to_uK,,,TMASK,COM_CMB_IQU-nilc_2048_R3.00_full.fits,,Mask ladder bands,mask_sky_fraction_bandlimited,cptg_cmb_mask_ladder_bands,NILC | 2-40 | mask_ge_0.70_abs_b_gt_40deg | abs_b_gt_40deg,True,False,0.0428545159444606,0.0010063970315592,,,2.0,40.0,2-40,42.58211679943482,,,mask_ge_0.70_abs_b_gt_40deg,0.7,40.0,abs_b_gt_40deg
NILC,0.2138937658622889,0.2133176791565994,0.0005760867056894,10.75117598470206,10.722219509367934,0.0289564753341267,0.9768568180609252,0.9769827813103684,0.3577855428059895,I_STOKES,K_CMB_to_uK,,,TMASK,COM_CMB_IQU-nilc_2048_R3.00_full.fits,,Mask ladder bands,mask_sky_fraction_bandlimited,cptg_cmb_mask_ladder_bands,NILC | 2-64 | mask_ge_0.70_abs_b_gt_40deg | abs_b_gt_40deg,True,False,0.0289564753341267,0.0005760867056894,,,2.0,64.0,2-64,50.26409227664906,,,mask_ge_0.70_abs_b_gt_40deg,0.7,40.0,abs_b_gt_40deg
NILC,0.19675825825559,0.1965200441688051,0.0002382140867848,11.362102441724153,11.348346409926007,0.0137560317981453,0.9804520160201764,0.9804997910389108,0.3577855428059895,I_STOKES,K_CMB_to_uK,,,TMASK,COM_CMB_IQU-nilc_2048_R3.00_full.fits,,Mask ladder bands,mask_sky_fraction_bandlimited,cptg_cmb_mask_ladder_bands,NILC | 2-95 | mask_ge_0.70_abs_b_gt_40deg | abs_b_gt_40deg,True,False,0.0137560317981453,0.0002382140867848,,,2.0,95.0,2-95,57.74650854534767,,,mask_ge_0.70_abs_b_gt_40deg,0.7,40.0,abs_b_gt_40deg
NILC,0.2452467331421061,0.2440134115998933,0.0012333215422128,10.523917850572364,10.47099410954105,0.0529237410313161,0.969460655422955,0.9697718176285496,0.7843360900878906,I_STOKES,K_CMB_to_uK,,,TMASK,COM_CMB_IQU-nilc_2048_R3.00_full.fits,,Mask ladder bands,mask_sky_fraction_bandlimited,cptg_cmb_mask_ladder_bands,NILC | 2-30 | mask_ge_0.80_no_galactic_cut | no_galactic_cut,True,False,0.0529237410313161,0.0012333215422128,,,2.0,30.0,2-30,42.9115516269665,,,mask_ge_0.80_no_galactic_cut,0.8,-1.0,no_galactic_cut
NILC,0.2367087410800792,0.2356113162654735,0.0010974248146056,11.078045335469495,11.026685500623524,0.0513598348459716,0.9715805880313676,0.9718473007730108,0.7843360900878906,I_STOKES,K_CMB_to_uK,,,TMASK,COM_CMB_IQU-nilc_2048_R3.00_full.fits,,Mask ladder bands,mask_sky_fraction_bandlimited,cptg_cmb_mask_ladder_bands,NILC | 2-40 | mask_ge_0.80_no_galactic_cut | no_galactic_cut,True,False,0.0513598348459716,0.0010974248146056,,,2.0,40.0,2-40,46.80032213817471,,,mask_ge_0.80_no_galactic_cut,0.8,-1.0,no_galactic_cut
NILC,0.2161308165349429,0.2152888879202975,0.0008419286146454,11.571096605076418,11.526021879080249,0.0450747259961712,0.9763643703580211,0.9765503617176372,0.7843360900878906,I_STOKES,K_CMB_to_uK,,,TMASK,COM_CMB_IQU-nilc_2048_R3.00_full.fits,,Mask ladder bands,mask_sky_fraction_bandlimited,cptg_cmb_mask_ladder_bands,NILC | 2-64 | mask_ge_0.80_no_galactic_cut | no_galactic_cut,True,False,0.0450747259961712,0.0008419286146454,,,2.0,64.0,2-64,53.53746768085549,,,mask_ge_0.80_no_galactic_cut,0.8,-1.0,no_galactic_cut
NILC,0.196878849369072,0.1963119601261476,0.0005668892429243,11.943226962929808,11.908837860632705,0.0343891022971032,0.9804278191505648,0.9805414852329152,0.7843360900878906,I_STOKES,K_CMB_to_uK,,,TMASK,COM_CMB_IQU-nilc_2048_R3.00_full.fits,,Mask ladder bands,mask_sky_fraction_bandlimited,cptg_cmb_mask_ladder_bands,NILC | 2-95 | mask_ge_0.80_no_galactic_cut | no_galactic_cut,True,False,0.0343891022971032,0.0005668892429243,,,2.0,95.0,2-95,60.66282386962176,,,mask_ge_0.80_no_galactic_cut,0.8,-1.0,no_galactic_cut
NILC,0.2515835219135656,0.2502938840595411,0.0012896378540245,10.641763878149623,10.587213320042853,0.054550558106774,0.9678355847099686,0.9681699020622532,0.7682940165201823,I_STOKES,K_CMB_to_uK,,,TMASK,COM_CMB_IQU-nilc_2048_R3.00_full.fits,,Mask ladder bands,mask_sky_fraction_bandlimited,cptg_cmb_mask_ladder_bands,NILC | 2-30 | mask_ge_0.80_abs_b_gt_10deg | abs_b_gt_10deg,True,False,0.054550558106774,0.0012896378540245,,,2.0,30.0,2-30,42.29912912104682,,,mask_ge_0.80_abs_b_gt_10deg,0.8,10.0,abs_b_gt_10deg
NILC,0.2434408437096249,0.2422953454706954,0.0011454982389294,11.250836166261262,11.197895941364948,0.0529402248963144,0.9699157116184208,0.9702025037236855,0.7682940165201823,I_STOKES,K_CMB_to_uK,,,TMASK,COM_CMB_IQU-nilc_2048_R3.00_full.fits,,Mask ladder bands,mask_sky_fraction_bandlimited,cptg_cmb_mask_ladder_bands,NILC | 2-40 | mask_ge_0.80_abs_b_gt_10deg | abs_b_gt_10deg,True,False,0.0529402248963144,0.0011454982389294,,,2.0,40.0,2-40,46.215893745756176,,,mask_ge_0.80_abs_b_gt_10deg,0.8,10.0,abs_b_gt_10deg
NILC,0.2229748913636639,0.2221063800440524,0.0008685113196115,11.82941453330413,11.783337684185744,0.0460768491183856,0.9748241817389572,0.9750224323176996,0.7682940165201823,I_STOKES,K_CMB_to_uK,,,TMASK,COM_CMB_IQU-nilc_2048_R3.00_full.fits,,Mask ladder bands,mask_sky_fraction_bandlimited,cptg_cmb_mask_ladder_bands,NILC | 2-64 | mask_ge_0.80_abs_b_gt_10deg | abs_b_gt_10deg,True,False,0.0460768491183856,0.0008685113196115,,,2.0,64.0,2-64,53.05267539747685,,,mask_ge_0.80_abs_b_gt_10deg,0.8,10.0,abs_b_gt_10deg
NILC,0.2030968341219586,0.202516532653411,0.0005803014685476,12.223791620376629,12.18886500884577,0.0349266115308584,0.9791586563382854,0.9792788429881591,0.7682940165201823,I_STOKES,K_CMB_to_uK,,,TMASK,COM_CMB_IQU-nilc_2048_R3.00_full.fits,,Mask ladder bands,mask_sky_fraction_bandlimited,cptg_cmb_mask_ladder_bands,NILC | 2-95 | mask_ge_0.80_abs_b_gt_10deg | abs_b_gt_10deg,True,False,0.0349266115308584,0.0005803014685476,,,2.0,95.0,2-95,60.18701213745313,,,mask_ge_0.80_abs_b_gt_10deg,0.8,10.0,abs_b_gt_10deg
NILC,0.2668780455392553,0.2655408200501147,0.0013372254891406,10.99243514101159,10.937356183772586,0.0550789572390044,0.9637301776266752,0.9640994875430328,0.6437759399414062,I_STOKES,K_CMB_to_uK,,,TMASK,COM_CMB_IQU-nilc_2048_R3.00_full.fits,,Mask ladder bands,mask_sky_fraction_bandlimited,cptg_cmb_mask_ladder_bands,NILC | 2-30 | mask_ge_0.80_abs_b_gt_20deg | abs_b_gt_20deg,True,False,0.0550789572390044,0.0013372254891406,,,2.0,30.0,2-30,41.18898247624757,,,mask_ge_0.80_abs_b_gt_20deg,0.8,20.0,abs_b_gt_20deg
NILC,0.2562539608087048,0.2550599361073001,0.0011940247014046,11.536395915522355,11.48264165687657,0.0537542586457853,0.9666094463924436,0.9669252008687726,0.6437759399414062,I_STOKES,K_CMB_to_uK,,,TMASK,COM_CMB_IQU-nilc_2048_R3.00_full.fits,,Mask ladder bands,mask_sky_fraction_bandlimited,cptg_cmb_mask_ladder_bands,NILC | 2-40 | mask_ge_0.80_abs_b_gt_20deg | abs_b_gt_20deg,True,False,0.0537542586457853,0.0011940247014046,,,2.0,40.0,2-40,45.01938576525787,,,mask_ge_0.80_abs_b_gt_20deg,0.8,20.0,abs_b_gt_20deg
NILC,0.2361158093590434,0.2352466743806117,0.0008691349784317,12.30865287545718,12.263345105594272,0.0453077698629087,0.9717248880209932,0.9719356645944948,0.6437759399414062,I_STOKES,K_CMB_to_uK,,,TMASK,COM_CMB_IQU-nilc_2048_R3.00_full.fits,,Mask ladder bands,mask_sky_fraction_bandlimited,cptg_cmb_mask_ladder_bands,NILC | 2-64 | mask_ge_0.80_abs_b_gt_20deg | abs_b_gt_20deg,True,False,0.0453077698629087,0.0008691349784317,,,2.0,64.0,2-64,52.129727818184094,,,mask_ge_0.80_abs_b_gt_20deg,0.8,20.0,abs_b_gt_20deg
NILC,0.2153145700977331,0.2147454632429434,0.0005691068547896,12.771586784520142,12.737829674714186,0.0337571098059559,0.976544736672404,0.9766700430058796,0.6437759399414062,I_STOKES,K_CMB_to_uK,,,TMASK,COM_CMB_IQU-nilc_2048_R3.00_full.fits,,Mask ladder bands,mask_sky_fraction_bandlimited,cptg_cmb_mask_ladder_bands,NILC | 2-95 | mask_ge_0.80_abs_b_gt_20deg | abs_b_gt_20deg,True,False,0.0337571098059559,0.0005691068547896,,,2.0,95.0,2-95,59.31594308143202,,,mask_ge_0.80_abs_b_gt_20deg,0.8,20.0,abs_b_gt_20deg
NILC,0.2596995549739863,0.2583503713942953,0.0013491835796909,10.23822688298897,10.185037544266144,0.0531893387228272,0.9656891365344348,0.96605096109465,0.496222178141276,I_STOKES,K_CMB_to_uK,,,TMASK,COM_CMB_IQU-nilc_2048_R3.00_full.fits,,Mask ladder bands,mask_sky_fraction_bandlimited,cptg_cmb_mask_ladder_bands,NILC | 2-30 | mask_ge_0.80_abs_b_gt_30deg | abs_b_gt_30deg,True,False,0.0531893387228272,0.0013491835796909,,,2.0,30.0,2-30,39.423351665021215,,,mask_ge_0.80_abs_b_gt_30deg,0.8,30.0,abs_b_gt_30deg
NILC,0.2523155167542882,0.2511395962591131,0.0011759204951751,10.966880082379037,10.91576876261999,0.0511113197590447,0.9676449139428152,0.9679507758816774,0.496222178141276,I_STOKES,K_CMB_to_uK,,,TMASK,COM_CMB_IQU-nilc_2048_R3.00_full.fits,,Mask ladder bands,mask_sky_fraction_bandlimited,cptg_cmb_mask_ladder_bands,NILC | 2-40 | mask_ge_0.80_abs_b_gt_30deg | abs_b_gt_30deg,True,False,0.0511113197590447,0.0011759204951751,,,2.0,40.0,2-40,43.464945095148,,,mask_ge_0.80_abs_b_gt_30deg,0.8,30.0,abs_b_gt_30deg
NILC,0.2353338863982781,0.2345345863869675,0.0007993000113105,11.963903034001849,11.923268223704223,0.0406348102976235,0.9719145576070272,0.9721077479037508,0.496222178141276,I_STOKES,K_CMB_to_uK,,,TMASK,COM_CMB_IQU-nilc_2048_R3.00_full.fits,,Mask ladder bands,mask_sky_fraction_bandlimited,cptg_cmb_mask_ladder_bands,NILC | 2-64 | mask_ge_0.80_abs_b_gt_30deg | abs_b_gt_30deg,True,False,0.0406348102976235,0.0007993000113105,,,2.0,64.0,2-64,50.83799539924389,,,mask_ge_0.80_abs_b_gt_30deg,0.8,30.0,abs_b_gt_30deg
NILC,0.2154715042536153,0.2150109753483558,0.0004605289052595,12.549509960804084,12.522687796528524,0.0268221642755612,0.9765101201765394,0.9766116241888518,0.496222178141276,I_STOKES,K_CMB_to_uK,,,TMASK,COM_CMB_IQU-nilc_2048_R3.00_full.fits,,Mask ladder bands,mask_sky_fraction_bandlimited,cptg_cmb_mask_ladder_bands,NILC | 2-95 | mask_ge_0.80_abs_b_gt_30deg | abs_b_gt_30deg,True,False,0.0268221642755612,0.0004605289052595,,,2.0,95.0,2-95,58.24208636903094,,,mask_ge_0.80_abs_b_gt_30deg,0.8,30.0,abs_b_gt_30deg
NILC,0.2284072942064356,0.2272273168058546,0.001179977400581,8.861306494014743,8.81552800240007,0.0457784916146728,0.9735648884310484,0.97384097580279,0.3577728271484375,I_STOKES,K_CMB_to_uK,,,TMASK,COM_CMB_IQU-nilc_2048_R3.00_full.fits,,Mask ladder bands,mask_sky_fraction_bandlimited,cptg_cmb_mask_ladder_bands,NILC | 2-30 | mask_ge_0.80_abs_b_gt_40deg | abs_b_gt_40deg,True,False,0.0457784916146728,0.001179977400581,,,2.0,30.0,2-30,38.79607490120631,,,mask_ge_0.80_abs_b_gt_40deg,0.8,40.0,abs_b_gt_40deg
NILC,0.2233714491759284,0.2223651250315706,0.0010063241443578,9.511511336502927,9.468660454966509,0.0428508815364185,0.9747331903673716,0.974963256490204,0.3577728271484375,I_STOKES,K_CMB_to_uK,,,TMASK,COM_CMB_IQU-nilc_2048_R3.00_full.fits,,Mask ladder bands,mask_sky_fraction_bandlimited,cptg_cmb_mask_ladder_bands,NILC | 2-40 | mask_ge_0.80_abs_b_gt_40deg | abs_b_gt_40deg,True,False,0.0428508815364185,0.0010063241443578,,,2.0,40.0,2-40,42.58158941795473,,,mask_ge_0.80_abs_b_gt_40deg,0.8,40.0,abs_b_gt_40deg
NILC,0.2138853979477067,0.2133093114890379,0.0005760864586688,10.750497326128214,10.721541558259236,0.0289557678689789,0.9768586521792136,0.9769846101938072,0.3577728271484375,I_STOKES,K_CMB_to_uK,,,TMASK,COM_CMB_IQU-nilc_2048_R3.00_full.fits,,Mask ladder bands,mask_sky_fraction_bandlimited,cptg_cmb_mask_ladder_bands,NILC | 2-64 | mask_ge_0.80_abs_b_gt_40deg | abs_b_gt_40deg,True,False,0.0289557678689789,0.0005760864586688,,,2.0,64.0,2-64,50.26288577566489,,,mask_ge_0.80_abs_b_gt_40deg,0.8,40.0,abs_b_gt_40deg
NILC,0.1967512395371406,0.1965130065458722,0.0002382329912683,11.361327577795258,11.347570901801728,0.0137566759935303,0.9804534254537468,0.9805012024851965,0.3577728271484375,I_STOKES,K_CMB_to_uK,,,TMASK,COM_CMB_IQU-nilc_2048_R3.00_full.fits,,Mask ladder bands,mask_sky_fraction_bandlimited,cptg_cmb_mask_ladder_bands,NILC | 2-95 | mask_ge_0.80_abs_b_gt_40deg | abs_b_gt_40deg,True,False,0.0137566759935303,0.0002382329912683,,,2.0,95.0,2-95,57.74463024742768,,,mask_ge_0.80_abs_b_gt_40deg,0.8,40.0,abs_b_gt_40deg
NILC,0.2454575195056634,0.2442227336264821,0.0012347858791813,10.527216377103178,10.474258707866918,0.0529576692362603,0.9694073074683796,0.969719123675113,0.7835426330566406,I_STOKES,K_CMB_to_uK,,,TMASK,COM_CMB_IQU-nilc_2048_R3.00_full.fits,,Mask ladder bands,mask_sky_fraction_bandlimited,cptg_cmb_mask_ladder_bands,NILC | 2-30 | mask_ge_0.90_no_galactic_cut | no_galactic_cut,True,False,0.0529576692362603,0.0012347858791813,,,2.0,30.0,2-30,42.88813965978452,,,mask_ge_0.90_no_galactic_cut,0.9,-1.0,no_galactic_cut
NILC,0.2369104448133015,0.2358117498651863,0.0010986949481151,11.08216437629453,11.03076977432157,0.0513946019729605,0.9715314183647736,0.971798680639174,0.7835426330566406,I_STOKES,K_CMB_to_uK,,,TMASK,COM_CMB_IQU-nilc_2048_R3.00_full.fits,,Mask ladder bands,mask_sky_fraction_bandlimited,cptg_cmb_mask_ladder_bands,NILC | 2-40 | mask_ge_0.90_no_galactic_cut | no_galactic_cut,True,False,0.0513946019729605,0.0010986949481151,,,2.0,40.0,2-40,46.7778631922619,,,mask_ge_0.90_no_galactic_cut,0.9,-1.0,no_galactic_cut
NILC,0.2163010057642826,0.2154580678481764,0.0008429379161061,11.575288913125284,11.53017932207054,0.0451095910547447,0.9763266770913452,0.97651304508908,0.7835426330566406,I_STOKES,K_CMB_to_uK,,,TMASK,COM_CMB_IQU-nilc_2048_R3.00_full.fits,,Mask ladder bands,mask_sky_fraction_bandlimited,cptg_cmb_mask_ladder_bands,NILC | 2-64 | mask_ge_0.90_no_galactic_cut | no_galactic_cut,True,False,0.0451095910547447,0.0008429379161061,,,2.0,64.0,2-64,53.51472533484026,,,mask_ge_0.90_no_galactic_cut,0.9,-1.0,no_galactic_cut
NILC,0.1970236686297702,0.1964565900859724,0.0005670785437978,11.948501855073978,11.914111372551428,0.03439048252255,0.980398725668874,0.9805125167881934,0.7835426330566406,I_STOKES,K_CMB_to_uK,,,TMASK,COM_CMB_IQU-nilc_2048_R3.00_full.fits,,Mask ladder bands,mask_sky_fraction_bandlimited,cptg_cmb_mask_ladder_bands,NILC | 2-95 | mask_ge_0.90_no_galactic_cut | no_galactic_cut,True,False,0.03439048252255,0.0005670785437978,,,2.0,95.0,2-95,60.64500746621749,,,mask_ge_0.90_no_galactic_cut,0.9,-1.0,no_galactic_cut
NILC,0.2516613393099318,0.2503707200388003,0.0012906192711315,10.641268884206651,10.586696232209691,0.0545726519969615,0.9678153529604956,0.9681500347612676,0.7677357991536459,I_STOKES,K_CMB_to_uK,,,TMASK,COM_CMB_IQU-nilc_2048_R3.00_full.fits,,Mask ladder bands,mask_sky_fraction_bandlimited,cptg_cmb_mask_ladder_bands,NILC | 2-30 | mask_ge_0.90_abs_b_gt_10deg | abs_b_gt_10deg,True,False,0.0545726519969615,0.0012906192711315,,,2.0,30.0,2-30,42.28408270171951,,,mask_ge_0.90_abs_b_gt_10deg,0.9,10.0,abs_b_gt_10deg
NILC,0.2435039282621826,0.2423575830707973,0.0011463451913852,11.250400611607647,11.197437019872943,0.0529635917347022,0.9698998717239588,0.9701869546066332,0.7677357991536459,I_STOKES,K_CMB_to_uK,,,TMASK,COM_CMB_IQU-nilc_2048_R3.00_full.fits,,Mask ladder bands,mask_sky_fraction_bandlimited,cptg_cmb_mask_ladder_bands,NILC | 2-40 | mask_ge_0.90_abs_b_gt_10deg | abs_b_gt_10deg,True,False,0.0529635917347022,0.0011463451913852,,,2.0,40.0,2-40,46.20213189946674,,,mask_ge_0.90_abs_b_gt_10deg,0.9,10.0,abs_b_gt_10deg
NILC,0.223031020329802,0.2221619490809532,0.0008690712488488,11.829475895227915,11.783380704638327,0.0460951905895878,0.974811339693421,0.975009770478762,0.7677357991536459,I_STOKES,K_CMB_to_uK,,,TMASK,COM_CMB_IQU-nilc_2048_R3.00_full.fits,,Mask ladder bands,mask_sky_fraction_bandlimited,cptg_cmb_mask_ladder_bands,NILC | 2-64 | mask_ge_0.90_abs_b_gt_10deg | abs_b_gt_10deg,True,False,0.0460951905895878,0.0008690712488488,,,2.0,64.0,2-64,53.03959905548271,,,mask_ge_0.90_abs_b_gt_10deg,0.9,10.0,abs_b_gt_10deg
NILC,0.2031439305612754,0.2025635813287504,0.0005803492325249,12.22486691481633,12.18994245454754,0.0349244602687903,0.9791488857352124,0.9792691113769522,0.7677357991536459,I_STOKES,K_CMB_to_uK,,,TMASK,COM_CMB_IQU-nilc_2048_R3.00_full.fits,,Mask ladder bands,mask_sky_fraction_bandlimited,cptg_cmb_mask_ladder_bands,NILC | 2-95 | mask_ge_0.90_abs_b_gt_10deg | abs_b_gt_10deg,True,False,0.0349244602687903,0.0005803492325249,,,2.0,95.0,2-95,60.17835177767655,,,mask_ge_0.90_abs_b_gt_10deg,0.9,10.0,abs_b_gt_10deg
NILC,0.2670273537701874,0.2656895380958635,0.0013378156743238,10.994741353357666,10.939657343760963,0.0550840095967011,0.9636888047623934,0.964058500418941,0.6435038248697916,I_STOKES,K_CMB_to_uK,,,TMASK,COM_CMB_IQU-nilc_2048_R3.00_full.fits,,Mask ladder bands,mask_sky_fraction_bandlimited,cptg_cmb_mask_ladder_bands,NILC | 2-30 | mask_ge_0.90_abs_b_gt_20deg | abs_b_gt_20deg,True,False,0.0550840095967011,0.0013378156743238,,,2.0,30.0,2-30,41.17458828888409,,,mask_ge_0.90_abs_b_gt_20deg,0.9,20.0,abs_b_gt_20deg
NILC,0.2563970597026617,0.2552025683030869,0.0011944913995748,11.539282118561449,11.485523416086956,0.0537587024744912,0.9665714889866786,0.966887555845346,0.6435038248697916,I_STOKES,K_CMB_to_uK,,,TMASK,COM_CMB_IQU-nilc_2048_R3.00_full.fits,,Mask ladder bands,mask_sky_fraction_bandlimited,cptg_cmb_mask_ladder_bands,NILC | 2-40 | mask_ge_0.90_abs_b_gt_20deg | abs_b_gt_20deg,True,False,0.0537587024744912,0.0011944913995748,,,2.0,40.0,2-40,45.00551656849461,,,mask_ge_0.90_abs_b_gt_20deg,0.9,20.0,abs_b_gt_20deg
NILC,0.2362445586703108,0.2353750743822776,0.0008694842880331,12.31201786334384,12.266704201321678,0.0453136620221616,0.9716935882018516,0.9719045713417394,0.6435038248697916,I_STOKES,K_CMB_to_uK,,,TMASK,COM_CMB_IQU-nilc_2048_R3.00_full.fits,,Mask ladder bands,mask_sky_fraction_bandlimited,cptg_cmb_mask_ladder_bands,NILC | 2-64 | mask_ge_0.90_abs_b_gt_20deg | abs_b_gt_20deg,True,False,0.0453136620221616,0.0008694842880331,,,2.0,64.0,2-64,52.11556165628253,,,mask_ge_0.90_abs_b_gt_20deg,0.9,20.0,abs_b_gt_20deg
NILC,0.2154311678186729,0.214862094333648,0.0005690734850249,12.77603876537042,12.742290144042132,0.0337486213282876,0.976519018916048,0.976644389163242,0.6435038248697916,I_STOKES,K_CMB_to_uK,,,TMASK,COM_CMB_IQU-nilc_2048_R3.00_full.fits,,Mask ladder bands,mask_sky_fraction_bandlimited,cptg_cmb_mask_ladder_bands,NILC | 2-95 | mask_ge_0.90_abs_b_gt_20deg | abs_b_gt_20deg,True,False,0.0337486213282876,0.0005690734850249,,,2.0,95.0,2-95,59.30450498288126,,,mask_ge_0.90_abs_b_gt_20deg,0.9,20.0,abs_b_gt_20deg
NILC,0.2597155981809265,0.258366328497712,0.0013492696832144,10.237886792756369,10.184699112207332,0.0531876805490334,0.965684822917584,0.9660466945174904,0.4961077372233073,I_STOKES,K_CMB_to_uK,,,TMASK,COM_CMB_IQU-nilc_2048_R3.00_full.fits,,Mask ladder bands,mask_sky_fraction_bandlimited,cptg_cmb_mask_ladder_bands,NILC | 2-30 | mask_ge_0.90_abs_b_gt_30deg | abs_b_gt_30deg,True,False,0.0531876805490334,0.0013492696832144,,,2.0,30.0,2-30,39.4196069256661,,,mask_ge_0.90_abs_b_gt_30deg,0.9,30.0,abs_b_gt_30deg
NILC,0.2523369900253661,0.2511611038842535,0.0011758861411125,10.967211665372556,10.916104642963104,0.051107022409452,0.9676393125571038,0.9679451934567064,0.4961077372233073,I_STOKES,K_CMB_to_uK,,,TMASK,COM_CMB_IQU-nilc_2048_R3.00_full.fits,,Mask ladder bands,mask_sky_fraction_bandlimited,cptg_cmb_mask_ladder_bands,NILC | 2-40 | mask_ge_0.90_abs_b_gt_30deg | abs_b_gt_30deg,True,False,0.051107022409452,0.0011758861411125,,,2.0,40.0,2-40,43.46256038113983,,,mask_ge_0.90_abs_b_gt_30deg,0.9,30.0,abs_b_gt_30deg
NILC,0.2353494344607134,0.2345501643448779,0.0007992701158355,11.964034266717062,11.923403214952987,0.0406310517640751,0.971910791786512,0.9721039884091692,0.4961077372233073,I_STOKES,K_CMB_to_uK,,,TMASK,COM_CMB_IQU-nilc_2048_R3.00_full.fits,,Mask ladder bands,mask_sky_fraction_bandlimited,cptg_cmb_mask_ladder_bands,NILC | 2-64 | mask_ge_0.90_abs_b_gt_30deg | abs_b_gt_30deg,True,False,0.0406310517640751,0.0007992701158355,,,2.0,64.0,2-64,50.835194459386734,,,mask_ge_0.90_abs_b_gt_30deg,0.9,30.0,abs_b_gt_30deg
NILC,0.2154819516328185,0.2150213195926672,0.0004606320401513,12.549388742141202,12.522562130932506,0.0268266112086958,0.9765078146845892,0.9766093465711588,0.4961077372233073,I_STOKES,K_CMB_to_uK,,,TMASK,COM_CMB_IQU-nilc_2048_R3.00_full.fits,,Mask ladder bands,mask_sky_fraction_bandlimited,cptg_cmb_mask_ladder_bands,NILC | 2-95 | mask_ge_0.90_abs_b_gt_30deg | abs_b_gt_30deg,True,False,0.0268266112086958,0.0004606320401513,,,2.0,95.0,2-95,58.23870002590924,,,mask_ge_0.90_abs_b_gt_30deg,0.9,30.0,abs_b_gt_30deg
NILC,0.2283943349661499,0.227214399281636,0.0011799356845138,8.860607979727634,8.814832117803045,0.0457758619245893,0.973567933537102,0.9738439945604658,0.3577562967936198,I_STOKES,K_CMB_to_uK,,,TMASK,COM_CMB_IQU-nilc_2048_R3.00_full.fits,,Mask ladder bands,mask_sky_fraction_bandlimited,cptg_cmb_mask_ladder_bands,NILC | 2-30 | mask_ge_0.90_abs_b_gt_40deg | abs_b_gt_40deg,True,False,0.0457758619245893,0.0011799356845138,,,2.0,30.0,2-30,38.795217845665285,,,mask_ge_0.90_abs_b_gt_40deg,0.9,40.0,abs_b_gt_40deg
NILC,0.2233628158242299,0.2223565807873262,0.0010062350369036,9.51108381056907,9.468236993233758,0.0428468173353131,0.9747351702620496,0.9749652066706604,0.3577562967936198,I_STOKES,K_CMB_to_uK,,,TMASK,COM_CMB_IQU-nilc_2048_R3.00_full.fits,,Mask ladder bands,mask_sky_fraction_bandlimited,cptg_cmb_mask_ladder_bands,NILC | 2-40 | mask_ge_0.90_abs_b_gt_40deg | abs_b_gt_40deg,True,False,0.0428468173353131,0.0010062350369036,,,2.0,40.0,2-40,42.58132122606115,,,mask_ge_0.90_abs_b_gt_40deg,0.9,40.0,abs_b_gt_40deg
NILC,0.213868312034105,0.2132922048917095,0.0005761071423954,10.74933177038032,10.720375789244104,0.0289559811362174,0.9768623945566598,0.9769883465213663,0.3577562967936198,I_STOKES,K_CMB_to_uK,,,TMASK,COM_CMB_IQU-nilc_2048_R3.00_full.fits,,Mask ladder bands,mask_sky_fraction_bandlimited,cptg_cmb_mask_ladder_bands,NILC | 2-64 | mask_ge_0.90_abs_b_gt_40deg | abs_b_gt_40deg,True,False,0.0289559811362174,0.0005761071423954,,,2.0,64.0,2-64,50.26145139568949,,,mask_ge_0.90_abs_b_gt_40deg,0.9,40.0,abs_b_gt_40deg
NILC,0.1967319030903204,0.196493484105,0.0002384189853203,11.359600675464671,11.345833998966627,0.0137666764980437,0.9804573061964316,0.9805051156124106,0.3577562967936198,I_STOKES,K_CMB_to_uK,,,TMASK,COM_CMB_IQU-nilc_2048_R3.00_full.fits,,Mask ladder bands,mask_sky_fraction_bandlimited,cptg_cmb_mask_ladder_bands,NILC | 2-95 | mask_ge_0.90_abs_b_gt_40deg | abs_b_gt_40deg,True,False,0.0137666764980437,0.0002384189853203,,,2.0,95.0,2-95,57.7415279221359,,,mask_ge_0.90_abs_b_gt_40deg,0.9,40.0,abs_b_gt_40deg
NILC,0.2455672889672833,0.2443317033801103,0.0012355855871729,10.527203825312425,10.474235608843165,0.0529682164692602,0.9693795062458186,0.969691672678024,0.7829602559407552,I_STOKES,K_CMB_to_uK,,,TMASK,COM_CMB_IQU-nilc_2048_R3.00_full.fits,,Mask ladder bands,mask_sky_fraction_bandlimited,cptg_cmb_mask_ladder_bands,NILC | 2-30 | mask_ge_0.95_no_galactic_cut | no_galactic_cut,True,False,0.0529682164692602,0.0012355855871729,,,2.0,30.0,2-30,42.868917393614886,,,mask_ge_0.95_no_galactic_cut,0.95,-1.0,no_galactic_cut
NILC,0.2370085003786532,0.2359090748044346,0.0010994255742186,11.081832567758388,11.03042660504086,0.0514059627175296,0.9715075010314757,0.9717750581231188,0.7829602559407552,I_STOKES,K_CMB_to_uK,,,TMASK,COM_CMB_IQU-nilc_2048_R3.00_full.fits,,Mask ladder bands,mask_sky_fraction_bandlimited,cptg_cmb_mask_ladder_bands,NILC | 2-40 | mask_ge_0.95_no_galactic_cut | no_galactic_cut,True,False,0.0514059627175296,0.0010994255742186,,,2.0,40.0,2-40,46.75711018825762,,,mask_ge_0.95_no_galactic_cut,0.95,-1.0,no_galactic_cut
NILC,0.216375736334928,0.2155322031471979,0.0008435331877301,11.574818234701103,11.529694213457796,0.0451240212433106,0.9763101164844016,0.9764966835514488,0.7829602559407552,I_STOKES,K_CMB_to_uK,,,TMASK,COM_CMB_IQU-nilc_2048_R3.00_full.fits,,Mask ladder bands,mask_sky_fraction_bandlimited,cptg_cmb_mask_ladder_bands,NILC | 2-64 | mask_ge_0.95_no_galactic_cut | no_galactic_cut,True,False,0.0451240212433106,0.0008435331877301,,,2.0,64.0,2-64,53.49406745303661,,,mask_ge_0.95_no_galactic_cut,0.95,-1.0,no_galactic_cut
NILC,0.1971029795272133,0.1965361612754249,0.0005668182517883,11.949895281045864,11.915530408589325,0.0343648724565408,0.9803827837499988,0.980496570415454,0.7829602559407552,I_STOKES,K_CMB_to_uK,,,TMASK,COM_CMB_IQU-nilc_2048_R3.00_full.fits,,Mask ladder bands,mask_sky_fraction_bandlimited,cptg_cmb_mask_ladder_bands,NILC | 2-95 | mask_ge_0.95_no_galactic_cut | no_galactic_cut,True,False,0.0343648724565408,0.0005668182517883,,,2.0,95.0,2-95,60.6276744761029,,,mask_ge_0.95_no_galactic_cut,0.95,-1.0,no_galactic_cut
NILC,0.2517637920958045,0.2504726231783327,0.0012911689174717,10.64179201268898,10.58721565379876,0.0545763588902197,0.96778870605703,0.9681236758583276,0.7673136393229166,I_STOKES,K_CMB_to_uK,,,TMASK,COM_CMB_IQU-nilc_2048_R3.00_full.fits,,Mask ladder bands,mask_sky_fraction_bandlimited,cptg_cmb_mask_ladder_bands,NILC | 2-30 | mask_ge_0.95_abs_b_gt_10deg | abs_b_gt_10deg,True,False,0.0545763588902197,0.0012911689174717,,,2.0,30.0,2-30,42.26895346666618,,,mask_ge_0.95_abs_b_gt_10deg,0.95,10.0,abs_b_gt_10deg
NILC,0.2435881275053833,0.2424412573908814,0.0011468701145018,11.250512446814009,11.1975423918683,0.0529700549457086,0.9698787267600952,0.9701660465843432,0.7673136393229166,I_STOKES,K_CMB_to_uK,,,TMASK,COM_CMB_IQU-nilc_2048_R3.00_full.fits,,Mask ladder bands,mask_sky_fraction_bandlimited,cptg_cmb_mask_ladder_bands,NILC | 2-40 | mask_ge_0.95_abs_b_gt_10deg | abs_b_gt_10deg,True,False,0.0529700549457086,0.0011468701145018,,,2.0,40.0,2-40,46.18662067824045,,,mask_ge_0.95_abs_b_gt_10deg,0.95,10.0,abs_b_gt_10deg
NILC,0.2231036546611791,0.222234195295336,0.000869459365843,11.82989796966622,11.783795562234506,0.0461024074317144,0.9747947177152178,0.9749933050985242,0.7673136393229166,I_STOKES,K_CMB_to_uK,,,TMASK,COM_CMB_IQU-nilc_2048_R3.00_full.fits,,Mask ladder bands,mask_sky_fraction_bandlimited,cptg_cmb_mask_ladder_bands,NILC | 2-64 | mask_ge_0.95_abs_b_gt_10deg | abs_b_gt_10deg,True,False,0.0461024074317144,0.000869459365843,,,2.0,64.0,2-64,53.02422314700283,,,mask_ge_0.95_abs_b_gt_10deg,0.95,10.0,abs_b_gt_10deg
NILC,0.2032209164737944,0.2026407978687613,0.000580118605033,12.227003365362837,12.192099910250407,0.0349034551124276,0.9791329101328088,0.9792531356376148,0.7673136393229166,I_STOKES,K_CMB_to_uK,,,TMASK,COM_CMB_IQU-nilc_2048_R3.00_full.fits,,Mask ladder bands,mask_sky_fraction_bandlimited,cptg_cmb_mask_ladder_bands,NILC | 2-95 | mask_ge_0.95_abs_b_gt_10deg | abs_b_gt_10deg,True,False,0.0349034551124276,0.000580118605033,,,2.0,95.0,2-95,60.16606743794269,,,mask_ge_0.95_abs_b_gt_10deg,0.95,10.0,abs_b_gt_10deg
NILC,0.2671610641706795,0.2658229741015173,0.0013380900691621,10.996788053604876,10.941710069345133,0.0550779842597464,0.9636517349318372,0.9640217061243608,0.6433054606119791,I_STOKES,K_CMB_to_uK,,,TMASK,COM_CMB_IQU-nilc_2048_R3.00_full.fits,,Mask ladder bands,mask_sky_fraction_bandlimited,cptg_cmb_mask_ladder_bands,NILC | 2-30 | mask_ge_0.95_abs_b_gt_20deg | abs_b_gt_20deg,True,False,0.0550779842597464,0.0013380900691621,,,2.0,30.0,2-30,41.1616419022026,,,mask_ge_0.95_abs_b_gt_20deg,0.95,20.0,abs_b_gt_20deg
NILC,0.2565293066477377,0.2553346188839016,0.001194687763836,11.54197737208675,11.488224998460918,0.0537523736258318,0.9665363907587066,0.9668526844075752,0.6433054606119791,I_STOKES,K_CMB_to_uK,,,TMASK,COM_CMB_IQU-nilc_2048_R3.00_full.fits,,Mask ladder bands,mask_sky_fraction_bandlimited,cptg_cmb_mask_ladder_bands,NILC | 2-40 | mask_ge_0.95_abs_b_gt_20deg | abs_b_gt_20deg,True,False,0.0537523736258318,0.001194687763836,,,2.0,40.0,2-40,44.99282176728457,,,mask_ge_0.95_abs_b_gt_20deg,0.95,20.0,abs_b_gt_20deg
NILC,0.2363559157980142,0.235486199711929,0.0008697160860851,12.314537197706448,12.269223539880798,0.0453136578256501,0.97166650108304,0.971877645940485,0.6433054606119791,I_STOKES,K_CMB_to_uK,,,TMASK,COM_CMB_IQU-nilc_2048_R3.00_full.fits,,Mask ladder bands,mask_sky_fraction_bandlimited,cptg_cmb_mask_ladder_bands,NILC | 2-64 | mask_ge_0.95_abs_b_gt_20deg | abs_b_gt_20deg,True,False,0.0453136578256501,0.0008697160860851,,,2.0,64.0,2-64,52.10166691249752,,,mask_ge_0.95_abs_b_gt_20deg,0.95,20.0,abs_b_gt_20deg
NILC,0.2155408898200858,0.2149719354431916,0.0005689543768942,12.77980107294569,12.746066760340971,0.033734312604718,0.976494804803372,0.9766202158848534,0.6433054606119791,I_STOKES,K_CMB_to_uK,,,TMASK,COM_CMB_IQU-nilc_2048_R3.00_full.fits,,Mask ladder bands,mask_sky_fraction_bandlimited,cptg_cmb_mask_ladder_bands,NILC | 2-95 | mask_ge_0.95_abs_b_gt_20deg | abs_b_gt_20deg,True,False,0.033734312604718,0.0005689543768942,,,2.0,95.0,2-95,59.29177096565353,,,mask_ge_0.95_abs_b_gt_20deg,0.95,20.0,abs_b_gt_20deg
NILC,0.2597984102776072,0.2584492085392736,0.0013492017383336,10.239773512752668,10.186595665325555,0.0531778474271114,0.9656625404619692,0.9660245179656984,0.4960072835286458,I_STOKES,K_CMB_to_uK,,,TMASK,COM_CMB_IQU-nilc_2048_R3.00_full.fits,,Mask ladder bands,mask_sky_fraction_bandlimited,cptg_cmb_mask_ladder_bands,NILC | 2-30 | mask_ge_0.95_abs_b_gt_30deg | abs_b_gt_30deg,True,False,0.0531778474271114,0.0013492017383336,,,2.0,30.0,2-30,39.41430396672162,,,mask_ge_0.95_abs_b_gt_30deg,0.95,30.0,abs_b_gt_30deg
NILC,0.2523995506804768,0.2512236252586684,0.0011759254218084,10.968400928354296,10.91729932594072,0.0511016024135759,0.9676229920500652,0.967928964341392,0.4960072835286458,I_STOKES,K_CMB_to_uK,,,TMASK,COM_CMB_IQU-nilc_2048_R3.00_full.fits,,Mask ladder bands,mask_sky_fraction_bandlimited,cptg_cmb_mask_ladder_bands,NILC | 2-40 | mask_ge_0.95_abs_b_gt_30deg | abs_b_gt_30deg,True,False,0.0511016024135759,0.0011759254218084,,,2.0,40.0,2-40,43.45649942237676,,,mask_ge_0.95_abs_b_gt_30deg,0.95,30.0,abs_b_gt_30deg
NILC,0.2354024483457854,0.2346031809244843,0.000799267421301,11.965423138142032,11.924796657986011,0.0406264801560212,0.9718979496479556,0.972091191783372,0.4960072835286458,I_STOKES,K_CMB_to_uK,,,TMASK,COM_CMB_IQU-nilc_2048_R3.00_full.fits,,Mask ladder bands,mask_sky_fraction_bandlimited,cptg_cmb_mask_ladder_bands,NILC | 2-64 | mask_ge_0.95_abs_b_gt_30deg | abs_b_gt_30deg,True,False,0.0406264801560212,0.000799267421301,,,2.0,64.0,2-64,50.82964609002657,,,mask_ge_0.95_abs_b_gt_30deg,0.95,30.0,abs_b_gt_30deg
NILC,0.2155277573725807,0.2150670441039181,0.0004607132686626,12.55058592397428,12.523757725438951,0.0268281985353269,0.976497705102898,0.9765992775368026,0.4960072835286458,I_STOKES,K_CMB_to_uK,,,TMASK,COM_CMB_IQU-nilc_2048_R3.00_full.fits,,Mask ladder bands,mask_sky_fraction_bandlimited,cptg_cmb_mask_ladder_bands,NILC | 2-95 | mask_ge_0.95_abs_b_gt_30deg | abs_b_gt_30deg,True,False,0.0268281985353269,0.0004607132686626,,,2.0,95.0,2-95,58.2318773088619,,,mask_ge_0.95_abs_b_gt_30deg,0.95,30.0,abs_b_gt_30deg
NILC,0.228383743468532,0.2272038948890428,0.0011798485794892,8.860053311436728,8.81428157149177,0.045771739944957,0.97357042033609,0.973846447477182,0.3577435811360677,I_STOKES,K_CMB_to_uK,,,TMASK,COM_CMB_IQU-nilc_2048_R3.00_full.fits,,Mask ladder bands,mask_sky_fraction_bandlimited,cptg_cmb_mask_ladder_bands,NILC | 2-30 | mask_ge_0.95_abs_b_gt_40deg | abs_b_gt_40deg,True,False,0.045771739944957,0.0011798485794892,,,2.0,30.0,2-30,38.79458834011763,,,mask_ge_0.95_abs_b_gt_40deg,0.95,40.0,abs_b_gt_40deg
NILC,0.2233497674237529,0.2223435872395657,0.0010061801841872,9.510350488140856,9.467506807056166,0.0428436810846886,0.9747381617195148,0.9749681714328988,0.3577435811360677,I_STOKES,K_CMB_to_uK,,,TMASK,COM_CMB_IQU-nilc_2048_R3.00_full.fits,,Mask ladder bands,mask_sky_fraction_bandlimited,cptg_cmb_mask_ladder_bands,NILC | 2-40 | mask_ge_0.95_abs_b_gt_40deg | abs_b_gt_40deg,True,False,0.0428436810846886,0.0010061801841872,,,2.0,40.0,2-40,42.58052559373044,,,mask_ge_0.95_abs_b_gt_40deg,0.95,40.0,abs_b_gt_40deg
NILC,0.213855947178005,0.2132799111002579,0.000576036077747,10.74853631624404,10.719584375543612,0.0289519407004252,0.9768651021129262,0.9769910309207164,0.3577435811360677,I_STOKES,K_CMB_to_uK,,,TMASK,COM_CMB_IQU-nilc_2048_R3.00_full.fits,,Mask ladder bands,mask_sky_fraction_bandlimited,cptg_cmb_mask_ladder_bands,NILC | 2-64 | mask_ge_0.95_abs_b_gt_40deg | abs_b_gt_40deg,True,False,0.0289519407004252,0.000576036077747,,,2.0,64.0,2-64,50.26063786431618,,,mask_ge_0.95_abs_b_gt_40deg,0.95,40.0,abs_b_gt_40deg
NILC,0.1967198507551709,0.1964814899169315,0.0002383608382393,11.358715970045052,11.344952879794883,0.0137630902501673,0.9804597248739606,0.9805075195884144,0.3577435811360677,I_STOKES,K_CMB_to_uK,,,TMASK,COM_CMB_IQU-nilc_2048_R3.00_full.fits,,Mask ladder bands,mask_sky_fraction_bandlimited,cptg_cmb_mask_ladder_bands,NILC | 2-95 | mask_ge_0.95_abs_b_gt_40deg | abs_b_gt_40deg,True,False,0.0137630902501673,0.0002383608382393,,,2.0,95.0,2-95,57.740568257047045,,,mask_ge_0.95_abs_b_gt_40deg,0.95,40.0,abs_b_gt_40deg
NILC,0.245835995948071,0.2445989237275017,0.0012370722205693,10.530298999818864,10.477309443441134,0.052989556377728,0.969311389271251,0.9696242951406424,0.7820383707682291,I_STOKES,K_CMB_to_uK,,,TMASK,COM_CMB_IQU-nilc_2048_R3.00_full.fits,,Mask ladder bands,mask_sky_fraction_bandlimited,cptg_cmb_mask_ladder_bands,NILC | 2-30 | mask_ge_0.99_no_galactic_cut | no_galactic_cut,True,False,0.052989556377728,0.0012370722205693,,,2.0,30.0,2-30,42.834650634495446,,,mask_ge_0.99_no_galactic_cut,0.99,-1.0,no_galactic_cut
NILC,0.2372815120242765,0.2361810154500347,0.0011004965742417,11.086902686372484,11.035482336252429,0.0514203501200576,0.9714408468455348,0.9717089915904216,0.7820383707682291,I_STOKES,K_CMB_to_uK,,,TMASK,COM_CMB_IQU-nilc_2048_R3.00_full.fits,,Mask ladder bands,mask_sky_fraction_bandlimited,cptg_cmb_mask_ladder_bands,NILC | 2-40 | mask_ge_0.99_no_galactic_cut | no_galactic_cut,True,False,0.0514203501200576,0.0011004965742417,,,2.0,40.0,2-40,46.7246798614389,,,mask_ge_0.99_no_galactic_cut,0.99,-1.0,no_galactic_cut
NILC,0.2166253369253801,0.2157816593787903,0.0008436775465897,11.58286807811124,11.537756985100083,0.0451110930111546,0.9762547625970948,0.9764415877867592,0.7820383707682291,I_STOKES,K_CMB_to_uK,,,TMASK,COM_CMB_IQU-nilc_2048_R3.00_full.fits,,Mask ladder bands,mask_sky_fraction_bandlimited,cptg_cmb_mask_ladder_bands,NILC | 2-64 | mask_ge_0.99_no_galactic_cut | no_galactic_cut,True,False,0.0451110930111546,0.0008436775465897,,,2.0,64.0,2-64,53.46959059595663,,,mask_ge_0.99_no_galactic_cut,0.99,-1.0,no_galactic_cut
NILC,0.1973498900754559,0.196784128141278,0.0005657619341778,11.961426561946425,11.927135588565967,0.0342909733804557,0.9803331108495632,0.9804468340123969,0.7820383707682291,I_STOKES,K_CMB_to_uK,,,TMASK,COM_CMB_IQU-nilc_2048_R3.00_full.fits,,Mask ladder bands,mask_sky_fraction_bandlimited,cptg_cmb_mask_ladder_bands,NILC | 2-95 | mask_ge_0.99_no_galactic_cut | no_galactic_cut,True,False,0.0342909733804557,0.0005657619341778,,,2.0,95.0,2-95,60.61025196098676,,,mask_ge_0.99_no_galactic_cut,0.99,-1.0,no_galactic_cut
NILC,0.2517972457092456,0.2505052642294232,0.0012919814798224,10.63792186830544,10.583338276658376,0.0545835916470629,0.9677800021883528,0.9681152298788462,0.7666524251302084,I_STOKES,K_CMB_to_uK,,,TMASK,COM_CMB_IQU-nilc_2048_R3.00_full.fits,,Mask ladder bands,mask_sky_fraction_bandlimited,cptg_cmb_mask_ladder_bands,NILC | 2-30 | mask_ge_0.99_abs_b_gt_10deg | abs_b_gt_10deg,True,False,0.0545835916470629,0.0012919814798224,,,2.0,30.0,2-30,42.24796755953883,,,mask_ge_0.99_abs_b_gt_10deg,0.99,10.0,abs_b_gt_10deg
NILC,0.2436201741447113,0.2424727038086116,0.0011474703360996,11.247153780658008,11.194178794599626,0.0529749860583805,0.9698706757164304,0.9701581858408383,0.7666524251302084,I_STOKES,K_CMB_to_uK,,,TMASK,COM_CMB_IQU-nilc_2048_R3.00_full.fits,,Mask ladder bands,mask_sky_fraction_bandlimited,cptg_cmb_mask_ladder_bands,NILC | 2-40 | mask_ge_0.99_abs_b_gt_10deg | abs_b_gt_10deg,True,False,0.0529749860583805,0.0011474703360996,,,2.0,40.0,2-40,46.16675864445099,,,mask_ge_0.99_abs_b_gt_10deg,0.99,10.0,abs_b_gt_10deg
NILC,0.2231463453329635,0.2222768820710332,0.0008694632619302,11.828733426001984,11.782644169493082,0.0460892565089032,0.9747849458007348,0.9749835741344638,0.7666524251302084,I_STOKES,K_CMB_to_uK,,,TMASK,COM_CMB_IQU-nilc_2048_R3.00_full.fits,,Mask ladder bands,mask_sky_fraction_bandlimited,cptg_cmb_mask_ladder_bands,NILC | 2-64 | mask_ge_0.99_abs_b_gt_10deg | abs_b_gt_10deg,True,False,0.0460892565089032,0.0008694632619302,,,2.0,64.0,2-64,53.00886020943775,,,mask_ge_0.99_abs_b_gt_10deg,0.99,10.0,abs_b_gt_10deg
NILC,0.2032767831736609,0.2026977271136983,0.0005790560599625,12.22862574515771,12.19379117264926,0.0348345725084513,0.9791213132941632,0.9792413533781622,0.7666524251302084,I_STOKES,K_CMB_to_uK,,,TMASK,COM_CMB_IQU-nilc_2048_R3.00_full.fits,,Mask ladder bands,mask_sky_fraction_bandlimited,cptg_cmb_mask_ladder_bands,NILC | 2-95 | mask_ge_0.99_abs_b_gt_10deg | abs_b_gt_10deg,True,False,0.0348345725084513,0.0005790560599625,,,2.0,95.0,2-95,60.15751309243565,,,mask_ge_0.99_abs_b_gt_10deg,0.99,10.0,abs_b_gt_10deg
NILC,0.267390960654837,0.2660521226725309,0.0013388379823061,11.001016939690585,10.945934377113373,0.055082562577212,0.9635879563951432,0.9639584777427216,0.6430040995279948,I_STOKES,K_CMB_to_uK,,,TMASK,COM_CMB_IQU-nilc_2048_R3.00_full.fits,,Mask ladder bands,mask_sky_fraction_bandlimited,cptg_cmb_mask_ladder_bands,NILC | 2-30 | mask_ge_0.99_abs_b_gt_20deg | abs_b_gt_20deg,True,False,0.055082562577212,0.0013388379823061,,,2.0,30.0,2-30,41.14206745339945,,,mask_ge_0.99_abs_b_gt_20deg,0.99,20.0,abs_b_gt_20deg
NILC,0.2567599046685921,0.2555647099009798,0.0011951947676123,11.54778862576681,11.494034685638097,0.0537539401287148,0.966475150680869,0.966791883411962,0.6430040995279948,I_STOKES,K_CMB_to_uK,,,TMASK,COM_CMB_IQU-nilc_2048_R3.00_full.fits,,Mask ladder bands,mask_sky_fraction_bandlimited,cptg_cmb_mask_ladder_bands,NILC | 2-40 | mask_ge_0.99_abs_b_gt_20deg | abs_b_gt_20deg,True,False,0.0537539401287148,0.0011951947676123,,,2.0,40.0,2-40,44.9750463985874,,,mask_ge_0.99_abs_b_gt_20deg,0.99,20.0,abs_b_gt_20deg
NILC,0.2365757920323426,0.2357059212378173,0.0008698707945253,12.322325955068408,12.277017720540888,0.0453082345275195,0.97161298747547,0.971824378277063,0.6430040995279948,I_STOKES,K_CMB_to_uK,,,TMASK,COM_CMB_IQU-nilc_2048_R3.00_full.fits,,Mask ladder bands,mask_sky_fraction_bandlimited,cptg_cmb_mask_ladder_bands,NILC | 2-64 | mask_ge_0.99_abs_b_gt_20deg | abs_b_gt_20deg,True,False,0.0453082345275195,0.0008698707945253,,,2.0,64.0,2-64,52.08616591415154,,,mask_ge_0.99_abs_b_gt_20deg,0.99,20.0,abs_b_gt_20deg
NILC,0.2157538800077564,0.21518549361612,0.0005683863916363,12.790197923349526,12.756503166871884,0.0336947564776419,0.9764477669949684,0.9765731830532028,0.6430040995279948,I_STOKES,K_CMB_to_uK,,,TMASK,COM_CMB_IQU-nilc_2048_R3.00_full.fits,,Mask ladder bands,mask_sky_fraction_bandlimited,cptg_cmb_mask_ladder_bands,NILC | 2-95 | mask_ge_0.99_abs_b_gt_20deg | abs_b_gt_20deg,True,False,0.0336947564776419,0.0005683863916363,,,2.0,95.0,2-95,59.28142716548,,,mask_ge_0.99_abs_b_gt_20deg,0.99,20.0,abs_b_gt_20deg
NILC,0.2598092901770942,0.2584602471452534,0.0013490430318408,10.238054275543744,10.18489383709054,0.0531604384532045,0.9656596130952374,0.9660215644309168,0.4958890279134114,I_STOKES,K_CMB_to_uK,,,TMASK,COM_CMB_IQU-nilc_2048_R3.00_full.fits,,Mask ladder bands,mask_sky_fraction_bandlimited,cptg_cmb_mask_ladder_bands,NILC | 2-30 | mask_ge_0.99_abs_b_gt_30deg | abs_b_gt_30deg,True,False,0.0531604384532045,0.0013490430318408,,,2.0,30.0,2-30,39.40603612967482,,,mask_ge_0.99_abs_b_gt_30deg,0.99,30.0,abs_b_gt_30deg
NILC,0.2524101292377529,0.25123438087612,0.0011757483616329,10.966748412647052,10.91566434356651,0.0510840690805434,0.9676202325973028,0.967926172655164,0.4958890279134114,I_STOKES,K_CMB_to_uK,,,TMASK,COM_CMB_IQU-nilc_2048_R3.00_full.fits,,Mask ladder bands,mask_sky_fraction_bandlimited,cptg_cmb_mask_ladder_bands,NILC | 2-40 | mask_ge_0.99_abs_b_gt_30deg | abs_b_gt_30deg,True,False,0.0510840690805434,0.0011757483616329,,,2.0,40.0,2-40,43.44813120521456,,,mask_ge_0.99_abs_b_gt_30deg,0.99,30.0,abs_b_gt_30deg
NILC,0.2354274135672998,0.2346286727418758,0.000798740825424,11.965522323702348,11.924926578998509,0.0405957447038414,0.971891903288382,0.972085040044791,0.4958890279134114,I_STOKES,K_CMB_to_uK,,,TMASK,COM_CMB_IQU-nilc_2048_R3.00_full.fits,,Mask ladder bands,mask_sky_fraction_bandlimited,cptg_cmb_mask_ladder_bands,NILC | 2-64 | mask_ge_0.99_abs_b_gt_30deg | abs_b_gt_30deg,True,False,0.0405957447038414,0.000798740825424,,,2.0,64.0,2-64,50.82467730667166,,,mask_ge_0.99_abs_b_gt_30deg,0.99,30.0,abs_b_gt_30deg
NILC,0.2155639525397178,0.2151039103109692,0.0004600422287485,12.551630902500872,12.524844047895614,0.0267868546052572,0.9764897163423428,0.9765911588761602,0.4958890279134114,I_STOKES,K_CMB_to_uK,,,TMASK,COM_CMB_IQU-nilc_2048_R3.00_full.fits,,Mask ladder bands,mask_sky_fraction_bandlimited,cptg_cmb_mask_ladder_bands,NILC | 2-95 | mask_ge_0.99_abs_b_gt_30deg | abs_b_gt_30deg,True,False,0.0267868546052572,0.0004600422287485,,,2.0,95.0,2-95,58.22694729160816,,,mask_ge_0.99_abs_b_gt_30deg,0.99,30.0,abs_b_gt_30deg
NILC,0.2283871225888308,0.2272074151815733,0.0011797074072574,8.859815743388232,8.814051384430796,0.0457643589574363,0.9735696317246034,0.9738456302032278,0.3577206929524739,I_STOKES,K_CMB_to_uK,,,TMASK,COM_CMB_IQU-nilc_2048_R3.00_full.fits,,Mask ladder bands,mask_sky_fraction_bandlimited,cptg_cmb_mask_ladder_bands,NILC | 2-30 | mask_ge_0.99_abs_b_gt_40deg | abs_b_gt_40deg,True,False,0.0457643589574363,0.0011797074072574,,,2.0,30.0,2-30,38.79297415265706,,,mask_ge_0.99_abs_b_gt_40deg,0.99,40.0,abs_b_gt_40deg
NILC,0.2233427415256743,0.2223366213349098,0.0010061201907644,9.509527262086532,9.46668849635073,0.0428387657358015,0.974739775279312,0.9749697636468824,0.3577206929524739,I_STOKES,K_CMB_to_uK,,,TMASK,COM_CMB_IQU-nilc_2048_R3.00_full.fits,,Mask ladder bands,mask_sky_fraction_bandlimited,cptg_cmb_mask_ladder_bands,NILC | 2-40 | mask_ge_0.99_abs_b_gt_40deg | abs_b_gt_40deg,True,False,0.0428387657358015,0.0010061201907644,,,2.0,40.0,2-40,42.57817915695894,,,mask_ge_0.99_abs_b_gt_40deg,0.99,40.0,abs_b_gt_40deg
NILC,0.2138449377085137,0.2132689823924971,0.0005759553160166,10.747524075924725,10.718577430323116,0.0289466456016072,0.9768675153035054,0.9769934196630088,0.3577206929524739,I_STOKES,K_CMB_to_uK,,,TMASK,COM_CMB_IQU-nilc_2048_R3.00_full.fits,,Mask ladder bands,mask_sky_fraction_bandlimited,cptg_cmb_mask_ladder_bands,NILC | 2-64 | mask_ge_0.99_abs_b_gt_40deg | abs_b_gt_40deg,True,False,0.0289466456016072,0.0005759553160166,,,2.0,64.0,2-64,50.25849192920519,,,mask_ge_0.99_abs_b_gt_40deg,0.99,40.0,abs_b_gt_40deg
NILC,0.1967121893456076,0.1964739661880033,0.0002382231576043,11.357848355009107,11.344093729493924,0.013754625515185,0.9804612631976556,0.980509028383426,0.3577206929524739,I_STOKES,K_CMB_to_uK,,,TMASK,COM_CMB_IQU-nilc_2048_R3.00_full.fits,,Mask ladder bands,mask_sky_fraction_bandlimited,cptg_cmb_mask_ladder_bands,NILC | 2-95 | mask_ge_0.99_abs_b_gt_40deg | abs_b_gt_40deg,True,False,0.013754625515185,0.0002382231576043,,,2.0,95.0,2-95,57.73840651559358,,,mask_ge_0.99_abs_b_gt_40deg,0.99,40.0,abs_b_gt_40deg
SEVEM,0.2483170243382219,0.2471084029064412,0.0012086214317806,10.609167512280724,10.557530024827471,0.0516374874532505,0.9686785850934606,0.9689876095278964,0.8378855387369791,I_STOKES,K_CMB_to_uK,,,TMASK,COM_CMB_IQU-sevem_2048_R3.00_full.fits,,Mask ladder bands,mask_sky_fraction_bandlimited,cptg_cmb_mask_ladder_bands,SEVEM | 2-30 | mask_ge_0.50_no_galactic_cut | no_galactic_cut,True,False,0.0516374874532505,0.0012086214317806,,,2.0,30.0,2-30,42.72428578167252,,,mask_ge_0.50_no_galactic_cut,0.5,-1.0,no_galactic_cut
SEVEM,0.2387223319807676,0.2376432721738427,0.0010790598069249,11.133127623395604,11.08280426049908,0.0503233628965222,0.9710877031272744,0.9713523341391962,0.8378855387369791,I_STOKES,K_CMB_to_uK,,,TMASK,COM_CMB_IQU-sevem_2048_R3.00_full.fits,,Mask ladder bands,mask_sky_fraction_bandlimited,cptg_cmb_mask_ladder_bands,SEVEM | 2-40 | mask_ge_0.50_no_galactic_cut | no_galactic_cut,True,False,0.0503233628965222,0.0010790598069249,,,2.0,40.0,2-40,46.63630558155124,,,mask_ge_0.50_no_galactic_cut,0.5,-1.0,no_galactic_cut
SEVEM,0.2181922997544944,0.2173594668624879,0.0008328328920065,11.609172834930035,11.564861000842413,0.0443118340876225,0.9759057857426242,0.97609161691824,0.8378855387369791,I_STOKES,K_CMB_to_uK,,,TMASK,COM_CMB_IQU-sevem_2048_R3.00_full.fits,,Mask ladder bands,mask_sky_fraction_bandlimited,cptg_cmb_mask_ladder_bands,SEVEM | 2-64 | mask_ge_0.50_no_galactic_cut | no_galactic_cut,True,False,0.0443118340876225,0.0008328328920065,,,2.0,64.0,2-64,53.20615277437583,,,mask_ge_0.50_no_galactic_cut,0.5,-1.0,no_galactic_cut
SEVEM,0.1988062224720831,0.1982548109042469,0.0005514115678361,12.002523966614165,11.969233607408473,0.0332903592056919,0.9800388036313348,0.980150499072614,0.8378855387369791,I_STOKES,K_CMB_to_uK,,,TMASK,COM_CMB_IQU-sevem_2048_R3.00_full.fits,,Mask ladder bands,mask_sky_fraction_bandlimited,cptg_cmb_mask_ladder_bands,SEVEM | 2-95 | mask_ge_0.50_no_galactic_cut | no_galactic_cut,True,False,0.0332903592056919,0.0005514115678361,,,2.0,95.0,2-95,60.37297936335764,,,mask_ge_0.50_no_galactic_cut,0.5,-1.0,no_galactic_cut
SEVEM,0.255020297870812,0.2537550781532027,0.0012652197176092,10.70517169720013,10.652060653001792,0.0531110441983386,0.9669349438123472,0.9672677564535856,0.7909393310546875,I_STOKES,K_CMB_to_uK,,,TMASK,COM_CMB_IQU-sevem_2048_R3.00_full.fits,,Mask ladder bands,mask_sky_fraction_bandlimited,cptg_cmb_mask_ladder_bands,SEVEM | 2-30 | mask_ge_0.50_abs_b_gt_10deg | abs_b_gt_10deg,True,False,0.0531110441983386,0.0012652197176092,,,2.0,30.0,2-30,41.97772407364667,,,mask_ge_0.50_abs_b_gt_10deg,0.5,10.0,abs_b_gt_10deg
SEVEM,0.2467802865010338,0.2456541254142696,0.0011261610867642,11.31979569665396,11.268138760824767,0.0516569358291914,0.9690708568218986,0.9693569500546996,0.7909393310546875,I_STOKES,K_CMB_to_uK,,,TMASK,COM_CMB_IQU-sevem_2048_R3.00_full.fits,,Mask ladder bands,mask_sky_fraction_bandlimited,cptg_cmb_mask_ladder_bands,SEVEM | 2-40 | mask_ge_0.50_abs_b_gt_10deg | abs_b_gt_10deg,True,False,0.0516569358291914,0.0011261610867642,,,2.0,40.0,2-40,45.86993498204945,,,mask_ge_0.50_abs_b_gt_10deg,0.5,10.0,abs_b_gt_10deg
SEVEM,0.2263633782045737,0.2255158328681033,0.0008475453364704,11.925572665290666,11.88092116919896,0.0446514960917046,0.974042813532133,0.9742393917021056,0.7909393310546875,I_STOKES,K_CMB_to_uK,,,TMASK,COM_CMB_IQU-sevem_2048_R3.00_full.fits,,Mask ladder bands,mask_sky_fraction_bandlimited,cptg_cmb_mask_ladder_bands,SEVEM | 2-64 | mask_ge_0.50_abs_b_gt_10deg | abs_b_gt_10deg,True,False,0.0446514960917046,0.0008475453364704,,,2.0,64.0,2-64,52.683312821533534,,,mask_ge_0.50_abs_b_gt_10deg,0.5,10.0,abs_b_gt_10deg
SEVEM,0.2061819266020731,0.2056219546974894,0.0005599719045837,12.33290412932611,12.299409050838092,0.0334950784880181,0.978513617531336,0.9786314418172872,0.7909393310546875,I_STOKES,K_CMB_to_uK,,,TMASK,COM_CMB_IQU-sevem_2048_R3.00_full.fits,,Mask ladder bands,mask_sky_fraction_bandlimited,cptg_cmb_mask_ladder_bands,SEVEM | 2-95 | mask_ge_0.50_abs_b_gt_10deg | abs_b_gt_10deg,True,False,0.0334950784880181,0.0005599719045837,,,2.0,95.0,2-95,59.81564113099184,,,mask_ge_0.50_abs_b_gt_10deg,0.5,10.0,abs_b_gt_10deg
SEVEM,0.2734237374746592,0.2720955537521559,0.0013281837225033,11.20152499469892,11.147112443314088,0.0544125513848339,0.961893458934663,0.9622700142813242,0.6464653015136719,I_STOKES,K_CMB_to_uK,,,TMASK,COM_CMB_IQU-sevem_2048_R3.00_full.fits,,Mask ladder bands,mask_sky_fraction_bandlimited,cptg_cmb_mask_ladder_bands,SEVEM | 2-30 | mask_ge_0.50_abs_b_gt_20deg | abs_b_gt_20deg,True,False,0.0544125513848339,0.0013281837225033,,,2.0,30.0,2-30,40.96763908706747,,,mask_ge_0.50_abs_b_gt_20deg,0.5,20.0,abs_b_gt_20deg
SEVEM,0.2622542703244017,0.2610677744953823,0.0011864958290194,11.755942164766486,11.7027557044376,0.0531864603288845,0.9649987218445992,0.9653203893374152,0.6464653015136719,I_STOKES,K_CMB_to_uK,,,TMASK,COM_CMB_IQU-sevem_2048_R3.00_full.fits,,Mask ladder bands,mask_sky_fraction_bandlimited,cptg_cmb_mask_ladder_bands,SEVEM | 2-40 | mask_ge_0.50_abs_b_gt_20deg | abs_b_gt_20deg,True,False,0.0531864603288845,0.0011864958290194,,,2.0,40.0,2-40,44.826504255677854,,,mask_ge_0.50_abs_b_gt_20deg,0.5,20.0,abs_b_gt_20deg
SEVEM,0.2415741574816614,0.2407123198037312,0.0008618376779302,12.548873931624785,12.50410468775112,0.0447692438736631,0.9703823078806656,0.9705964541656968,0.6464653015136719,I_STOKES,K_CMB_to_uK,,,TMASK,COM_CMB_IQU-sevem_2048_R3.00_full.fits,,Mask ladder bands,mask_sky_fraction_bandlimited,cptg_cmb_mask_ladder_bands,SEVEM | 2-64 | mask_ge_0.50_abs_b_gt_20deg | abs_b_gt_20deg,True,False,0.0447692438736631,0.0008618376779302,,,2.0,64.0,2-64,51.94625974252813,,,mask_ge_0.50_abs_b_gt_20deg,0.5,20.0,abs_b_gt_20deg
SEVEM,0.219988095238798,0.2194217413348767,0.0005663539039212,13.00577469796366,12.97229165304836,0.0334830449153003,0.9755025391101126,0.9756300863863392,0.6464653015136719,I_STOKES,K_CMB_to_uK,,,TMASK,COM_CMB_IQU-sevem_2048_R3.00_full.fits,,Mask ladder bands,mask_sky_fraction_bandlimited,cptg_cmb_mask_ladder_bands,SEVEM | 2-95 | mask_ge_0.50_abs_b_gt_20deg | abs_b_gt_20deg,True,False,0.0334830449153003,0.0005663539039212,,,2.0,95.0,2-95,59.12035687133813,,,mask_ge_0.50_abs_b_gt_20deg,0.5,20.0,abs_b_gt_20deg
SEVEM,0.2638210387516758,0.2624753283960206,0.0013457103556552,10.347394080695585,10.29461362226693,0.0527804584286553,0.9645712667561124,0.9649383288894178,0.4966697692871094,I_STOKES,K_CMB_to_uK,,,TMASK,COM_CMB_IQU-sevem_2048_R3.00_full.fits,,Mask ladder bands,mask_sky_fraction_bandlimited,cptg_cmb_mask_ladder_bands,SEVEM | 2-30 | mask_ge_0.50_abs_b_gt_30deg | abs_b_gt_30deg,True,False,0.0527804584286553,0.0013457103556552,,,2.0,30.0,2-30,39.2212619950874,,,mask_ge_0.50_abs_b_gt_30deg,0.5,30.0,abs_b_gt_30deg
SEVEM,0.2561649766735068,0.2549927307454967,0.00117224592801,11.087092173431255,11.03635612503561,0.0507360483956471,0.9666329984871356,0.9669428926693672,0.4966697692871094,I_STOKES,K_CMB_to_uK,,,TMASK,COM_CMB_IQU-sevem_2048_R3.00_full.fits,,Mask ladder bands,mask_sky_fraction_bandlimited,cptg_cmb_mask_ladder_bands,SEVEM | 2-40 | mask_ge_0.50_abs_b_gt_30deg | abs_b_gt_30deg,True,False,0.0507360483956471,0.00117224592801,,,2.0,40.0,2-40,43.2810617493672,,,mask_ge_0.50_abs_b_gt_30deg,0.5,30.0,abs_b_gt_30deg
SEVEM,0.2388819287143319,0.2380854449153431,0.0007964837989887,12.0988474707631,12.05850730753366,0.0403401632294393,0.9710486143985062,0.9712442063636412,0.4966697692871094,I_STOKES,K_CMB_to_uK,,,TMASK,COM_CMB_IQU-sevem_2048_R3.00_full.fits,,Mask ladder bands,mask_sky_fraction_bandlimited,cptg_cmb_mask_ladder_bands,SEVEM | 2-64 | mask_ge_0.50_abs_b_gt_30deg | abs_b_gt_30deg,True,False,0.0403401632294393,0.0007964837989887,,,2.0,64.0,2-64,50.64781390488336,,,mask_ge_0.50_abs_b_gt_30deg,0.5,30.0,abs_b_gt_30deg
SEVEM,0.2186718165964484,0.218214406201996,0.0004574103944524,12.693441198246752,12.666889482365765,0.0265517158809878,0.9757984601125506,0.9759008510424276,0.4966697692871094,I_STOKES,K_CMB_to_uK,,,TMASK,COM_CMB_IQU-sevem_2048_R3.00_full.fits,,Mask ladder bands,mask_sky_fraction_bandlimited,cptg_cmb_mask_ladder_bands,SEVEM | 2-95 | mask_ge_0.50_abs_b_gt_30deg | abs_b_gt_30deg,True,False,0.0265517158809878,0.0004574103944524,,,2.0,95.0,2-95,58.04790665672329,,,mask_ge_0.50_abs_b_gt_30deg,0.5,30.0,abs_b_gt_30deg
SEVEM,0.2353818716995246,0.2341835903126327,0.0011982813868919,9.106263854118216,9.05990571106442,0.0463581430537978,0.9719019161732266,0.9721913530421578,0.3572133382161458,I_STOKES,K_CMB_to_uK,,,TMASK,COM_CMB_IQU-sevem_2048_R3.00_full.fits,,Mask ladder bands,mask_sky_fraction_bandlimited,cptg_cmb_mask_ladder_bands,SEVEM | 2-30 | mask_ge_0.50_abs_b_gt_40deg | abs_b_gt_40deg,True,False,0.0463581430537978,0.0011982813868919,,,2.0,30.0,2-30,38.68719280872557,,,mask_ge_0.50_abs_b_gt_40deg,0.5,40.0,abs_b_gt_40deg
SEVEM,0.2297976016177626,0.2287751944007711,0.0010224072169914,9.766043051028436,9.722592323838388,0.0434507271900468,0.9732381578584556,0.9734790007670648,0.3572133382161458,I_STOKES,K_CMB_to_uK,,,TMASK,COM_CMB_IQU-sevem_2048_R3.00_full.fits,,Mask ladder bands,mask_sky_fraction_bandlimited,cptg_cmb_mask_ladder_bands,SEVEM | 2-40 | mask_ge_0.50_abs_b_gt_40deg | abs_b_gt_40deg,True,False,0.0434507271900468,0.0010224072169914,,,2.0,40.0,2-40,42.498455085153296,,,mask_ge_0.50_abs_b_gt_40deg,0.5,40.0,abs_b_gt_40deg
SEVEM,0.2191085841090797,0.2185130210921651,0.0005955630169145,10.992771912593009,10.96289225985764,0.0298796527353673,0.9757003961125372,0.9758339485360868,0.3572133382161458,I_STOKES,K_CMB_to_uK,,,TMASK,COM_CMB_IQU-sevem_2048_R3.00_full.fits,,Mask ladder bands,mask_sky_fraction_bandlimited,cptg_cmb_mask_ladder_bands,SEVEM | 2-64 | mask_ge_0.50_abs_b_gt_40deg | abs_b_gt_40deg,True,False,0.0298796527353673,0.0005955630169145,,,2.0,64.0,2-64,50.17043014216381,,,mask_ge_0.50_abs_b_gt_40deg,0.5,40.0,abs_b_gt_40deg
SEVEM,0.201143381381604,0.2008806421433447,0.0002627392382593,11.586553538766667,11.571418851112934,0.0151346876537346,0.9795618055547146,0.9796157197653574,0.3572133382161458,I_STOKES,K_CMB_to_uK,,,TMASK,COM_CMB_IQU-sevem_2048_R3.00_full.fits,,Mask ladder bands,mask_sky_fraction_bandlimited,cptg_cmb_mask_ladder_bands,SEVEM | 2-95 | mask_ge_0.50_abs_b_gt_40deg | abs_b_gt_40deg,True,False,0.0151346876537346,0.0002627392382593,,,2.0,95.0,2-95,57.603454109111134,,,mask_ge_0.50_abs_b_gt_40deg,0.5,40.0,abs_b_gt_40deg
SEVEM,0.2483132452835246,0.2471046345485273,0.0012086107349973,10.609003069956495,10.55736605404408,0.0516370159124157,0.9686795539177064,0.9689885706009088,0.8378829956054688,I_STOKES,K_CMB_to_uK,,,TMASK,COM_CMB_IQU-sevem_2048_R3.00_full.fits,,Mask ladder bands,mask_sky_fraction_bandlimited,cptg_cmb_mask_ladder_bands,SEVEM | 2-30 | mask_ge_0.70_no_galactic_cut | no_galactic_cut,True,False,0.0516370159124157,0.0012086107349973,,,2.0,30.0,2-30,42.72427376092286,,,mask_ge_0.70_no_galactic_cut,0.7,-1.0,no_galactic_cut
SEVEM,0.2387185881950773,0.2376395377754045,0.0010790504196727,11.132938579842271,11.08261572003651,0.0503228598057621,0.9710886235971636,0.9713532479015552,0.8378829956054688,I_STOKES,K_CMB_to_uK,,,TMASK,COM_CMB_IQU-sevem_2048_R3.00_full.fits,,Mask ladder bands,mask_sky_fraction_bandlimited,cptg_cmb_mask_ladder_bands,SEVEM | 2-40 | mask_ge_0.70_no_galactic_cut | no_galactic_cut,True,False,0.0503228598057621,0.0010790504196727,,,2.0,40.0,2-40,46.63624506167318,,,mask_ge_0.70_no_galactic_cut,0.7,-1.0,no_galactic_cut
SEVEM,0.2181891985252735,0.2173563777769731,0.0008328207483003,11.60899188537941,11.56468075827348,0.0443111271059315,0.9759064791621802,0.9760923048551388,0.8378829956054688,I_STOKES,K_CMB_to_uK,,,TMASK,COM_CMB_IQU-sevem_2048_R3.00_full.fits,,Mask ladder bands,mask_sky_fraction_bandlimited,cptg_cmb_mask_ladder_bands,SEVEM | 2-64 | mask_ge_0.70_no_galactic_cut | no_galactic_cut,True,False,0.0443111271059315,0.0008328207483003,,,2.0,64.0,2-64,53.2060796952545,,,mask_ge_0.70_no_galactic_cut,0.7,-1.0,no_galactic_cut
SEVEM,0.1988039194340268,0.1982525054982516,0.0005514139357751,12.0023258122274,11.969035474021704,0.0332903382056937,0.9800392709577272,0.980150965528265,0.8378829956054688,I_STOKES,K_CMB_to_uK,,,TMASK,COM_CMB_IQU-sevem_2048_R3.00_full.fits,,Mask ladder bands,mask_sky_fraction_bandlimited,cptg_cmb_mask_ladder_bands,SEVEM | 2-95 | mask_ge_0.70_no_galactic_cut | no_galactic_cut,True,False,0.0332903382056937,0.0005514139357751,,,2.0,95.0,2-95,60.3726820195332,,,mask_ge_0.70_no_galactic_cut,0.7,-1.0,no_galactic_cut
SEVEM,0.255020297870812,0.2537550781532027,0.0012652197176092,10.70517169720013,10.652060653001792,0.0531110441983386,0.9669349438123472,0.9672677564535856,0.7909393310546875,I_STOKES,K_CMB_to_uK,,,TMASK,COM_CMB_IQU-sevem_2048_R3.00_full.fits,,Mask ladder bands,mask_sky_fraction_bandlimited,cptg_cmb_mask_ladder_bands,SEVEM | 2-30 | mask_ge_0.70_abs_b_gt_10deg | abs_b_gt_10deg,True,False,0.0531110441983386,0.0012652197176092,,,2.0,30.0,2-30,41.97772407364667,,,mask_ge_0.70_abs_b_gt_10deg,0.7,10.0,abs_b_gt_10deg
SEVEM,0.2467802865010338,0.2456541254142696,0.0011261610867642,11.31979569665396,11.268138760824767,0.0516569358291914,0.9690708568218986,0.9693569500546996,0.7909393310546875,I_STOKES,K_CMB_to_uK,,,TMASK,COM_CMB_IQU-sevem_2048_R3.00_full.fits,,Mask ladder bands,mask_sky_fraction_bandlimited,cptg_cmb_mask_ladder_bands,SEVEM | 2-40 | mask_ge_0.70_abs_b_gt_10deg | abs_b_gt_10deg,True,False,0.0516569358291914,0.0011261610867642,,,2.0,40.0,2-40,45.86993498204945,,,mask_ge_0.70_abs_b_gt_10deg,0.7,10.0,abs_b_gt_10deg
SEVEM,0.2263633782045737,0.2255158328681033,0.0008475453364704,11.925572665290666,11.88092116919896,0.0446514960917046,0.974042813532133,0.9742393917021056,0.7909393310546875,I_STOKES,K_CMB_to_uK,,,TMASK,COM_CMB_IQU-sevem_2048_R3.00_full.fits,,Mask ladder bands,mask_sky_fraction_bandlimited,cptg_cmb_mask_ladder_bands,SEVEM | 2-64 | mask_ge_0.70_abs_b_gt_10deg | abs_b_gt_10deg,True,False,0.0446514960917046,0.0008475453364704,,,2.0,64.0,2-64,52.683312821533534,,,mask_ge_0.70_abs_b_gt_10deg,0.7,10.0,abs_b_gt_10deg
SEVEM,0.2061819266020731,0.2056219546974894,0.0005599719045837,12.33290412932611,12.299409050838092,0.0334950784880181,0.978513617531336,0.9786314418172872,0.7909393310546875,I_STOKES,K_CMB_to_uK,,,TMASK,COM_CMB_IQU-sevem_2048_R3.00_full.fits,,Mask ladder bands,mask_sky_fraction_bandlimited,cptg_cmb_mask_ladder_bands,SEVEM | 2-95 | mask_ge_0.70_abs_b_gt_10deg | abs_b_gt_10deg,True,False,0.0334950784880181,0.0005599719045837,,,2.0,95.0,2-95,59.81564113099184,,,mask_ge_0.70_abs_b_gt_10deg,0.7,10.0,abs_b_gt_10deg
SEVEM,0.2734237374746592,0.2720955537521559,0.0013281837225033,11.20152499469892,11.147112443314088,0.0544125513848339,0.961893458934663,0.9622700142813242,0.6464653015136719,I_STOKES,K_CMB_to_uK,,,TMASK,COM_CMB_IQU-sevem_2048_R3.00_full.fits,,Mask ladder bands,mask_sky_fraction_bandlimited,cptg_cmb_mask_ladder_bands,SEVEM | 2-30 | mask_ge_0.70_abs_b_gt_20deg | abs_b_gt_20deg,True,False,0.0544125513848339,0.0013281837225033,,,2.0,30.0,2-30,40.96763908706747,,,mask_ge_0.70_abs_b_gt_20deg,0.7,20.0,abs_b_gt_20deg
SEVEM,0.2622542703244017,0.2610677744953823,0.0011864958290194,11.755942164766486,11.7027557044376,0.0531864603288845,0.9649987218445992,0.9653203893374152,0.6464653015136719,I_STOKES,K_CMB_to_uK,,,TMASK,COM_CMB_IQU-sevem_2048_R3.00_full.fits,,Mask ladder bands,mask_sky_fraction_bandlimited,cptg_cmb_mask_ladder_bands,SEVEM | 2-40 | mask_ge_0.70_abs_b_gt_20deg | abs_b_gt_20deg,True,False,0.0531864603288845,0.0011864958290194,,,2.0,40.0,2-40,44.826504255677854,,,mask_ge_0.70_abs_b_gt_20deg,0.7,20.0,abs_b_gt_20deg
SEVEM,0.2415741574816614,0.2407123198037312,0.0008618376779302,12.548873931624785,12.50410468775112,0.0447692438736631,0.9703823078806656,0.9705964541656968,0.6464653015136719,I_STOKES,K_CMB_to_uK,,,TMASK,COM_CMB_IQU-sevem_2048_R3.00_full.fits,,Mask ladder bands,mask_sky_fraction_bandlimited,cptg_cmb_mask_ladder_bands,SEVEM | 2-64 | mask_ge_0.70_abs_b_gt_20deg | abs_b_gt_20deg,True,False,0.0447692438736631,0.0008618376779302,,,2.0,64.0,2-64,51.94625974252813,,,mask_ge_0.70_abs_b_gt_20deg,0.7,20.0,abs_b_gt_20deg
SEVEM,0.219988095238798,0.2194217413348767,0.0005663539039212,13.00577469796366,12.97229165304836,0.0334830449153003,0.9755025391101126,0.9756300863863392,0.6464653015136719,I_STOKES,K_CMB_to_uK,,,TMASK,COM_CMB_IQU-sevem_2048_R3.00_full.fits,,Mask ladder bands,mask_sky_fraction_bandlimited,cptg_cmb_mask_ladder_bands,SEVEM | 2-95 | mask_ge_0.70_abs_b_gt_20deg | abs_b_gt_20deg,True,False,0.0334830449153003,0.0005663539039212,,,2.0,95.0,2-95,59.12035687133813,,,mask_ge_0.70_abs_b_gt_20deg,0.7,20.0,abs_b_gt_20deg
SEVEM,0.2638210387516758,0.2624753283960206,0.0013457103556552,10.347394080695585,10.29461362226693,0.0527804584286553,0.9645712667561124,0.9649383288894178,0.4966697692871094,I_STOKES,K_CMB_to_uK,,,TMASK,COM_CMB_IQU-sevem_2048_R3.00_full.fits,,Mask ladder bands,mask_sky_fraction_bandlimited,cptg_cmb_mask_ladder_bands,SEVEM | 2-30 | mask_ge_0.70_abs_b_gt_30deg | abs_b_gt_30deg,True,False,0.0527804584286553,0.0013457103556552,,,2.0,30.0,2-30,39.2212619950874,,,mask_ge_0.70_abs_b_gt_30deg,0.7,30.0,abs_b_gt_30deg
SEVEM,0.2561649766735068,0.2549927307454967,0.00117224592801,11.087092173431255,11.03635612503561,0.0507360483956471,0.9666329984871356,0.9669428926693672,0.4966697692871094,I_STOKES,K_CMB_to_uK,,,TMASK,COM_CMB_IQU-sevem_2048_R3.00_full.fits,,Mask ladder bands,mask_sky_fraction_bandlimited,cptg_cmb_mask_ladder_bands,SEVEM | 2-40 | mask_ge_0.70_abs_b_gt_30deg | abs_b_gt_30deg,True,False,0.0507360483956471,0.00117224592801,,,2.0,40.0,2-40,43.2810617493672,,,mask_ge_0.70_abs_b_gt_30deg,0.7,30.0,abs_b_gt_30deg
SEVEM,0.2388819287143319,0.2380854449153431,0.0007964837989887,12.0988474707631,12.05850730753366,0.0403401632294393,0.9710486143985062,0.9712442063636412,0.4966697692871094,I_STOKES,K_CMB_to_uK,,,TMASK,COM_CMB_IQU-sevem_2048_R3.00_full.fits,,Mask ladder bands,mask_sky_fraction_bandlimited,cptg_cmb_mask_ladder_bands,SEVEM | 2-64 | mask_ge_0.70_abs_b_gt_30deg | abs_b_gt_30deg,True,False,0.0403401632294393,0.0007964837989887,,,2.0,64.0,2-64,50.64781390488336,,,mask_ge_0.70_abs_b_gt_30deg,0.7,30.0,abs_b_gt_30deg
SEVEM,0.2186718165964484,0.218214406201996,0.0004574103944524,12.693441198246752,12.666889482365765,0.0265517158809878,0.9757984601125506,0.9759008510424276,0.4966697692871094,I_STOKES,K_CMB_to_uK,,,TMASK,COM_CMB_IQU-sevem_2048_R3.00_full.fits,,Mask ladder bands,mask_sky_fraction_bandlimited,cptg_cmb_mask_ladder_bands,SEVEM | 2-95 | mask_ge_0.70_abs_b_gt_30deg | abs_b_gt_30deg,True,False,0.0265517158809878,0.0004574103944524,,,2.0,95.0,2-95,58.04790665672329,,,mask_ge_0.70_abs_b_gt_30deg,0.7,30.0,abs_b_gt_30deg
SEVEM,0.2353818716995246,0.2341835903126327,0.0011982813868919,9.106263854118216,9.05990571106442,0.0463581430537978,0.9719019161732266,0.9721913530421578,0.3572133382161458,I_STOKES,K_CMB_to_uK,,,TMASK,COM_CMB_IQU-sevem_2048_R3.00_full.fits,,Mask ladder bands,mask_sky_fraction_bandlimited,cptg_cmb_mask_ladder_bands,SEVEM | 2-30 | mask_ge_0.70_abs_b_gt_40deg | abs_b_gt_40deg,True,False,0.0463581430537978,0.0011982813868919,,,2.0,30.0,2-30,38.68719280872557,,,mask_ge_0.70_abs_b_gt_40deg,0.7,40.0,abs_b_gt_40deg
SEVEM,0.2297976016177626,0.2287751944007711,0.0010224072169914,9.766043051028436,9.722592323838388,0.0434507271900468,0.9732381578584556,0.9734790007670648,0.3572133382161458,I_STOKES,K_CMB_to_uK,,,TMASK,COM_CMB_IQU-sevem_2048_R3.00_full.fits,,Mask ladder bands,mask_sky_fraction_bandlimited,cptg_cmb_mask_ladder_bands,SEVEM | 2-40 | mask_ge_0.70_abs_b_gt_40deg | abs_b_gt_40deg,True,False,0.0434507271900468,0.0010224072169914,,,2.0,40.0,2-40,42.498455085153296,,,mask_ge_0.70_abs_b_gt_40deg,0.7,40.0,abs_b_gt_40deg
SEVEM,0.2191085841090797,0.2185130210921651,0.0005955630169145,10.992771912593009,10.96289225985764,0.0298796527353673,0.9757003961125372,0.9758339485360868,0.3572133382161458,I_STOKES,K_CMB_to_uK,,,TMASK,COM_CMB_IQU-sevem_2048_R3.00_full.fits,,Mask ladder bands,mask_sky_fraction_bandlimited,cptg_cmb_mask_ladder_bands,SEVEM | 2-64 | mask_ge_0.70_abs_b_gt_40deg | abs_b_gt_40deg,True,False,0.0298796527353673,0.0005955630169145,,,2.0,64.0,2-64,50.17043014216381,,,mask_ge_0.70_abs_b_gt_40deg,0.7,40.0,abs_b_gt_40deg
SEVEM,0.201143381381604,0.2008806421433447,0.0002627392382593,11.586553538766667,11.571418851112934,0.0151346876537346,0.9795618055547146,0.9796157197653574,0.3572133382161458,I_STOKES,K_CMB_to_uK,,,TMASK,COM_CMB_IQU-sevem_2048_R3.00_full.fits,,Mask ladder bands,mask_sky_fraction_bandlimited,cptg_cmb_mask_ladder_bands,SEVEM | 2-95 | mask_ge_0.70_abs_b_gt_40deg | abs_b_gt_40deg,True,False,0.0151346876537346,0.0002627392382593,,,2.0,95.0,2-95,57.603454109111134,,,mask_ge_0.70_abs_b_gt_40deg,0.7,40.0,abs_b_gt_40deg
SEVEM,0.2483132452835246,0.2471046345485273,0.0012086107349973,10.609003069956495,10.55736605404408,0.0516370159124157,0.9686795539177064,0.9689885706009088,0.8378829956054688,I_STOKES,K_CMB_to_uK,,,TMASK,COM_CMB_IQU-sevem_2048_R3.00_full.fits,,Mask ladder bands,mask_sky_fraction_bandlimited,cptg_cmb_mask_ladder_bands,SEVEM | 2-30 | mask_ge_0.80_no_galactic_cut | no_galactic_cut,True,False,0.0516370159124157,0.0012086107349973,,,2.0,30.0,2-30,42.72427376092286,,,mask_ge_0.80_no_galactic_cut,0.8,-1.0,no_galactic_cut
SEVEM,0.2387185881950773,0.2376395377754045,0.0010790504196727,11.132938579842271,11.08261572003651,0.0503228598057621,0.9710886235971636,0.9713532479015552,0.8378829956054688,I_STOKES,K_CMB_to_uK,,,TMASK,COM_CMB_IQU-sevem_2048_R3.00_full.fits,,Mask ladder bands,mask_sky_fraction_bandlimited,cptg_cmb_mask_ladder_bands,SEVEM | 2-40 | mask_ge_0.80_no_galactic_cut | no_galactic_cut,True,False,0.0503228598057621,0.0010790504196727,,,2.0,40.0,2-40,46.63624506167318,,,mask_ge_0.80_no_galactic_cut,0.8,-1.0,no_galactic_cut
SEVEM,0.2181891985252735,0.2173563777769731,0.0008328207483003,11.60899188537941,11.56468075827348,0.0443111271059315,0.9759064791621802,0.9760923048551388,0.8378829956054688,I_STOKES,K_CMB_to_uK,,,TMASK,COM_CMB_IQU-sevem_2048_R3.00_full.fits,,Mask ladder bands,mask_sky_fraction_bandlimited,cptg_cmb_mask_ladder_bands,SEVEM | 2-64 | mask_ge_0.80_no_galactic_cut | no_galactic_cut,True,False,0.0443111271059315,0.0008328207483003,,,2.0,64.0,2-64,53.2060796952545,,,mask_ge_0.80_no_galactic_cut,0.8,-1.0,no_galactic_cut
SEVEM,0.1988039194340268,0.1982525054982516,0.0005514139357751,12.0023258122274,11.969035474021704,0.0332903382056937,0.9800392709577272,0.980150965528265,0.8378829956054688,I_STOKES,K_CMB_to_uK,,,TMASK,COM_CMB_IQU-sevem_2048_R3.00_full.fits,,Mask ladder bands,mask_sky_fraction_bandlimited,cptg_cmb_mask_ladder_bands,SEVEM | 2-95 | mask_ge_0.80_no_galactic_cut | no_galactic_cut,True,False,0.0332903382056937,0.0005514139357751,,,2.0,95.0,2-95,60.3726820195332,,,mask_ge_0.80_no_galactic_cut,0.8,-1.0,no_galactic_cut
SEVEM,0.255020297870812,0.2537550781532027,0.0012652197176092,10.70517169720013,10.652060653001792,0.0531110441983386,0.9669349438123472,0.9672677564535856,0.7909393310546875,I_STOKES,K_CMB_to_uK,,,TMASK,COM_CMB_IQU-sevem_2048_R3.00_full.fits,,Mask ladder bands,mask_sky_fraction_bandlimited,cptg_cmb_mask_ladder_bands,SEVEM | 2-30 | mask_ge_0.80_abs_b_gt_10deg | abs_b_gt_10deg,True,False,0.0531110441983386,0.0012652197176092,,,2.0,30.0,2-30,41.97772407364667,,,mask_ge_0.80_abs_b_gt_10deg,0.8,10.0,abs_b_gt_10deg
SEVEM,0.2467802865010338,0.2456541254142696,0.0011261610867642,11.31979569665396,11.268138760824767,0.0516569358291914,0.9690708568218986,0.9693569500546996,0.7909393310546875,I_STOKES,K_CMB_to_uK,,,TMASK,COM_CMB_IQU-sevem_2048_R3.00_full.fits,,Mask ladder bands,mask_sky_fraction_bandlimited,cptg_cmb_mask_ladder_bands,SEVEM | 2-40 | mask_ge_0.80_abs_b_gt_10deg | abs_b_gt_10deg,True,False,0.0516569358291914,0.0011261610867642,,,2.0,40.0,2-40,45.86993498204945,,,mask_ge_0.80_abs_b_gt_10deg,0.8,10.0,abs_b_gt_10deg
SEVEM,0.2263633782045737,0.2255158328681033,0.0008475453364704,11.925572665290666,11.88092116919896,0.0446514960917046,0.974042813532133,0.9742393917021056,0.7909393310546875,I_STOKES,K_CMB_to_uK,,,TMASK,COM_CMB_IQU-sevem_2048_R3.00_full.fits,,Mask ladder bands,mask_sky_fraction_bandlimited,cptg_cmb_mask_ladder_bands,SEVEM | 2-64 | mask_ge_0.80_abs_b_gt_10deg | abs_b_gt_10deg,True,False,0.0446514960917046,0.0008475453364704,,,2.0,64.0,2-64,52.683312821533534,,,mask_ge_0.80_abs_b_gt_10deg,0.8,10.0,abs_b_gt_10deg
SEVEM,0.2061819266020731,0.2056219546974894,0.0005599719045837,12.33290412932611,12.299409050838092,0.0334950784880181,0.978513617531336,0.9786314418172872,0.7909393310546875,I_STOKES,K_CMB_to_uK,,,TMASK,COM_CMB_IQU-sevem_2048_R3.00_full.fits,,Mask ladder bands,mask_sky_fraction_bandlimited,cptg_cmb_mask_ladder_bands,SEVEM | 2-95 | mask_ge_0.80_abs_b_gt_10deg | abs_b_gt_10deg,True,False,0.0334950784880181,0.0005599719045837,,,2.0,95.0,2-95,59.81564113099184,,,mask_ge_0.80_abs_b_gt_10deg,0.8,10.0,abs_b_gt_10deg
SEVEM,0.2734237374746592,0.2720955537521559,0.0013281837225033,11.20152499469892,11.147112443314088,0.0544125513848339,0.961893458934663,0.9622700142813242,0.6464653015136719,I_STOKES,K_CMB_to_uK,,,TMASK,COM_CMB_IQU-sevem_2048_R3.00_full.fits,,Mask ladder bands,mask_sky_fraction_bandlimited,cptg_cmb_mask_ladder_bands,SEVEM | 2-30 | mask_ge_0.80_abs_b_gt_20deg | abs_b_gt_20deg,True,False,0.0544125513848339,0.0013281837225033,,,2.0,30.0,2-30,40.96763908706747,,,mask_ge_0.80_abs_b_gt_20deg,0.8,20.0,abs_b_gt_20deg
SEVEM,0.2622542703244017,0.2610677744953823,0.0011864958290194,11.755942164766486,11.7027557044376,0.0531864603288845,0.9649987218445992,0.9653203893374152,0.6464653015136719,I_STOKES,K_CMB_to_uK,,,TMASK,COM_CMB_IQU-sevem_2048_R3.00_full.fits,,Mask ladder bands,mask_sky_fraction_bandlimited,cptg_cmb_mask_ladder_bands,SEVEM | 2-40 | mask_ge_0.80_abs_b_gt_20deg | abs_b_gt_20deg,True,False,0.0531864603288845,0.0011864958290194,,,2.0,40.0,2-40,44.826504255677854,,,mask_ge_0.80_abs_b_gt_20deg,0.8,20.0,abs_b_gt_20deg
SEVEM,0.2415741574816614,0.2407123198037312,0.0008618376779302,12.548873931624785,12.50410468775112,0.0447692438736631,0.9703823078806656,0.9705964541656968,0.6464653015136719,I_STOKES,K_CMB_to_uK,,,TMASK,COM_CMB_IQU-sevem_2048_R3.00_full.fits,,Mask ladder bands,mask_sky_fraction_bandlimited,cptg_cmb_mask_ladder_bands,SEVEM | 2-64 | mask_ge_0.80_abs_b_gt_20deg | abs_b_gt_20deg,True,False,0.0447692438736631,0.0008618376779302,,,2.0,64.0,2-64,51.94625974252813,,,mask_ge_0.80_abs_b_gt_20deg,0.8,20.0,abs_b_gt_20deg
SEVEM,0.219988095238798,0.2194217413348767,0.0005663539039212,13.00577469796366,12.97229165304836,0.0334830449153003,0.9755025391101126,0.9756300863863392,0.6464653015136719,I_STOKES,K_CMB_to_uK,,,TMASK,COM_CMB_IQU-sevem_2048_R3.00_full.fits,,Mask ladder bands,mask_sky_fraction_bandlimited,cptg_cmb_mask_ladder_bands,SEVEM | 2-95 | mask_ge_0.80_abs_b_gt_20deg | abs_b_gt_20deg,True,False,0.0334830449153003,0.0005663539039212,,,2.0,95.0,2-95,59.12035687133813,,,mask_ge_0.80_abs_b_gt_20deg,0.8,20.0,abs_b_gt_20deg
SEVEM,0.2638210387516758,0.2624753283960206,0.0013457103556552,10.347394080695585,10.29461362226693,0.0527804584286553,0.9645712667561124,0.9649383288894178,0.4966697692871094,I_STOKES,K_CMB_to_uK,,,TMASK,COM_CMB_IQU-sevem_2048_R3.00_full.fits,,Mask ladder bands,mask_sky_fraction_bandlimited,cptg_cmb_mask_ladder_bands,SEVEM | 2-30 | mask_ge_0.80_abs_b_gt_30deg | abs_b_gt_30deg,True,False,0.0527804584286553,0.0013457103556552,,,2.0,30.0,2-30,39.2212619950874,,,mask_ge_0.80_abs_b_gt_30deg,0.8,30.0,abs_b_gt_30deg
SEVEM,0.2561649766735068,0.2549927307454967,0.00117224592801,11.087092173431255,11.03635612503561,0.0507360483956471,0.9666329984871356,0.9669428926693672,0.4966697692871094,I_STOKES,K_CMB_to_uK,,,TMASK,COM_CMB_IQU-sevem_2048_R3.00_full.fits,,Mask ladder bands,mask_sky_fraction_bandlimited,cptg_cmb_mask_ladder_bands,SEVEM | 2-40 | mask_ge_0.80_abs_b_gt_30deg | abs_b_gt_30deg,True,False,0.0507360483956471,0.00117224592801,,,2.0,40.0,2-40,43.2810617493672,,,mask_ge_0.80_abs_b_gt_30deg,0.8,30.0,abs_b_gt_30deg
SEVEM,0.2388819287143319,0.2380854449153431,0.0007964837989887,12.0988474707631,12.05850730753366,0.0403401632294393,0.9710486143985062,0.9712442063636412,0.4966697692871094,I_STOKES,K_CMB_to_uK,,,TMASK,COM_CMB_IQU-sevem_2048_R3.00_full.fits,,Mask ladder bands,mask_sky_fraction_bandlimited,cptg_cmb_mask_ladder_bands,SEVEM | 2-64 | mask_ge_0.80_abs_b_gt_30deg | abs_b_gt_30deg,True,False,0.0403401632294393,0.0007964837989887,,,2.0,64.0,2-64,50.64781390488336,,,mask_ge_0.80_abs_b_gt_30deg,0.8,30.0,abs_b_gt_30deg
SEVEM,0.2186718165964484,0.218214406201996,0.0004574103944524,12.693441198246752,12.666889482365765,0.0265517158809878,0.9757984601125506,0.9759008510424276,0.4966697692871094,I_STOKES,K_CMB_to_uK,,,TMASK,COM_CMB_IQU-sevem_2048_R3.00_full.fits,,Mask ladder bands,mask_sky_fraction_bandlimited,cptg_cmb_mask_ladder_bands,SEVEM | 2-95 | mask_ge_0.80_abs_b_gt_30deg | abs_b_gt_30deg,True,False,0.0265517158809878,0.0004574103944524,,,2.0,95.0,2-95,58.04790665672329,,,mask_ge_0.80_abs_b_gt_30deg,0.8,30.0,abs_b_gt_30deg
SEVEM,0.2353818716995246,0.2341835903126327,0.0011982813868919,9.106263854118216,9.05990571106442,0.0463581430537978,0.9719019161732266,0.9721913530421578,0.3572133382161458,I_STOKES,K_CMB_to_uK,,,TMASK,COM_CMB_IQU-sevem_2048_R3.00_full.fits,,Mask ladder bands,mask_sky_fraction_bandlimited,cptg_cmb_mask_ladder_bands,SEVEM | 2-30 | mask_ge_0.80_abs_b_gt_40deg | abs_b_gt_40deg,True,False,0.0463581430537978,0.0011982813868919,,,2.0,30.0,2-30,38.68719280872557,,,mask_ge_0.80_abs_b_gt_40deg,0.8,40.0,abs_b_gt_40deg
SEVEM,0.2297976016177626,0.2287751944007711,0.0010224072169914,9.766043051028436,9.722592323838388,0.0434507271900468,0.9732381578584556,0.9734790007670648,0.3572133382161458,I_STOKES,K_CMB_to_uK,,,TMASK,COM_CMB_IQU-sevem_2048_R3.00_full.fits,,Mask ladder bands,mask_sky_fraction_bandlimited,cptg_cmb_mask_ladder_bands,SEVEM | 2-40 | mask_ge_0.80_abs_b_gt_40deg | abs_b_gt_40deg,True,False,0.0434507271900468,0.0010224072169914,,,2.0,40.0,2-40,42.498455085153296,,,mask_ge_0.80_abs_b_gt_40deg,0.8,40.0,abs_b_gt_40deg
SEVEM,0.2191085841090797,0.2185130210921651,0.0005955630169145,10.992771912593009,10.96289225985764,0.0298796527353673,0.9757003961125372,0.9758339485360868,0.3572133382161458,I_STOKES,K_CMB_to_uK,,,TMASK,COM_CMB_IQU-sevem_2048_R3.00_full.fits,,Mask ladder bands,mask_sky_fraction_bandlimited,cptg_cmb_mask_ladder_bands,SEVEM | 2-64 | mask_ge_0.80_abs_b_gt_40deg | abs_b_gt_40deg,True,False,0.0298796527353673,0.0005955630169145,,,2.0,64.0,2-64,50.17043014216381,,,mask_ge_0.80_abs_b_gt_40deg,0.8,40.0,abs_b_gt_40deg
SEVEM,0.201143381381604,0.2008806421433447,0.0002627392382593,11.586553538766667,11.571418851112934,0.0151346876537346,0.9795618055547146,0.9796157197653574,0.3572133382161458,I_STOKES,K_CMB_to_uK,,,TMASK,COM_CMB_IQU-sevem_2048_R3.00_full.fits,,Mask ladder bands,mask_sky_fraction_bandlimited,cptg_cmb_mask_ladder_bands,SEVEM | 2-95 | mask_ge_0.80_abs_b_gt_40deg | abs_b_gt_40deg,True,False,0.0151346876537346,0.0002627392382593,,,2.0,95.0,2-95,57.603454109111134,,,mask_ge_0.80_abs_b_gt_40deg,0.8,40.0,abs_b_gt_40deg
SEVEM,0.2483078601788354,0.2470992615416646,0.0012085986371707,10.608768232020209,10.557131756162995,0.0516364758572116,0.9686809342857092,0.9689899407273488,0.8378804524739584,I_STOKES,K_CMB_to_uK,,,TMASK,COM_CMB_IQU-sevem_2048_R3.00_full.fits,,Mask ladder bands,mask_sky_fraction_bandlimited,cptg_cmb_mask_ladder_bands,SEVEM | 2-30 | mask_ge_0.90_no_galactic_cut | no_galactic_cut,True,False,0.0516364758572116,0.0012085986371707,,,2.0,30.0,2-30,42.72425457808544,,,mask_ge_0.90_no_galactic_cut,0.9,-1.0,no_galactic_cut
SEVEM,0.2387130513543347,0.2376340104863907,0.001079040867944,11.132662232143684,11.082339899747751,0.0503223323959325,0.97108998469739,0.9713546001433574,0.8378804524739584,I_STOKES,K_CMB_to_uK,,,TMASK,COM_CMB_IQU-sevem_2048_R3.00_full.fits,,Mask ladder bands,mask_sky_fraction_bandlimited,cptg_cmb_mask_ladder_bands,SEVEM | 2-40 | mask_ge_0.90_no_galactic_cut | no_galactic_cut,True,False,0.0503223323959325,0.001079040867944,,,2.0,40.0,2-40,46.63616911175446,,,mask_ge_0.90_no_galactic_cut,0.9,-1.0,no_galactic_cut
SEVEM,0.2181845941199699,0.2173517880356808,0.000832806084289,11.608729633350992,11.564419352377596,0.044310280973395,0.9759075086161652,0.9760933269190272,0.8378804524739584,I_STOKES,K_CMB_to_uK,,,TMASK,COM_CMB_IQU-sevem_2048_R3.00_full.fits,,Mask ladder bands,mask_sky_fraction_bandlimited,cptg_cmb_mask_ladder_bands,SEVEM | 2-64 | mask_ge_0.90_no_galactic_cut | no_galactic_cut,True,False,0.044310280973395,0.000832806084289,,,2.0,64.0,2-64,53.20600054359415,,,mask_ge_0.90_no_galactic_cut,0.9,-1.0,no_galactic_cut
SEVEM,0.1988003482108062,0.1982489357780342,0.000551412432772,12.002054063820486,11.96876397208194,0.0332900917385448,0.9800399955022232,0.9801516876764405,0.8378804524739584,I_STOKES,K_CMB_to_uK,,,TMASK,COM_CMB_IQU-sevem_2048_R3.00_full.fits,,Mask ladder bands,mask_sky_fraction_bandlimited,cptg_cmb_mask_ladder_bands,SEVEM | 2-95 | mask_ge_0.90_no_galactic_cut | no_galactic_cut,True,False,0.0332900917385448,0.000551412432772,,,2.0,95.0,2-95,60.37239960512347,,,mask_ge_0.90_no_galactic_cut,0.9,-1.0,no_galactic_cut
SEVEM,0.255020297870812,0.2537550781532027,0.0012652197176092,10.70517169720013,10.652060653001792,0.0531110441983386,0.9669349438123472,0.9672677564535856,0.7909393310546875,I_STOKES,K_CMB_to_uK,,,TMASK,COM_CMB_IQU-sevem_2048_R3.00_full.fits,,Mask ladder bands,mask_sky_fraction_bandlimited,cptg_cmb_mask_ladder_bands,SEVEM | 2-30 | mask_ge_0.90_abs_b_gt_10deg | abs_b_gt_10deg,True,False,0.0531110441983386,0.0012652197176092,,,2.0,30.0,2-30,41.97772407364667,,,mask_ge_0.90_abs_b_gt_10deg,0.9,10.0,abs_b_gt_10deg
SEVEM,0.2467802865010338,0.2456541254142696,0.0011261610867642,11.31979569665396,11.268138760824767,0.0516569358291914,0.9690708568218986,0.9693569500546996,0.7909393310546875,I_STOKES,K_CMB_to_uK,,,TMASK,COM_CMB_IQU-sevem_2048_R3.00_full.fits,,Mask ladder bands,mask_sky_fraction_bandlimited,cptg_cmb_mask_ladder_bands,SEVEM | 2-40 | mask_ge_0.90_abs_b_gt_10deg | abs_b_gt_10deg,True,False,0.0516569358291914,0.0011261610867642,,,2.0,40.0,2-40,45.86993498204945,,,mask_ge_0.90_abs_b_gt_10deg,0.9,10.0,abs_b_gt_10deg
SEVEM,0.2263633782045737,0.2255158328681033,0.0008475453364704,11.925572665290666,11.88092116919896,0.0446514960917046,0.974042813532133,0.9742393917021056,0.7909393310546875,I_STOKES,K_CMB_to_uK,,,TMASK,COM_CMB_IQU-sevem_2048_R3.00_full.fits,,Mask ladder bands,mask_sky_fraction_bandlimited,cptg_cmb_mask_ladder_bands,SEVEM | 2-64 | mask_ge_0.90_abs_b_gt_10deg | abs_b_gt_10deg,True,False,0.0446514960917046,0.0008475453364704,,,2.0,64.0,2-64,52.683312821533534,,,mask_ge_0.90_abs_b_gt_10deg,0.9,10.0,abs_b_gt_10deg
SEVEM,0.2061819266020731,0.2056219546974894,0.0005599719045837,12.33290412932611,12.299409050838092,0.0334950784880181,0.978513617531336,0.9786314418172872,0.7909393310546875,I_STOKES,K_CMB_to_uK,,,TMASK,COM_CMB_IQU-sevem_2048_R3.00_full.fits,,Mask ladder bands,mask_sky_fraction_bandlimited,cptg_cmb_mask_ladder_bands,SEVEM | 2-95 | mask_ge_0.90_abs_b_gt_10deg | abs_b_gt_10deg,True,False,0.0334950784880181,0.0005599719045837,,,2.0,95.0,2-95,59.81564113099184,,,mask_ge_0.90_abs_b_gt_10deg,0.9,10.0,abs_b_gt_10deg
SEVEM,0.2734237374746592,0.2720955537521559,0.0013281837225033,11.20152499469892,11.147112443314088,0.0544125513848339,0.961893458934663,0.9622700142813242,0.6464653015136719,I_STOKES,K_CMB_to_uK,,,TMASK,COM_CMB_IQU-sevem_2048_R3.00_full.fits,,Mask ladder bands,mask_sky_fraction_bandlimited,cptg_cmb_mask_ladder_bands,SEVEM | 2-30 | mask_ge_0.90_abs_b_gt_20deg | abs_b_gt_20deg,True,False,0.0544125513848339,0.0013281837225033,,,2.0,30.0,2-30,40.96763908706747,,,mask_ge_0.90_abs_b_gt_20deg,0.9,20.0,abs_b_gt_20deg
SEVEM,0.2622542703244017,0.2610677744953823,0.0011864958290194,11.755942164766486,11.7027557044376,0.0531864603288845,0.9649987218445992,0.9653203893374152,0.6464653015136719,I_STOKES,K_CMB_to_uK,,,TMASK,COM_CMB_IQU-sevem_2048_R3.00_full.fits,,Mask ladder bands,mask_sky_fraction_bandlimited,cptg_cmb_mask_ladder_bands,SEVEM | 2-40 | mask_ge_0.90_abs_b_gt_20deg | abs_b_gt_20deg,True,False,0.0531864603288845,0.0011864958290194,,,2.0,40.0,2-40,44.826504255677854,,,mask_ge_0.90_abs_b_gt_20deg,0.9,20.0,abs_b_gt_20deg
SEVEM,0.2415741574816614,0.2407123198037312,0.0008618376779302,12.548873931624785,12.50410468775112,0.0447692438736631,0.9703823078806656,0.9705964541656968,0.6464653015136719,I_STOKES,K_CMB_to_uK,,,TMASK,COM_CMB_IQU-sevem_2048_R3.00_full.fits,,Mask ladder bands,mask_sky_fraction_bandlimited,cptg_cmb_mask_ladder_bands,SEVEM | 2-64 | mask_ge_0.90_abs_b_gt_20deg | abs_b_gt_20deg,True,False,0.0447692438736631,0.0008618376779302,,,2.0,64.0,2-64,51.94625974252813,,,mask_ge_0.90_abs_b_gt_20deg,0.9,20.0,abs_b_gt_20deg
SEVEM,0.219988095238798,0.2194217413348767,0.0005663539039212,13.00577469796366,12.97229165304836,0.0334830449153003,0.9755025391101126,0.9756300863863392,0.6464653015136719,I_STOKES,K_CMB_to_uK,,,TMASK,COM_CMB_IQU-sevem_2048_R3.00_full.fits,,Mask ladder bands,mask_sky_fraction_bandlimited,cptg_cmb_mask_ladder_bands,SEVEM | 2-95 | mask_ge_0.90_abs_b_gt_20deg | abs_b_gt_20deg,True,False,0.0334830449153003,0.0005663539039212,,,2.0,95.0,2-95,59.12035687133813,,,mask_ge_0.90_abs_b_gt_20deg,0.9,20.0,abs_b_gt_20deg
SEVEM,0.2638210387516758,0.2624753283960206,0.0013457103556552,10.347394080695585,10.29461362226693,0.0527804584286553,0.9645712667561124,0.9649383288894178,0.4966697692871094,I_STOKES,K_CMB_to_uK,,,TMASK,COM_CMB_IQU-sevem_2048_R3.00_full.fits,,Mask ladder bands,mask_sky_fraction_bandlimited,cptg_cmb_mask_ladder_bands,SEVEM | 2-30 | mask_ge_0.90_abs_b_gt_30deg | abs_b_gt_30deg,True,False,0.0527804584286553,0.0013457103556552,,,2.0,30.0,2-30,39.2212619950874,,,mask_ge_0.90_abs_b_gt_30deg,0.9,30.0,abs_b_gt_30deg
SEVEM,0.2561649766735068,0.2549927307454967,0.00117224592801,11.087092173431255,11.03635612503561,0.0507360483956471,0.9666329984871356,0.9669428926693672,0.4966697692871094,I_STOKES,K_CMB_to_uK,,,TMASK,COM_CMB_IQU-sevem_2048_R3.00_full.fits,,Mask ladder bands,mask_sky_fraction_bandlimited,cptg_cmb_mask_ladder_bands,SEVEM | 2-40 | mask_ge_0.90_abs_b_gt_30deg | abs_b_gt_30deg,True,False,0.0507360483956471,0.00117224592801,,,2.0,40.0,2-40,43.2810617493672,,,mask_ge_0.90_abs_b_gt_30deg,0.9,30.0,abs_b_gt_30deg
SEVEM,0.2388819287143319,0.2380854449153431,0.0007964837989887,12.0988474707631,12.05850730753366,0.0403401632294393,0.9710486143985062,0.9712442063636412,0.4966697692871094,I_STOKES,K_CMB_to_uK,,,TMASK,COM_CMB_IQU-sevem_2048_R3.00_full.fits,,Mask ladder bands,mask_sky_fraction_bandlimited,cptg_cmb_mask_ladder_bands,SEVEM | 2-64 | mask_ge_0.90_abs_b_gt_30deg | abs_b_gt_30deg,True,False,0.0403401632294393,0.0007964837989887,,,2.0,64.0,2-64,50.64781390488336,,,mask_ge_0.90_abs_b_gt_30deg,0.9,30.0,abs_b_gt_30deg
SEVEM,0.2186718165964484,0.218214406201996,0.0004574103944524,12.693441198246752,12.666889482365765,0.0265517158809878,0.9757984601125506,0.9759008510424276,0.4966697692871094,I_STOKES,K_CMB_to_uK,,,TMASK,COM_CMB_IQU-sevem_2048_R3.00_full.fits,,Mask ladder bands,mask_sky_fraction_bandlimited,cptg_cmb_mask_ladder_bands,SEVEM | 2-95 | mask_ge_0.90_abs_b_gt_30deg | abs_b_gt_30deg,True,False,0.0265517158809878,0.0004574103944524,,,2.0,95.0,2-95,58.04790665672329,,,mask_ge_0.90_abs_b_gt_30deg,0.9,30.0,abs_b_gt_30deg
SEVEM,0.2353818716995246,0.2341835903126327,0.0011982813868919,9.106263854118216,9.05990571106442,0.0463581430537978,0.9719019161732266,0.9721913530421578,0.3572133382161458,I_STOKES,K_CMB_to_uK,,,TMASK,COM_CMB_IQU-sevem_2048_R3.00_full.fits,,Mask ladder bands,mask_sky_fraction_bandlimited,cptg_cmb_mask_ladder_bands,SEVEM | 2-30 | mask_ge_0.90_abs_b_gt_40deg | abs_b_gt_40deg,True,False,0.0463581430537978,0.0011982813868919,,,2.0,30.0,2-30,38.68719280872557,,,mask_ge_0.90_abs_b_gt_40deg,0.9,40.0,abs_b_gt_40deg
SEVEM,0.2297976016177626,0.2287751944007711,0.0010224072169914,9.766043051028436,9.722592323838388,0.0434507271900468,0.9732381578584556,0.9734790007670648,0.3572133382161458,I_STOKES,K_CMB_to_uK,,,TMASK,COM_CMB_IQU-sevem_2048_R3.00_full.fits,,Mask ladder bands,mask_sky_fraction_bandlimited,cptg_cmb_mask_ladder_bands,SEVEM | 2-40 | mask_ge_0.90_abs_b_gt_40deg | abs_b_gt_40deg,True,False,0.0434507271900468,0.0010224072169914,,,2.0,40.0,2-40,42.498455085153296,,,mask_ge_0.90_abs_b_gt_40deg,0.9,40.0,abs_b_gt_40deg
SEVEM,0.2191085841090797,0.2185130210921651,0.0005955630169145,10.992771912593009,10.96289225985764,0.0298796527353673,0.9757003961125372,0.9758339485360868,0.3572133382161458,I_STOKES,K_CMB_to_uK,,,TMASK,COM_CMB_IQU-sevem_2048_R3.00_full.fits,,Mask ladder bands,mask_sky_fraction_bandlimited,cptg_cmb_mask_ladder_bands,SEVEM | 2-64 | mask_ge_0.90_abs_b_gt_40deg | abs_b_gt_40deg,True,False,0.0298796527353673,0.0005955630169145,,,2.0,64.0,2-64,50.17043014216381,,,mask_ge_0.90_abs_b_gt_40deg,0.9,40.0,abs_b_gt_40deg
SEVEM,0.201143381381604,0.2008806421433447,0.0002627392382593,11.586553538766667,11.571418851112934,0.0151346876537346,0.9795618055547146,0.9796157197653574,0.3572133382161458,I_STOKES,K_CMB_to_uK,,,TMASK,COM_CMB_IQU-sevem_2048_R3.00_full.fits,,Mask ladder bands,mask_sky_fraction_bandlimited,cptg_cmb_mask_ladder_bands,SEVEM | 2-95 | mask_ge_0.90_abs_b_gt_40deg | abs_b_gt_40deg,True,False,0.0151346876537346,0.0002627392382593,,,2.0,95.0,2-95,57.603454109111134,,,mask_ge_0.90_abs_b_gt_40deg,0.9,40.0,abs_b_gt_40deg
SEVEM,0.2483078601788354,0.2470992615416646,0.0012085986371707,10.608768232020209,10.557131756162995,0.0516364758572116,0.9686809342857092,0.9689899407273488,0.8378804524739584,I_STOKES,K_CMB_to_uK,,,TMASK,COM_CMB_IQU-sevem_2048_R3.00_full.fits,,Mask ladder bands,mask_sky_fraction_bandlimited,cptg_cmb_mask_ladder_bands,SEVEM | 2-30 | mask_ge_0.95_no_galactic_cut | no_galactic_cut,True,False,0.0516364758572116,0.0012085986371707,,,2.0,30.0,2-30,42.72425457808544,,,mask_ge_0.95_no_galactic_cut,0.95,-1.0,no_galactic_cut
SEVEM,0.2387130513543347,0.2376340104863907,0.001079040867944,11.132662232143684,11.082339899747751,0.0503223323959325,0.97108998469739,0.9713546001433574,0.8378804524739584,I_STOKES,K_CMB_to_uK,,,TMASK,COM_CMB_IQU-sevem_2048_R3.00_full.fits,,Mask ladder bands,mask_sky_fraction_bandlimited,cptg_cmb_mask_ladder_bands,SEVEM | 2-40 | mask_ge_0.95_no_galactic_cut | no_galactic_cut,True,False,0.0503223323959325,0.001079040867944,,,2.0,40.0,2-40,46.63616911175446,,,mask_ge_0.95_no_galactic_cut,0.95,-1.0,no_galactic_cut
SEVEM,0.2181845941199699,0.2173517880356808,0.000832806084289,11.608729633350992,11.564419352377596,0.044310280973395,0.9759075086161652,0.9760933269190272,0.8378804524739584,I_STOKES,K_CMB_to_uK,,,TMASK,COM_CMB_IQU-sevem_2048_R3.00_full.fits,,Mask ladder bands,mask_sky_fraction_bandlimited,cptg_cmb_mask_ladder_bands,SEVEM | 2-64 | mask_ge_0.95_no_galactic_cut | no_galactic_cut,True,False,0.044310280973395,0.000832806084289,,,2.0,64.0,2-64,53.20600054359415,,,mask_ge_0.95_no_galactic_cut,0.95,-1.0,no_galactic_cut
SEVEM,0.1988003482108062,0.1982489357780342,0.000551412432772,12.002054063820486,11.96876397208194,0.0332900917385448,0.9800399955022232,0.9801516876764405,0.8378804524739584,I_STOKES,K_CMB_to_uK,,,TMASK,COM_CMB_IQU-sevem_2048_R3.00_full.fits,,Mask ladder bands,mask_sky_fraction_bandlimited,cptg_cmb_mask_ladder_bands,SEVEM | 2-95 | mask_ge_0.95_no_galactic_cut | no_galactic_cut,True,False,0.0332900917385448,0.000551412432772,,,2.0,95.0,2-95,60.37239960512347,,,mask_ge_0.95_no_galactic_cut,0.95,-1.0,no_galactic_cut
SEVEM,0.255020297870812,0.2537550781532027,0.0012652197176092,10.70517169720013,10.652060653001792,0.0531110441983386,0.9669349438123472,0.9672677564535856,0.7909393310546875,I_STOKES,K_CMB_to_uK,,,TMASK,COM_CMB_IQU-sevem_2048_R3.00_full.fits,,Mask ladder bands,mask_sky_fraction_bandlimited,cptg_cmb_mask_ladder_bands,SEVEM | 2-30 | mask_ge_0.95_abs_b_gt_10deg | abs_b_gt_10deg,True,False,0.0531110441983386,0.0012652197176092,,,2.0,30.0,2-30,41.97772407364667,,,mask_ge_0.95_abs_b_gt_10deg,0.95,10.0,abs_b_gt_10deg
SEVEM,0.2467802865010338,0.2456541254142696,0.0011261610867642,11.31979569665396,11.268138760824767,0.0516569358291914,0.9690708568218986,0.9693569500546996,0.7909393310546875,I_STOKES,K_CMB_to_uK,,,TMASK,COM_CMB_IQU-sevem_2048_R3.00_full.fits,,Mask ladder bands,mask_sky_fraction_bandlimited,cptg_cmb_mask_ladder_bands,SEVEM | 2-40 | mask_ge_0.95_abs_b_gt_10deg | abs_b_gt_10deg,True,False,0.0516569358291914,0.0011261610867642,,,2.0,40.0,2-40,45.86993498204945,,,mask_ge_0.95_abs_b_gt_10deg,0.95,10.0,abs_b_gt_10deg
SEVEM,0.2263633782045737,0.2255158328681033,0.0008475453364704,11.925572665290666,11.88092116919896,0.0446514960917046,0.974042813532133,0.9742393917021056,0.7909393310546875,I_STOKES,K_CMB_to_uK,,,TMASK,COM_CMB_IQU-sevem_2048_R3.00_full.fits,,Mask ladder bands,mask_sky_fraction_bandlimited,cptg_cmb_mask_ladder_bands,SEVEM | 2-64 | mask_ge_0.95_abs_b_gt_10deg | abs_b_gt_10deg,True,False,0.0446514960917046,0.0008475453364704,,,2.0,64.0,2-64,52.683312821533534,,,mask_ge_0.95_abs_b_gt_10deg,0.95,10.0,abs_b_gt_10deg
SEVEM,0.2061819266020731,0.2056219546974894,0.0005599719045837,12.33290412932611,12.299409050838092,0.0334950784880181,0.978513617531336,0.9786314418172872,0.7909393310546875,I_STOKES,K_CMB_to_uK,,,TMASK,COM_CMB_IQU-sevem_2048_R3.00_full.fits,,Mask ladder bands,mask_sky_fraction_bandlimited,cptg_cmb_mask_ladder_bands,SEVEM | 2-95 | mask_ge_0.95_abs_b_gt_10deg | abs_b_gt_10deg,True,False,0.0334950784880181,0.0005599719045837,,,2.0,95.0,2-95,59.81564113099184,,,mask_ge_0.95_abs_b_gt_10deg,0.95,10.0,abs_b_gt_10deg
SEVEM,0.2734237374746592,0.2720955537521559,0.0013281837225033,11.20152499469892,11.147112443314088,0.0544125513848339,0.961893458934663,0.9622700142813242,0.6464653015136719,I_STOKES,K_CMB_to_uK,,,TMASK,COM_CMB_IQU-sevem_2048_R3.00_full.fits,,Mask ladder bands,mask_sky_fraction_bandlimited,cptg_cmb_mask_ladder_bands,SEVEM | 2-30 | mask_ge_0.95_abs_b_gt_20deg | abs_b_gt_20deg,True,False,0.0544125513848339,0.0013281837225033,,,2.0,30.0,2-30,40.96763908706747,,,mask_ge_0.95_abs_b_gt_20deg,0.95,20.0,abs_b_gt_20deg
SEVEM,0.2622542703244017,0.2610677744953823,0.0011864958290194,11.755942164766486,11.7027557044376,0.0531864603288845,0.9649987218445992,0.9653203893374152,0.6464653015136719,I_STOKES,K_CMB_to_uK,,,TMASK,COM_CMB_IQU-sevem_2048_R3.00_full.fits,,Mask ladder bands,mask_sky_fraction_bandlimited,cptg_cmb_mask_ladder_bands,SEVEM | 2-40 | mask_ge_0.95_abs_b_gt_20deg | abs_b_gt_20deg,True,False,0.0531864603288845,0.0011864958290194,,,2.0,40.0,2-40,44.826504255677854,,,mask_ge_0.95_abs_b_gt_20deg,0.95,20.0,abs_b_gt_20deg
SEVEM,0.2415741574816614,0.2407123198037312,0.0008618376779302,12.548873931624785,12.50410468775112,0.0447692438736631,0.9703823078806656,0.9705964541656968,0.6464653015136719,I_STOKES,K_CMB_to_uK,,,TMASK,COM_CMB_IQU-sevem_2048_R3.00_full.fits,,Mask ladder bands,mask_sky_fraction_bandlimited,cptg_cmb_mask_ladder_bands,SEVEM | 2-64 | mask_ge_0.95_abs_b_gt_20deg | abs_b_gt_20deg,True,False,0.0447692438736631,0.0008618376779302,,,2.0,64.0,2-64,51.94625974252813,,,mask_ge_0.95_abs_b_gt_20deg,0.95,20.0,abs_b_gt_20deg
SEVEM,0.219988095238798,0.2194217413348767,0.0005663539039212,13.00577469796366,12.97229165304836,0.0334830449153003,0.9755025391101126,0.9756300863863392,0.6464653015136719,I_STOKES,K_CMB_to_uK,,,TMASK,COM_CMB_IQU-sevem_2048_R3.00_full.fits,,Mask ladder bands,mask_sky_fraction_bandlimited,cptg_cmb_mask_ladder_bands,SEVEM | 2-95 | mask_ge_0.95_abs_b_gt_20deg | abs_b_gt_20deg,True,False,0.0334830449153003,0.0005663539039212,,,2.0,95.0,2-95,59.12035687133813,,,mask_ge_0.95_abs_b_gt_20deg,0.95,20.0,abs_b_gt_20deg
SEVEM,0.2638210387516758,0.2624753283960206,0.0013457103556552,10.347394080695585,10.29461362226693,0.0527804584286553,0.9645712667561124,0.9649383288894178,0.4966697692871094,I_STOKES,K_CMB_to_uK,,,TMASK,COM_CMB_IQU-sevem_2048_R3.00_full.fits,,Mask ladder bands,mask_sky_fraction_bandlimited,cptg_cmb_mask_ladder_bands,SEVEM | 2-30 | mask_ge_0.95_abs_b_gt_30deg | abs_b_gt_30deg,True,False,0.0527804584286553,0.0013457103556552,,,2.0,30.0,2-30,39.2212619950874,,,mask_ge_0.95_abs_b_gt_30deg,0.95,30.0,abs_b_gt_30deg
SEVEM,0.2561649766735068,0.2549927307454967,0.00117224592801,11.087092173431255,11.03635612503561,0.0507360483956471,0.9666329984871356,0.9669428926693672,0.4966697692871094,I_STOKES,K_CMB_to_uK,,,TMASK,COM_CMB_IQU-sevem_2048_R3.00_full.fits,,Mask ladder bands,mask_sky_fraction_bandlimited,cptg_cmb_mask_ladder_bands,SEVEM | 2-40 | mask_ge_0.95_abs_b_gt_30deg | abs_b_gt_30deg,True,False,0.0507360483956471,0.00117224592801,,,2.0,40.0,2-40,43.2810617493672,,,mask_ge_0.95_abs_b_gt_30deg,0.95,30.0,abs_b_gt_30deg
SEVEM,0.2388819287143319,0.2380854449153431,0.0007964837989887,12.0988474707631,12.05850730753366,0.0403401632294393,0.9710486143985062,0.9712442063636412,0.4966697692871094,I_STOKES,K_CMB_to_uK,,,TMASK,COM_CMB_IQU-sevem_2048_R3.00_full.fits,,Mask ladder bands,mask_sky_fraction_bandlimited,cptg_cmb_mask_ladder_bands,SEVEM | 2-64 | mask_ge_0.95_abs_b_gt_30deg | abs_b_gt_30deg,True,False,0.0403401632294393,0.0007964837989887,,,2.0,64.0,2-64,50.64781390488336,,,mask_ge_0.95_abs_b_gt_30deg,0.95,30.0,abs_b_gt_30deg
SEVEM,0.2186718165964484,0.218214406201996,0.0004574103944524,12.693441198246752,12.666889482365765,0.0265517158809878,0.9757984601125506,0.9759008510424276,0.4966697692871094,I_STOKES,K_CMB_to_uK,,,TMASK,COM_CMB_IQU-sevem_2048_R3.00_full.fits,,Mask ladder bands,mask_sky_fraction_bandlimited,cptg_cmb_mask_ladder_bands,SEVEM | 2-95 | mask_ge_0.95_abs_b_gt_30deg | abs_b_gt_30deg,True,False,0.0265517158809878,0.0004574103944524,,,2.0,95.0,2-95,58.04790665672329,,,mask_ge_0.95_abs_b_gt_30deg,0.95,30.0,abs_b_gt_30deg
SEVEM,0.2353818716995246,0.2341835903126327,0.0011982813868919,9.106263854118216,9.05990571106442,0.0463581430537978,0.9719019161732266,0.9721913530421578,0.3572133382161458,I_STOKES,K_CMB_to_uK,,,TMASK,COM_CMB_IQU-sevem_2048_R3.00_full.fits,,Mask ladder bands,mask_sky_fraction_bandlimited,cptg_cmb_mask_ladder_bands,SEVEM | 2-30 | mask_ge_0.95_abs_b_gt_40deg | abs_b_gt_40deg,True,False,0.0463581430537978,0.0011982813868919,,,2.0,30.0,2-30,38.68719280872557,,,mask_ge_0.95_abs_b_gt_40deg,0.95,40.0,abs_b_gt_40deg
SEVEM,0.2297976016177626,0.2287751944007711,0.0010224072169914,9.766043051028436,9.722592323838388,0.0434507271900468,0.9732381578584556,0.9734790007670648,0.3572133382161458,I_STOKES,K_CMB_to_uK,,,TMASK,COM_CMB_IQU-sevem_2048_R3.00_full.fits,,Mask ladder bands,mask_sky_fraction_bandlimited,cptg_cmb_mask_ladder_bands,SEVEM | 2-40 | mask_ge_0.95_abs_b_gt_40deg | abs_b_gt_40deg,True,False,0.0434507271900468,0.0010224072169914,,,2.0,40.0,2-40,42.498455085153296,,,mask_ge_0.95_abs_b_gt_40deg,0.95,40.0,abs_b_gt_40deg
SEVEM,0.2191085841090797,0.2185130210921651,0.0005955630169145,10.992771912593009,10.96289225985764,0.0298796527353673,0.9757003961125372,0.9758339485360868,0.3572133382161458,I_STOKES,K_CMB_to_uK,,,TMASK,COM_CMB_IQU-sevem_2048_R3.00_full.fits,,Mask ladder bands,mask_sky_fraction_bandlimited,cptg_cmb_mask_ladder_bands,SEVEM | 2-64 | mask_ge_0.95_abs_b_gt_40deg | abs_b_gt_40deg,True,False,0.0298796527353673,0.0005955630169145,,,2.0,64.0,2-64,50.17043014216381,,,mask_ge_0.95_abs_b_gt_40deg,0.95,40.0,abs_b_gt_40deg
SEVEM,0.201143381381604,0.2008806421433447,0.0002627392382593,11.586553538766667,11.571418851112934,0.0151346876537346,0.9795618055547146,0.9796157197653574,0.3572133382161458,I_STOKES,K_CMB_to_uK,,,TMASK,COM_CMB_IQU-sevem_2048_R3.00_full.fits,,Mask ladder bands,mask_sky_fraction_bandlimited,cptg_cmb_mask_ladder_bands,SEVEM | 2-95 | mask_ge_0.95_abs_b_gt_40deg | abs_b_gt_40deg,True,False,0.0151346876537346,0.0002627392382593,,,2.0,95.0,2-95,57.603454109111134,,,mask_ge_0.95_abs_b_gt_40deg,0.95,40.0,abs_b_gt_40deg
SEVEM,0.2482859767100306,0.2470774190604084,0.0012085576496222,10.607796006156416,10.55616146288197,0.0516345432744458,0.9686865426467154,0.9689955095630112,0.8378740946451823,I_STOKES,K_CMB_to_uK,,,TMASK,COM_CMB_IQU-sevem_2048_R3.00_full.fits,,Mask ladder bands,mask_sky_fraction_bandlimited,cptg_cmb_mask_ladder_bands,SEVEM | 2-30 | mask_ge_0.99_no_galactic_cut | no_galactic_cut,True,False,0.0516345432744458,0.0012085576496222,,,2.0,30.0,2-30,42.72410446501011,,,mask_ge_0.99_no_galactic_cut,0.99,-1.0,no_galactic_cut
SEVEM,0.2386911227696231,0.2376121144944506,0.0010790082751724,11.13155319806422,11.081232776102713,0.0503204219615103,0.9710953742003317,0.9713599558523498,0.8378740946451823,I_STOKES,K_CMB_to_uK,,,TMASK,COM_CMB_IQU-sevem_2048_R3.00_full.fits,,Mask ladder bands,mask_sky_fraction_bandlimited,cptg_cmb_mask_ladder_bands,SEVEM | 2-40 | mask_ge_0.99_no_galactic_cut | no_galactic_cut,True,False,0.0503204219615103,0.0010790082751724,,,2.0,40.0,2-40,46.63580726798975,,,mask_ge_0.99_no_galactic_cut,0.99,-1.0,no_galactic_cut
SEVEM,0.2181679794508245,0.2173352327912033,0.0008327466596212,11.607776408274605,11.563469553281704,0.0443068549929002,0.975911222984754,0.976097013173849,0.8378740946451823,I_STOKES,K_CMB_to_uK,,,TMASK,COM_CMB_IQU-sevem_2048_R3.00_full.fits,,Mask ladder bands,mask_sky_fraction_bandlimited,cptg_cmb_mask_ladder_bands,SEVEM | 2-64 | mask_ge_0.99_no_galactic_cut | no_galactic_cut,True,False,0.0443068549929002,0.0008327466596212,,,2.0,64.0,2-64,53.20568324230649,,,mask_ge_0.99_no_galactic_cut,0.99,-1.0,no_galactic_cut
SEVEM,0.1987860966133162,0.1982347264548325,0.0005513701584837,12.001059492405286,11.9677723250076,0.0332871673976864,0.9800428864251944,0.9801545617018677,0.8378740946451823,I_STOKES,K_CMB_to_uK,,,TMASK,COM_CMB_IQU-sevem_2048_R3.00_full.fits,,Mask ladder bands,mask_sky_fraction_bandlimited,cptg_cmb_mask_ladder_bands,SEVEM | 2-95 | mask_ge_0.99_no_galactic_cut | no_galactic_cut,True,False,0.0332871673976864,0.0005513701584837,,,2.0,95.0,2-95,60.37172466719365,,,mask_ge_0.99_no_galactic_cut,0.99,-1.0,no_galactic_cut
SEVEM,0.255020297870812,0.2537550781532027,0.0012652197176092,10.70517169720013,10.652060653001792,0.0531110441983386,0.9669349438123472,0.9672677564535856,0.7909393310546875,I_STOKES,K_CMB_to_uK,,,TMASK,COM_CMB_IQU-sevem_2048_R3.00_full.fits,,Mask ladder bands,mask_sky_fraction_bandlimited,cptg_cmb_mask_ladder_bands,SEVEM | 2-30 | mask_ge_0.99_abs_b_gt_10deg | abs_b_gt_10deg,True,False,0.0531110441983386,0.0012652197176092,,,2.0,30.0,2-30,41.97772407364667,,,mask_ge_0.99_abs_b_gt_10deg,0.99,10.0,abs_b_gt_10deg
SEVEM,0.2467802865010338,0.2456541254142696,0.0011261610867642,11.31979569665396,11.268138760824767,0.0516569358291914,0.9690708568218986,0.9693569500546996,0.7909393310546875,I_STOKES,K_CMB_to_uK,,,TMASK,COM_CMB_IQU-sevem_2048_R3.00_full.fits,,Mask ladder bands,mask_sky_fraction_bandlimited,cptg_cmb_mask_ladder_bands,SEVEM | 2-40 | mask_ge_0.99_abs_b_gt_10deg | abs_b_gt_10deg,True,False,0.0516569358291914,0.0011261610867642,,,2.0,40.0,2-40,45.86993498204945,,,mask_ge_0.99_abs_b_gt_10deg,0.99,10.0,abs_b_gt_10deg
SEVEM,0.2263633782045737,0.2255158328681033,0.0008475453364704,11.925572665290666,11.88092116919896,0.0446514960917046,0.974042813532133,0.9742393917021056,0.7909393310546875,I_STOKES,K_CMB_to_uK,,,TMASK,COM_CMB_IQU-sevem_2048_R3.00_full.fits,,Mask ladder bands,mask_sky_fraction_bandlimited,cptg_cmb_mask_ladder_bands,SEVEM | 2-64 | mask_ge_0.99_abs_b_gt_10deg | abs_b_gt_10deg,True,False,0.0446514960917046,0.0008475453364704,,,2.0,64.0,2-64,52.683312821533534,,,mask_ge_0.99_abs_b_gt_10deg,0.99,10.0,abs_b_gt_10deg
SEVEM,0.2061819266020731,0.2056219546974894,0.0005599719045837,12.33290412932611,12.299409050838092,0.0334950784880181,0.978513617531336,0.9786314418172872,0.7909393310546875,I_STOKES,K_CMB_to_uK,,,TMASK,COM_CMB_IQU-sevem_2048_R3.00_full.fits,,Mask ladder bands,mask_sky_fraction_bandlimited,cptg_cmb_mask_ladder_bands,SEVEM | 2-95 | mask_ge_0.99_abs_b_gt_10deg | abs_b_gt_10deg,True,False,0.0334950784880181,0.0005599719045837,,,2.0,95.0,2-95,59.81564113099184,,,mask_ge_0.99_abs_b_gt_10deg,0.99,10.0,abs_b_gt_10deg
SEVEM,0.2734237374746592,0.2720955537521559,0.0013281837225033,11.20152499469892,11.147112443314088,0.0544125513848339,0.961893458934663,0.9622700142813242,0.6464653015136719,I_STOKES,K_CMB_to_uK,,,TMASK,COM_CMB_IQU-sevem_2048_R3.00_full.fits,,Mask ladder bands,mask_sky_fraction_bandlimited,cptg_cmb_mask_ladder_bands,SEVEM | 2-30 | mask_ge_0.99_abs_b_gt_20deg | abs_b_gt_20deg,True,False,0.0544125513848339,0.0013281837225033,,,2.0,30.0,2-30,40.96763908706747,,,mask_ge_0.99_abs_b_gt_20deg,0.99,20.0,abs_b_gt_20deg
SEVEM,0.2622542703244017,0.2610677744953823,0.0011864958290194,11.755942164766486,11.7027557044376,0.0531864603288845,0.9649987218445992,0.9653203893374152,0.6464653015136719,I_STOKES,K_CMB_to_uK,,,TMASK,COM_CMB_IQU-sevem_2048_R3.00_full.fits,,Mask ladder bands,mask_sky_fraction_bandlimited,cptg_cmb_mask_ladder_bands,SEVEM | 2-40 | mask_ge_0.99_abs_b_gt_20deg | abs_b_gt_20deg,True,False,0.0531864603288845,0.0011864958290194,,,2.0,40.0,2-40,44.826504255677854,,,mask_ge_0.99_abs_b_gt_20deg,0.99,20.0,abs_b_gt_20deg
SEVEM,0.2415741574816614,0.2407123198037312,0.0008618376779302,12.548873931624785,12.50410468775112,0.0447692438736631,0.9703823078806656,0.9705964541656968,0.6464653015136719,I_STOKES,K_CMB_to_uK,,,TMASK,COM_CMB_IQU-sevem_2048_R3.00_full.fits,,Mask ladder bands,mask_sky_fraction_bandlimited,cptg_cmb_mask_ladder_bands,SEVEM | 2-64 | mask_ge_0.99_abs_b_gt_20deg | abs_b_gt_20deg,True,False,0.0447692438736631,0.0008618376779302,,,2.0,64.0,2-64,51.94625974252813,,,mask_ge_0.99_abs_b_gt_20deg,0.99,20.0,abs_b_gt_20deg
SEVEM,0.219988095238798,0.2194217413348767,0.0005663539039212,13.00577469796366,12.97229165304836,0.0334830449153003,0.9755025391101126,0.9756300863863392,0.6464653015136719,I_STOKES,K_CMB_to_uK,,,TMASK,COM_CMB_IQU-sevem_2048_R3.00_full.fits,,Mask ladder bands,mask_sky_fraction_bandlimited,cptg_cmb_mask_ladder_bands,SEVEM | 2-95 | mask_ge_0.99_abs_b_gt_20deg | abs_b_gt_20deg,True,False,0.0334830449153003,0.0005663539039212,,,2.0,95.0,2-95,59.12035687133813,,,mask_ge_0.99_abs_b_gt_20deg,0.99,20.0,abs_b_gt_20deg
SEVEM,0.2638210387516758,0.2624753283960206,0.0013457103556552,10.347394080695585,10.29461362226693,0.0527804584286553,0.9645712667561124,0.9649383288894178,0.4966697692871094,I_STOKES,K_CMB_to_uK,,,TMASK,COM_CMB_IQU-sevem_2048_R3.00_full.fits,,Mask ladder bands,mask_sky_fraction_bandlimited,cptg_cmb_mask_ladder_bands,SEVEM | 2-30 | mask_ge_0.99_abs_b_gt_30deg | abs_b_gt_30deg,True,False,0.0527804584286553,0.0013457103556552,,,2.0,30.0,2-30,39.2212619950874,,,mask_ge_0.99_abs_b_gt_30deg,0.99,30.0,abs_b_gt_30deg
SEVEM,0.2561649766735068,0.2549927307454967,0.00117224592801,11.087092173431255,11.03635612503561,0.0507360483956471,0.9666329984871356,0.9669428926693672,0.4966697692871094,I_STOKES,K_CMB_to_uK,,,TMASK,COM_CMB_IQU-sevem_2048_R3.00_full.fits,,Mask ladder bands,mask_sky_fraction_bandlimited,cptg_cmb_mask_ladder_bands,SEVEM | 2-40 | mask_ge_0.99_abs_b_gt_30deg | abs_b_gt_30deg,True,False,0.0507360483956471,0.00117224592801,,,2.0,40.0,2-40,43.2810617493672,,,mask_ge_0.99_abs_b_gt_30deg,0.99,30.0,abs_b_gt_30deg
SEVEM,0.2388819287143319,0.2380854449153431,0.0007964837989887,12.0988474707631,12.05850730753366,0.0403401632294393,0.9710486143985062,0.9712442063636412,0.4966697692871094,I_STOKES,K_CMB_to_uK,,,TMASK,COM_CMB_IQU-sevem_2048_R3.00_full.fits,,Mask ladder bands,mask_sky_fraction_bandlimited,cptg_cmb_mask_ladder_bands,SEVEM | 2-64 | mask_ge_0.99_abs_b_gt_30deg | abs_b_gt_30deg,True,False,0.0403401632294393,0.0007964837989887,,,2.0,64.0,2-64,50.64781390488336,,,mask_ge_0.99_abs_b_gt_30deg,0.99,30.0,abs_b_gt_30deg
SEVEM,0.2186718165964484,0.218214406201996,0.0004574103944524,12.693441198246752,12.666889482365765,0.0265517158809878,0.9757984601125506,0.9759008510424276,0.4966697692871094,I_STOKES,K_CMB_to_uK,,,TMASK,COM_CMB_IQU-sevem_2048_R3.00_full.fits,,Mask ladder bands,mask_sky_fraction_bandlimited,cptg_cmb_mask_ladder_bands,SEVEM | 2-95 | mask_ge_0.99_abs_b_gt_30deg | abs_b_gt_30deg,True,False,0.0265517158809878,0.0004574103944524,,,2.0,95.0,2-95,58.04790665672329,,,mask_ge_0.99_abs_b_gt_30deg,0.99,30.0,abs_b_gt_30deg
SEVEM,0.2353818716995246,0.2341835903126327,0.0011982813868919,9.106263854118216,9.05990571106442,0.0463581430537978,0.9719019161732266,0.9721913530421578,0.3572133382161458,I_STOKES,K_CMB_to_uK,,,TMASK,COM_CMB_IQU-sevem_2048_R3.00_full.fits,,Mask ladder bands,mask_sky_fraction_bandlimited,cptg_cmb_mask_ladder_bands,SEVEM | 2-30 | mask_ge_0.99_abs_b_gt_40deg | abs_b_gt_40deg,True,False,0.0463581430537978,0.0011982813868919,,,2.0,30.0,2-30,38.68719280872557,,,mask_ge_0.99_abs_b_gt_40deg,0.99,40.0,abs_b_gt_40deg
SEVEM,0.2297976016177626,0.2287751944007711,0.0010224072169914,9.766043051028436,9.722592323838388,0.0434507271900468,0.9732381578584556,0.9734790007670648,0.3572133382161458,I_STOKES,K_CMB_to_uK,,,TMASK,COM_CMB_IQU-sevem_2048_R3.00_full.fits,,Mask ladder bands,mask_sky_fraction_bandlimited,cptg_cmb_mask_ladder_bands,SEVEM | 2-40 | mask_ge_0.99_abs_b_gt_40deg | abs_b_gt_40deg,True,False,0.0434507271900468,0.0010224072169914,,,2.0,40.0,2-40,42.498455085153296,,,mask_ge_0.99_abs_b_gt_40deg,0.99,40.0,abs_b_gt_40deg
SEVEM,0.2191085841090797,0.2185130210921651,0.0005955630169145,10.992771912593009,10.96289225985764,0.0298796527353673,0.9757003961125372,0.9758339485360868,0.3572133382161458,I_STOKES,K_CMB_to_uK,,,TMASK,COM_CMB_IQU-sevem_2048_R3.00_full.fits,,Mask ladder bands,mask_sky_fraction_bandlimited,cptg_cmb_mask_ladder_bands,SEVEM | 2-64 | mask_ge_0.99_abs_b_gt_40deg | abs_b_gt_40deg,True,False,0.0298796527353673,0.0005955630169145,,,2.0,64.0,2-64,50.17043014216381,,,mask_ge_0.99_abs_b_gt_40deg,0.99,40.0,abs_b_gt_40deg
SEVEM,0.201143381381604,0.2008806421433447,0.0002627392382593,11.586553538766667,11.571418851112934,0.0151346876537346,0.9795618055547146,0.9796157197653574,0.3572133382161458,I_STOKES,K_CMB_to_uK,,,TMASK,COM_CMB_IQU-sevem_2048_R3.00_full.fits,,Mask ladder bands,mask_sky_fraction_bandlimited,cptg_cmb_mask_ladder_bands,SEVEM | 2-95 | mask_ge_0.99_abs_b_gt_40deg | abs_b_gt_40deg,True,False,0.0151346876537346,0.0002627392382593,,,2.0,95.0,2-95,57.603454109111134,,,mask_ge_0.99_abs_b_gt_40deg,0.99,40.0,abs_b_gt_40deg
COMMANDER,0.2361583960547749,0.234984009458601,0.0011743865961739,10.294383668054264,10.243190966894357,0.0511927011599073,0.9717144484867464,0.971999112721003,0.8879966735839844,I_STOKES,K_CMB_to_uK,,,TMASK,COM_CMB_IQU-commander_2048_R3.00_full.fits,,Mask ladder bands,mask_sky_fraction_bandlimited,cptg_cmb_mask_ladder_bands,COMMANDER | 2-30 | mask_ge_0.50_no_galactic_cut | no_galactic_cut,True,False,0.0511927011599073,0.0011743865961739,,,2.0,30.0,2-30,43.59101281186957,,,mask_ge_0.50_no_galactic_cut,0.5,-1.0,no_galactic_cut
COMMANDER,0.2281978119051619,0.2271512299569255,0.0010465819482363,10.826395437826609,10.776742419968544,0.0496530178580627,0.9736147105235192,0.9738594180092698,0.8879966735839844,I_STOKES,K_CMB_to_uK,,,TMASK,COM_CMB_IQU-commander_2048_R3.00_full.fits,,Mask ladder bands,mask_sky_fraction_bandlimited,cptg_cmb_mask_ladder_bands,COMMANDER | 2-40 | mask_ge_0.50_no_galactic_cut | no_galactic_cut,True,False,0.0496530178580627,0.0010465819482363,,,2.0,40.0,2-40,47.44302913091039,,,mask_ge_0.50_no_galactic_cut,0.5,-1.0,no_galactic_cut
COMMANDER,0.208963844678777,0.2081535285318752,0.0008103161469018,11.275351283054231,11.23162793358823,0.0437233494660009,0.9779233433046836,0.9780961418392232,0.8879966735839844,I_STOKES,K_CMB_to_uK,,,TMASK,COM_CMB_IQU-commander_2048_R3.00_full.fits,,Mask ladder bands,mask_sky_fraction_bandlimited,cptg_cmb_mask_ladder_bands,COMMANDER | 2-64 | mask_ge_0.50_no_galactic_cut | no_galactic_cut,True,False,0.0437233494660009,0.0008103161469018,,,2.0,64.0,2-64,53.958383568156975,,,mask_ge_0.50_no_galactic_cut,0.5,-1.0,no_galactic_cut
COMMANDER,0.1904916742824039,0.1899413847201803,0.0005502895622236,11.617879287397496,11.584317727654202,0.0335615597432941,0.981688790597912,0.981795411560073,0.8879966735839844,I_STOKES,K_CMB_to_uK,,,TMASK,COM_CMB_IQU-commander_2048_R3.00_full.fits,,Mask ladder bands,mask_sky_fraction_bandlimited,cptg_cmb_mask_ladder_bands,COMMANDER | 2-95 | mask_ge_0.50_no_galactic_cut | no_galactic_cut,True,False,0.0335615597432941,0.0005502895622236,,,2.0,95.0,2-95,60.988908471527154,,,mask_ge_0.50_no_galactic_cut,0.5,-1.0,no_galactic_cut
COMMANDER,0.2476480894952282,0.2464016328234261,0.001246456671802,10.470380426334286,10.417681148236436,0.052699278097851,0.9688494224784148,0.9691671823079492,0.8131891886393229,I_STOKES,K_CMB_to_uK,,,TMASK,COM_CMB_IQU-commander_2048_R3.00_full.fits,,Mask ladder bands,mask_sky_fraction_bandlimited,cptg_cmb_mask_ladder_bands,COMMANDER | 2-30 | mask_ge_0.50_abs_b_gt_10deg | abs_b_gt_10deg,True,False,0.052699278097851,0.001246456671802,,,2.0,30.0,2-30,42.27926994177773,,,mask_ge_0.50_abs_b_gt_10deg,0.5,10.0,abs_b_gt_10deg
COMMANDER,0.2401571721083031,0.2390506911134565,0.0011064809948465,11.081402865875566,11.030347294394234,0.0510555714813314,0.9707337162269792,0.9710067907023018,0.8131891886393229,I_STOKES,K_CMB_to_uK,,,TMASK,COM_CMB_IQU-commander_2048_R3.00_full.fits,,Mask ladder bands,mask_sky_fraction_bandlimited,cptg_cmb_mask_ladder_bands,COMMANDER | 2-40 | mask_ge_0.50_abs_b_gt_10deg | abs_b_gt_10deg,True,False,0.0510555714813314,0.0011064809948465,,,2.0,40.0,2-40,46.14229410095739,,,mask_ge_0.50_abs_b_gt_10deg,0.5,10.0,abs_b_gt_10deg
COMMANDER,0.2206770200681645,0.2198467874005659,0.0008302326675986,11.679155837110264,11.635216433256849,0.0439394038534182,0.975346885195706,0.975534358449521,0.8131891886393229,I_STOKES,K_CMB_to_uK,,,TMASK,COM_CMB_IQU-commander_2048_R3.00_full.fits,,Mask ladder bands,mask_sky_fraction_bandlimited,cptg_cmb_mask_ladder_bands,COMMANDER | 2-64 | mask_ge_0.50_abs_b_gt_10deg | abs_b_gt_10deg,True,False,0.0439394038534182,0.0008302326675986,,,2.0,64.0,2-64,52.9242049466805,,,mask_ge_0.50_abs_b_gt_10deg,0.5,10.0,abs_b_gt_10deg
COMMANDER,0.201201676984427,0.2006541323571602,0.0005475446272668,12.072802773475026,12.039948185015607,0.0328545884594166,0.9795497983382232,0.9796621059510338,0.8131891886393229,I_STOKES,K_CMB_to_uK,,,TMASK,COM_CMB_IQU-commander_2048_R3.00_full.fits,,Mask ladder bands,mask_sky_fraction_bandlimited,cptg_cmb_mask_ladder_bands,COMMANDER | 2-95 | mask_ge_0.50_abs_b_gt_10deg | abs_b_gt_10deg,True,False,0.0328545884594166,0.0005475446272668,,,2.0,95.0,2-95,60.00348980396151,,,mask_ge_0.50_abs_b_gt_10deg,0.5,10.0,abs_b_gt_10deg
COMMANDER,0.2683095311432193,0.2669839982533435,0.0013255328898757,11.073700300609852,11.018992762273282,0.0547075383365704,0.963332637481782,0.9637008466504532,0.6550153096516927,I_STOKES,K_CMB_to_uK,,,TMASK,COM_CMB_IQU-commander_2048_R3.00_full.fits,,Mask ladder bands,mask_sky_fraction_bandlimited,cptg_cmb_mask_ladder_bands,COMMANDER | 2-30 | mask_ge_0.50_abs_b_gt_20deg | abs_b_gt_20deg,True,False,0.0547075383365704,0.0013255328898757,,,2.0,30.0,2-30,41.272109318766205,,,mask_ge_0.50_abs_b_gt_20deg,0.5,20.0,abs_b_gt_20deg
COMMANDER,0.2572261695066356,0.2560408450366041,0.0011853244700315,11.600624134198538,11.547167272945746,0.0534568612527923,0.966351221056028,0.9666659560204937,0.6550153096516927,I_STOKES,K_CMB_to_uK,,,TMASK,COM_CMB_IQU-commander_2048_R3.00_full.fits,,Mask ladder bands,mask_sky_fraction_bandlimited,cptg_cmb_mask_ladder_bands,COMMANDER | 2-40 | mask_ge_0.50_abs_b_gt_20deg | abs_b_gt_20deg,True,False,0.0534568612527923,0.0011853244700315,,,2.0,40.0,2-40,45.09892658452576,,,mask_ge_0.50_abs_b_gt_20deg,0.5,20.0,abs_b_gt_20deg
COMMANDER,0.237098200780868,0.2362363994761932,0.0008618013046748,12.36896564134808,12.324007093826062,0.0449585475220182,0.9714856793555054,0.9716956034167518,0.6550153096516927,I_STOKES,K_CMB_to_uK,,,TMASK,COM_CMB_IQU-commander_2048_R3.00_full.fits,,Mask ladder bands,mask_sky_fraction_bandlimited,cptg_cmb_mask_ladder_bands,COMMANDER | 2-64 | mask_ge_0.50_abs_b_gt_20deg | abs_b_gt_20deg,True,False,0.0449585475220182,0.0008618013046748,,,2.0,64.0,2-64,52.168112624269895,,,mask_ge_0.50_abs_b_gt_20deg,0.5,20.0,abs_b_gt_20deg
COMMANDER,0.2160146359625052,0.2154430849941569,0.0005715509683482,12.807121972568153,12.773235736422349,0.0338862361458041,0.9763901229764952,0.9765163963547449,0.6550153096516927,I_STOKES,K_CMB_to_uK,,,TMASK,COM_CMB_IQU-commander_2048_R3.00_full.fits,,Mask ladder bands,mask_sky_fraction_bandlimited,cptg_cmb_mask_ladder_bands,COMMANDER | 2-95 | mask_ge_0.50_abs_b_gt_20deg | abs_b_gt_20deg,True,False,0.0338862361458041,0.0005715509683482,,,2.0,95.0,2-95,59.28821403930774,,,mask_ge_0.50_abs_b_gt_20deg,0.5,20.0,abs_b_gt_20deg
COMMANDER,0.2635747766887811,0.2622257130549839,0.0013490636337971,10.421725488055149,10.368383620392471,0.0533418676626755,0.9646384824611696,0.9650060879153356,0.4991658528645833,I_STOKES,K_CMB_to_uK,,,TMASK,COM_CMB_IQU-commander_2048_R3.00_full.fits,,Mask ladder bands,mask_sky_fraction_bandlimited,cptg_cmb_mask_ladder_bands,COMMANDER | 2-30 | mask_ge_0.50_abs_b_gt_30deg | abs_b_gt_30deg,True,False,0.0533418676626755,0.0013490636337971,,,2.0,30.0,2-30,39.53991963487735,,,mask_ge_0.50_abs_b_gt_30deg,0.5,30.0,abs_b_gt_30deg
COMMANDER,0.2553909546606477,0.2542105976065942,0.0011803570540534,11.124365856463951,11.072951648282634,0.0514142081813187,0.9668377830634568,0.9671488055286976,0.4991658528645833,I_STOKES,K_CMB_to_uK,,,TMASK,COM_CMB_IQU-commander_2048_R3.00_full.fits,,Mask ladder bands,mask_sky_fraction_bandlimited,cptg_cmb_mask_ladder_bands,COMMANDER | 2-40 | mask_ge_0.50_abs_b_gt_30deg | abs_b_gt_30deg,True,False,0.0514142081813187,0.0011803570540534,,,2.0,40.0,2-40,43.55818267426708,,,mask_ge_0.50_abs_b_gt_30deg,0.5,30.0,abs_b_gt_30deg
COMMANDER,0.2376363716764293,0.2368271882373265,0.0008091834391027,12.094568603890227,12.053384989831828,0.0411836140583989,0.9713541631488238,0.9715517683710136,0.4991658528645833,I_STOKES,K_CMB_to_uK,,,TMASK,COM_CMB_IQU-commander_2048_R3.00_full.fits,,Mask ladder bands,mask_sky_fraction_bandlimited,cptg_cmb_mask_ladder_bands,COMMANDER | 2-64 | mask_ge_0.50_abs_b_gt_30deg | abs_b_gt_30deg,True,False,0.0411836140583989,0.0008091834391027,,,2.0,64.0,2-64,50.895275494100055,,,mask_ge_0.50_abs_b_gt_30deg,0.5,30.0,abs_b_gt_30deg
COMMANDER,0.2172994798174571,0.2168249234610017,0.0004745563564553,12.663509312977464,12.635853706785708,0.0276556061917556,0.9761049728893348,0.9762104971125684,0.4991658528645833,I_STOKES,K_CMB_to_uK,,,TMASK,COM_CMB_IQU-commander_2048_R3.00_full.fits,,Mask ladder bands,mask_sky_fraction_bandlimited,cptg_cmb_mask_ladder_bands,COMMANDER | 2-95 | mask_ge_0.50_abs_b_gt_30deg | abs_b_gt_30deg,True,False,0.0276556061917556,0.0004745563564553,,,2.0,95.0,2-95,58.27675852521816,,,mask_ge_0.50_abs_b_gt_30deg,0.5,30.0,abs_b_gt_30deg
COMMANDER,0.2325143587973622,0.2313219648027256,0.0011923939946365,9.031283399467126,8.984968633595955,0.0463147658711715,0.972591817249093,0.9728761182389896,0.3576583862304687,I_STOKES,K_CMB_to_uK,,,TMASK,COM_CMB_IQU-commander_2048_R3.00_full.fits,,Mask ladder bands,mask_sky_fraction_bandlimited,cptg_cmb_mask_ladder_bands,COMMANDER | 2-30 | mask_ge_0.50_abs_b_gt_40deg | abs_b_gt_40deg,True,False,0.0463147658711715,0.0011923939946365,,,2.0,30.0,2-30,38.841830870918166,,,mask_ge_0.50_abs_b_gt_40deg,0.5,40.0,abs_b_gt_40deg
COMMANDER,0.2267893622273484,0.2257694133828338,0.0010199488445145,9.666554602216808,9.623080820641972,0.0434737815748356,0.973943509479796,0.9741804514933587,0.3576583862304687,I_STOKES,K_CMB_to_uK,,,TMASK,COM_CMB_IQU-commander_2048_R3.00_full.fits,,Mask ladder bands,mask_sky_fraction_bandlimited,cptg_cmb_mask_ladder_bands,COMMANDER | 2-40 | mask_ge_0.50_abs_b_gt_40deg | abs_b_gt_40deg,True,False,0.0434737815748356,0.0010199488445145,,,2.0,40.0,2-40,42.62349215712519,,,mask_ge_0.50_abs_b_gt_40deg,0.5,40.0,abs_b_gt_40deg
COMMANDER,0.2163281557975224,0.2157339324624426,0.0005942233350797,10.8759737352588,10.846098949143329,0.0298747861154708,0.976320562753532,0.9764520388678032,0.3576583862304687,I_STOKES,K_CMB_to_uK,,,TMASK,COM_CMB_IQU-commander_2048_R3.00_full.fits,,Mask ladder bands,mask_sky_fraction_bandlimited,cptg_cmb_mask_ladder_bands,COMMANDER | 2-64 | mask_ge_0.50_abs_b_gt_40deg | abs_b_gt_40deg,True,False,0.0298747861154708,0.0005942233350797,,,2.0,64.0,2-64,50.27534994306719,,,mask_ge_0.50_abs_b_gt_40deg,0.5,40.0,abs_b_gt_40deg
COMMANDER,0.1987991579161592,0.198541702107216,0.0002574558089431,11.479252024406552,11.464385763668906,0.0148662607376461,0.9800402308865488,0.980092420118602,0.3576583862304687,I_STOKES,K_CMB_to_uK,,,TMASK,COM_CMB_IQU-commander_2048_R3.00_full.fits,,Mask ladder bands,mask_sky_fraction_bandlimited,cptg_cmb_mask_ladder_bands,COMMANDER | 2-95 | mask_ge_0.50_abs_b_gt_40deg | abs_b_gt_40deg,True,False,0.0148662607376461,0.0002574558089431,,,2.0,95.0,2-95,57.742961010165686,,,mask_ge_0.50_abs_b_gt_40deg,0.5,40.0,abs_b_gt_40deg
COMMANDER,0.2362041107970898,0.2350282050526546,0.0011759057444351,10.2828839103723,10.23169215837966,0.0511917519926399,0.9717033122019136,0.9719884025144044,0.8855260213216146,I_STOKES,K_CMB_to_uK,,,TMASK,COM_CMB_IQU-commander_2048_R3.00_full.fits,,Mask ladder bands,mask_sky_fraction_bandlimited,cptg_cmb_mask_ladder_bands,COMMANDER | 2-30 | mask_ge_0.70_no_galactic_cut | no_galactic_cut,True,False,0.0511917519926399,0.0011759057444351,,,2.0,30.0,2-30,43.53389056469796,,,mask_ge_0.70_no_galactic_cut,0.7,-1.0,no_galactic_cut
COMMANDER,0.2282375288831849,0.2271899099307389,0.0010476189524459,10.815946625519317,10.76630101846695,0.0496456070523656,0.9736053903930528,0.973850384922826,0.8855260213216146,I_STOKES,K_CMB_to_uK,,,TMASK,COM_CMB_IQU-commander_2048_R3.00_full.fits,,Mask ladder bands,mask_sky_fraction_bandlimited,cptg_cmb_mask_ladder_bands,COMMANDER | 2-40 | mask_ge_0.70_no_galactic_cut | no_galactic_cut,True,False,0.0496456070523656,0.0010476189524459,,,2.0,40.0,2-40,47.38899285513674,,,mask_ge_0.70_no_galactic_cut,0.7,-1.0,no_galactic_cut
COMMANDER,0.2089761986893301,0.2081658242974473,0.0008103743918828,11.266530746958445,11.222841044207804,0.0436897027506404,0.9779207024801247,0.978093524119398,0.8855260213216146,I_STOKES,K_CMB_to_uK,,,TMASK,COM_CMB_IQU-commander_2048_R3.00_full.fits,,Mask ladder bands,mask_sky_fraction_bandlimited,cptg_cmb_mask_ladder_bands,COMMANDER | 2-64 | mask_ge_0.70_no_galactic_cut | no_galactic_cut,True,False,0.0436897027506404,0.0008103743918828,,,2.0,64.0,2-64,53.91298539077927,,,mask_ge_0.70_no_galactic_cut,0.7,-1.0,no_galactic_cut
COMMANDER,0.1905124142396062,0.1899630471060366,0.0005493671335695,11.61110879246106,11.577626661754048,0.0334821307070125,0.9816847674390912,0.9817912219769092,0.8855260213216146,I_STOKES,K_CMB_to_uK,,,TMASK,COM_CMB_IQU-commander_2048_R3.00_full.fits,,Mask ladder bands,mask_sky_fraction_bandlimited,cptg_cmb_mask_ladder_bands,COMMANDER | 2-95 | mask_ge_0.70_no_galactic_cut | no_galactic_cut,True,False,0.0334821307070125,0.0005493671335695,,,2.0,95.0,2-95,60.94673063067607,,,mask_ge_0.70_no_galactic_cut,0.7,-1.0,no_galactic_cut
COMMANDER,0.2478836865861609,0.2466360361190772,0.0012476504670836,10.475950760214191,10.423223107825564,0.0527276523886275,0.9687891325923268,0.9691075194167816,0.812066396077474,I_STOKES,K_CMB_to_uK,,,TMASK,COM_CMB_IQU-commander_2048_R3.00_full.fits,,Mask ladder bands,mask_sky_fraction_bandlimited,cptg_cmb_mask_ladder_bands,COMMANDER | 2-30 | mask_ge_0.70_abs_b_gt_10deg | abs_b_gt_10deg,True,False,0.0527276523886275,0.0012476504670836,,,2.0,30.0,2-30,42.26155784790984,,,mask_ge_0.70_abs_b_gt_10deg,0.7,10.0,abs_b_gt_10deg
COMMANDER,0.2403397528251142,0.2392319764116733,0.0011077764134409,11.084928250054556,11.033835486931714,0.0510927631228401,0.970688501229918,0.9709621159071417,0.812066396077474,I_STOKES,K_CMB_to_uK,,,TMASK,COM_CMB_IQU-commander_2048_R3.00_full.fits,,Mask ladder bands,mask_sky_fraction_bandlimited,cptg_cmb_mask_ladder_bands,COMMANDER | 2-40 | mask_ge_0.70_abs_b_gt_10deg | abs_b_gt_10deg,True,False,0.0510927631228401,0.0011077764134409,,,2.0,40.0,2-40,46.12190917130808,,,mask_ge_0.70_abs_b_gt_10deg,0.7,10.0,abs_b_gt_10deg
COMMANDER,0.2208366106033683,0.2200053455039733,0.000831265099395,11.683029453403822,11.63905262087916,0.0439768325246632,0.9753107570445212,0.9754986059602936,0.812066396077474,I_STOKES,K_CMB_to_uK,,,TMASK,COM_CMB_IQU-commander_2048_R3.00_full.fits,,Mask ladder bands,mask_sky_fraction_bandlimited,cptg_cmb_mask_ladder_bands,COMMANDER | 2-64 | mask_ge_0.70_abs_b_gt_10deg | abs_b_gt_10deg,True,False,0.0439768325246632,0.000831265099395,,,2.0,64.0,2-64,52.90349920460889,,,mask_ge_0.70_abs_b_gt_10deg,0.7,10.0,abs_b_gt_10deg
COMMANDER,0.2013291288695378,0.2007804669362064,0.0005486619333313,12.075908849825693,12.042999595544003,0.0329092542816891,0.9795236091149628,0.9796362199730207,0.812066396077474,I_STOKES,K_CMB_to_uK,,,TMASK,COM_CMB_IQU-commander_2048_R3.00_full.fits,,Mask ladder bands,mask_sky_fraction_bandlimited,cptg_cmb_mask_ladder_bands,COMMANDER | 2-95 | mask_ge_0.70_abs_b_gt_10deg | abs_b_gt_10deg,True,False,0.0329092542816891,0.0005486619333313,,,2.0,95.0,2-95,59.98093230538407,,,mask_ge_0.70_abs_b_gt_10deg,0.7,10.0,abs_b_gt_10deg
COMMANDER,0.2684072195961645,0.267081411135661,0.0013258084605035,11.073827542447107,11.019127917496547,0.05469962495056,0.9633054109377776,0.9636738413800108,0.6547228495279948,I_STOKES,K_CMB_to_uK,,,TMASK,COM_CMB_IQU-commander_2048_R3.00_full.fits,,Mask ladder bands,mask_sky_fraction_bandlimited,cptg_cmb_mask_ladder_bands,COMMANDER | 2-30 | mask_ge_0.70_abs_b_gt_20deg | abs_b_gt_20deg,True,False,0.05469962495056,0.0013258084605035,,,2.0,30.0,2-30,41.257562144223904,,,mask_ge_0.70_abs_b_gt_20deg,0.7,20.0,abs_b_gt_20deg
COMMANDER,0.2573056378056099,0.2561200347114788,0.0011856030941311,11.600145485281212,11.546694777799589,0.0534507074816232,0.9663300615104812,0.966644974661142,0.6547228495279948,I_STOKES,K_CMB_to_uK,,,TMASK,COM_CMB_IQU-commander_2048_R3.00_full.fits,,Mask ladder bands,mask_sky_fraction_bandlimited,cptg_cmb_mask_ladder_bands,COMMANDER | 2-40 | mask_ge_0.70_abs_b_gt_20deg | abs_b_gt_20deg,True,False,0.0534507074816232,0.0011856030941311,,,2.0,40.0,2-40,45.08313764210999,,,mask_ge_0.70_abs_b_gt_20deg,0.7,20.0,abs_b_gt_20deg
COMMANDER,0.237172756940079,0.2363107499329308,0.0008620070071482,12.368813431497616,12.323858842338147,0.0449545891594702,0.9714674769986744,0.9716775211687392,0.6547228495279948,I_STOKES,K_CMB_to_uK,,,TMASK,COM_CMB_IQU-commander_2048_R3.00_full.fits,,Mask ladder bands,mask_sky_fraction_bandlimited,cptg_cmb_mask_ladder_bands,COMMANDER | 2-64 | mask_ge_0.70_abs_b_gt_20deg | abs_b_gt_20deg,True,False,0.0449545891594702,0.0008620070071482,,,2.0,64.0,2-64,52.15107161157873,,,mask_ge_0.70_abs_b_gt_20deg,0.7,20.0,abs_b_gt_20deg
COMMANDER,0.216085323939512,0.2155137733884277,0.0005715505510842,12.80757616209482,12.7736998345403,0.0338763275545179,0.9763744808335746,0.9765007975196014,0.6547228495279948,I_STOKES,K_CMB_to_uK,,,TMASK,COM_CMB_IQU-commander_2048_R3.00_full.fits,,Mask ladder bands,mask_sky_fraction_bandlimited,cptg_cmb_mask_ladder_bands,COMMANDER | 2-95 | mask_ge_0.70_abs_b_gt_20deg | abs_b_gt_20deg,True,False,0.0338763275545179,0.0005715505510842,,,2.0,95.0,2-95,59.27092098897008,,,mask_ge_0.70_abs_b_gt_20deg,0.7,20.0,abs_b_gt_20deg
COMMANDER,0.2635335199654466,0.2621847339578441,0.0013487860076025,10.417538713346609,10.364220902192786,0.053317811153823,0.9646497520378228,0.9650172201190316,0.4990832010904948,I_STOKES,K_CMB_to_uK,,,TMASK,COM_CMB_IQU-commander_2048_R3.00_full.fits,,Mask ladder bands,mask_sky_fraction_bandlimited,cptg_cmb_mask_ladder_bands,COMMANDER | 2-30 | mask_ge_0.70_abs_b_gt_30deg | abs_b_gt_30deg,True,False,0.053317811153823,0.0013487860076025,,,2.0,30.0,2-30,39.53022262485816,,,mask_ge_0.70_abs_b_gt_30deg,0.7,30.0,abs_b_gt_30deg
COMMANDER,0.2553321978249395,0.2541519603386661,0.0011802374862733,11.118470406843556,11.067076827514502,0.0513935793290549,0.9668533006543923,0.9671642150115496,0.4990832010904948,I_STOKES,K_CMB_to_uK,,,TMASK,COM_CMB_IQU-commander_2048_R3.00_full.fits,,Mask ladder bands,mask_sky_fraction_bandlimited,cptg_cmb_mask_ladder_bands,COMMANDER | 2-40 | mask_ge_0.70_abs_b_gt_30deg | abs_b_gt_30deg,True,False,0.0513935793290549,0.0011802374862733,,,2.0,40.0,2-40,43.54511691653782,,,mask_ge_0.70_abs_b_gt_30deg,0.7,30.0,abs_b_gt_30deg
COMMANDER,0.2375853373952313,0.2367763531195226,0.0008089842757087,12.088787010134435,12.04762437480176,0.041162635332677,0.9713666458262028,0.971564157475281,0.4990832010904948,I_STOKES,K_CMB_to_uK,,,TMASK,COM_CMB_IQU-commander_2048_R3.00_full.fits,,Mask ladder bands,mask_sky_fraction_bandlimited,cptg_cmb_mask_ladder_bands,COMMANDER | 2-64 | mask_ge_0.70_abs_b_gt_30deg | abs_b_gt_30deg,True,False,0.041162635332677,0.0008089842757087,,,2.0,64.0,2-64,50.88187319415392,,,mask_ge_0.70_abs_b_gt_30deg,0.7,30.0,abs_b_gt_30deg
COMMANDER,0.217275088602103,0.2168011779839152,0.0004739106181878,12.65935846882358,12.63174644741597,0.0276120214076094,0.9761104025066248,0.9762157708784884,0.4990832010904948,I_STOKES,K_CMB_to_uK,,,TMASK,COM_CMB_IQU-commander_2048_R3.00_full.fits,,Mask ladder bands,mask_sky_fraction_bandlimited,cptg_cmb_mask_ladder_bands,COMMANDER | 2-95 | mask_ge_0.70_abs_b_gt_30deg | abs_b_gt_30deg,True,False,0.0276120214076094,0.0004739106181878,,,2.0,95.0,2-95,58.26419655502581,,,mask_ge_0.70_abs_b_gt_30deg,0.7,30.0,abs_b_gt_30deg
COMMANDER,0.2324850619598452,0.2312928258588456,0.0011922361009995,9.030433748744024,8.98412363732363,0.0463101114203929,0.9725988150340302,0.9728830405920692,0.3576342264811198,I_STOKES,K_CMB_to_uK,,,TMASK,COM_CMB_IQU-commander_2048_R3.00_full.fits,,Mask ladder bands,mask_sky_fraction_bandlimited,cptg_cmb_mask_ladder_bands,COMMANDER | 2-30 | mask_ge_0.70_abs_b_gt_40deg | abs_b_gt_40deg,True,False,0.0463101114203929,0.0011922361009995,,,2.0,30.0,2-30,38.84307091654672,,,mask_ge_0.70_abs_b_gt_40deg,0.7,40.0,abs_b_gt_40deg
COMMANDER,0.2267463115537112,0.2257264028184261,0.001019908735285,9.664702301496972,9.62123030747121,0.0434719940257632,0.9739535320844106,0.9741904173036264,0.3576342264811198,I_STOKES,K_CMB_to_uK,,,TMASK,COM_CMB_IQU-commander_2048_R3.00_full.fits,,Mask ladder bands,mask_sky_fraction_bandlimited,cptg_cmb_mask_ladder_bands,COMMANDER | 2-40 | mask_ge_0.70_abs_b_gt_40deg | abs_b_gt_40deg,True,False,0.0434719940257632,0.001019908735285,,,2.0,40.0,2-40,42.623415725144525,,,mask_ge_0.70_abs_b_gt_40deg,0.7,40.0,abs_b_gt_40deg
COMMANDER,0.2162945804287285,0.215700449339268,0.0005941310894604,10.8742609282426,10.844390847912486,0.0298700803301148,0.9763280006781484,0.9764594349866742,0.3576342264811198,I_STOKES,K_CMB_to_uK,,,TMASK,COM_CMB_IQU-commander_2048_R3.00_full.fits,,Mask ladder bands,mask_sky_fraction_bandlimited,cptg_cmb_mask_ladder_bands,COMMANDER | 2-64 | mask_ge_0.70_abs_b_gt_40deg | abs_b_gt_40deg,True,False,0.0298700803301148,0.0005941310894604,,,2.0,64.0,2-64,50.27523531420977,,,mask_ge_0.70_abs_b_gt_40deg,0.7,40.0,abs_b_gt_40deg
COMMANDER,0.1987671999507855,0.1985097930358134,0.000257406914972,11.477168008996752,11.462304880620726,0.0148631283760263,0.980046713346328,0.9800988839343326,0.3576342264811198,I_STOKES,K_CMB_to_uK,,,TMASK,COM_CMB_IQU-commander_2048_R3.00_full.fits,,Mask ladder bands,mask_sky_fraction_bandlimited,cptg_cmb_mask_ladder_bands,COMMANDER | 2-95 | mask_ge_0.70_abs_b_gt_40deg | abs_b_gt_40deg,True,False,0.0148631283760263,0.000257406914972,,,2.0,95.0,2-95,57.741760269493575,,,mask_ge_0.70_abs_b_gt_40deg,0.7,40.0,abs_b_gt_40deg
COMMANDER,0.2362267200933886,0.235049979961075,0.0011767401323135,10.276392272603672,10.225201436961587,0.0511908356420853,0.9716977926484808,0.9719831139419054,0.884131113688151,I_STOKES,K_CMB_to_uK,,,TMASK,COM_CMB_IQU-commander_2048_R3.00_full.fits,,Mask ladder bands,mask_sky_fraction_bandlimited,cptg_cmb_mask_ladder_bands,COMMANDER | 2-30 | mask_ge_0.80_no_galactic_cut | no_galactic_cut,True,False,0.0511908356420853,0.0011767401323135,,,2.0,30.0,2-30,43.50224338949065,,,mask_ge_0.80_no_galactic_cut,0.8,-1.0,no_galactic_cut
COMMANDER,0.2282598042553809,0.2272114970112995,0.0010483072440813,10.810293953287264,10.760646537270024,0.0496474160172386,0.973600153146106,0.9738453336829797,0.884131113688151,I_STOKES,K_CMB_to_uK,,,TMASK,COM_CMB_IQU-commander_2048_R3.00_full.fits,,Mask ladder bands,mask_sky_fraction_bandlimited,cptg_cmb_mask_ladder_bands,COMMANDER | 2-40 | mask_ge_0.80_no_galactic_cut | no_galactic_cut,True,False,0.0496474160172386,0.0010483072440813,,,2.0,40.0,2-40,47.359604064115125,,,mask_ge_0.80_no_galactic_cut,0.8,-1.0,no_galactic_cut
COMMANDER,0.2089817083045521,0.2081710100096067,0.0008106982949454,11.261501262110588,11.21781475985263,0.0436865022579588,0.97791952174602,0.9780924171222732,0.884131113688151,I_STOKES,K_CMB_to_uK,,,TMASK,COM_CMB_IQU-commander_2048_R3.00_full.fits,,Mask ladder bands,mask_sky_fraction_bandlimited,cptg_cmb_mask_ladder_bands,COMMANDER | 2-64 | mask_ge_0.80_no_galactic_cut | no_galactic_cut,True,False,0.0436865022579588,0.0008106982949454,,,2.0,64.0,2-64,53.88749739617898,,,mask_ge_0.80_no_galactic_cut,0.8,-1.0,no_galactic_cut
COMMANDER,0.1905217544336552,0.1899725620264131,0.000549192407242,11.607000720349594,11.573542721364555,0.0334579989850389,0.981682953238758,0.981789379399568,0.884131113688151,I_STOKES,K_CMB_to_uK,,,TMASK,COM_CMB_IQU-commander_2048_R3.00_full.fits,,Mask ladder bands,mask_sky_fraction_bandlimited,cptg_cmb_mask_ladder_bands,COMMANDER | 2-95 | mask_ge_0.80_no_galactic_cut | no_galactic_cut,True,False,0.0334579989850389,0.000549192407242,,,2.0,95.0,2-95,60.92218053971083,,,mask_ge_0.80_no_galactic_cut,0.8,-1.0,no_galactic_cut
COMMANDER,0.2479990835154771,0.2467509808102506,0.0012481027052264,10.47856821242778,10.425832818621313,0.0527353938064667,0.9687595698130548,0.9690782303595892,0.811407725016276,I_STOKES,K_CMB_to_uK,,,TMASK,COM_CMB_IQU-commander_2048_R3.00_full.fits,,Mask ladder bands,mask_sky_fraction_bandlimited,cptg_cmb_mask_ladder_bands,COMMANDER | 2-30 | mask_ge_0.80_abs_b_gt_10deg | abs_b_gt_10deg,True,False,0.0527353938064667,0.0012481027052264,,,2.0,30.0,2-30,42.25244732315244,,,mask_ge_0.80_abs_b_gt_10deg,0.8,10.0,abs_b_gt_10deg
COMMANDER,0.2404321163608231,0.2393237421247973,0.0011083742360257,11.086759662395304,11.035650522082422,0.0511091403128816,0.9706656022334936,0.9709394763337506,0.811407725016276,I_STOKES,K_CMB_to_uK,,,TMASK,COM_CMB_IQU-commander_2048_R3.00_full.fits,,Mask ladder bands,mask_sky_fraction_bandlimited,cptg_cmb_mask_ladder_bands,COMMANDER | 2-40 | mask_ge_0.80_abs_b_gt_10deg | abs_b_gt_10deg,True,False,0.0511091403128816,0.0011083742360257,,,2.0,40.0,2-40,46.11180831498026,,,mask_ge_0.80_abs_b_gt_10deg,0.8,10.0,abs_b_gt_10deg
COMMANDER,0.2208996563631411,0.2200675893013138,0.0008320670618273,11.683844612740522,11.639834846415726,0.0440097663247964,0.9752964735406868,0.9754845598997236,0.811407725016276,I_STOKES,K_CMB_to_uK,,,TMASK,COM_CMB_IQU-commander_2048_R3.00_full.fits,,Mask ladder bands,mask_sky_fraction_bandlimited,cptg_cmb_mask_ladder_bands,COMMANDER | 2-64 | mask_ge_0.80_abs_b_gt_10deg | abs_b_gt_10deg,True,False,0.0440097663247964,0.0008320670618273,,,2.0,64.0,2-64,52.89209048624878,,,mask_ge_0.80_abs_b_gt_10deg,0.8,10.0,abs_b_gt_10deg
COMMANDER,0.2013795260943535,0.2008301518392685,0.0005493742550849,12.076595258468677,12.043649652464143,0.0329456060045316,0.9795132461825494,0.9796260325059954,0.811407725016276,I_STOKES,K_CMB_to_uK,,,TMASK,COM_CMB_IQU-commander_2048_R3.00_full.fits,,Mask ladder bands,mask_sky_fraction_bandlimited,cptg_cmb_mask_ladder_bands,COMMANDER | 2-95 | mask_ge_0.80_abs_b_gt_10deg | abs_b_gt_10deg,True,False,0.0329456060045316,0.0005493742550849,,,2.0,95.0,2-95,59.96933001426548,,,mask_ge_0.80_abs_b_gt_10deg,0.8,10.0,abs_b_gt_10deg
COMMANDER,0.2683841222740518,0.2670581549822133,0.0013259672918384,11.070859118382891,11.016162898058289,0.0546962203246064,0.9633118416217756,0.963680281890732,0.6545422871907552,I_STOKES,K_CMB_to_uK,,,TMASK,COM_CMB_IQU-commander_2048_R3.00_full.fits,,Mask ladder bands,mask_sky_fraction_bandlimited,cptg_cmb_mask_ladder_bands,COMMANDER | 2-30 | mask_ge_0.80_abs_b_gt_20deg | abs_b_gt_20deg,True,False,0.0546962203246064,0.0013259672918384,,,2.0,30.0,2-30,41.250052441918456,,,mask_ge_0.80_abs_b_gt_20deg,0.8,20.0,abs_b_gt_20deg
COMMANDER,0.2572943082200923,0.2561087030933004,0.0011856051267919,11.598316507301876,11.54487178243276,0.0534447248691165,0.9663330768966198,0.966647975719422,0.6545422871907552,I_STOKES,K_CMB_to_uK,,,TMASK,COM_CMB_IQU-commander_2048_R3.00_full.fits,,Mask ladder bands,mask_sky_fraction_bandlimited,cptg_cmb_mask_ladder_bands,COMMANDER | 2-40 | mask_ge_0.80_abs_b_gt_20deg | abs_b_gt_20deg,True,False,0.0534447248691165,0.0011856051267919,,,2.0,40.0,2-40,45.07801430795954,,,mask_ge_0.80_abs_b_gt_20deg,0.8,20.0,abs_b_gt_20deg
COMMANDER,0.2371542136025618,0.236292111058995,0.0008621025435668,12.366340339022312,12.321386242281063,0.0449540967412467,0.9714720031940868,0.9716820531733674,0.6545422871907552,I_STOKES,K_CMB_to_uK,,,TMASK,COM_CMB_IQU-commander_2048_R3.00_full.fits,,Mask ladder bands,mask_sky_fraction_bandlimited,cptg_cmb_mask_ladder_bands,COMMANDER | 2-64 | mask_ge_0.80_abs_b_gt_20deg | abs_b_gt_20deg,True,False,0.0449540967412467,0.0008621025435668,,,2.0,64.0,2-64,52.14472115493007,,,mask_ge_0.80_abs_b_gt_20deg,0.8,20.0,abs_b_gt_20deg
COMMANDER,0.2160781904141339,0.2155069420620828,0.0005712483520511,12.806346500783052,12.772490217923838,0.0338562828592134,0.976376059198282,0.9765023048136589,0.6545422871907552,I_STOKES,K_CMB_to_uK,,,TMASK,COM_CMB_IQU-commander_2048_R3.00_full.fits,,Mask ladder bands,mask_sky_fraction_bandlimited,cptg_cmb_mask_ladder_bands,COMMANDER | 2-95 | mask_ge_0.80_abs_b_gt_20deg | abs_b_gt_20deg,True,False,0.0338562828592134,0.0005712483520511,,,2.0,95.0,2-95,59.267186920801656,,,mask_ge_0.80_abs_b_gt_20deg,0.8,20.0,abs_b_gt_20deg
COMMANDER,0.2633532873427829,0.2620047465800827,0.0013485407627002,10.409051930801626,10.355750789314529,0.0533011414870969,0.9646989784553456,0.9650661092516204,0.4990374247233073,I_STOKES,K_CMB_to_uK,,,TMASK,COM_CMB_IQU-commander_2048_R3.00_full.fits,,Mask ladder bands,mask_sky_fraction_bandlimited,cptg_cmb_mask_ladder_bands,COMMANDER | 2-30 | mask_ge_0.80_abs_b_gt_30deg | abs_b_gt_30deg,True,False,0.0533011414870969,0.0013485407627002,,,2.0,30.0,2-30,39.52505030724417,,,mask_ge_0.80_abs_b_gt_30deg,0.8,30.0,abs_b_gt_30deg
COMMANDER,0.2551620882986643,0.2539821091921005,0.0011799791065637,11.10958690134096,11.05821139915118,0.0513755021897797,0.966898208786462,0.9672088332772688,0.4990374247233073,I_STOKES,K_CMB_to_uK,,,TMASK,COM_CMB_IQU-commander_2048_R3.00_full.fits,,Mask ladder bands,mask_sky_fraction_bandlimited,cptg_cmb_mask_ladder_bands,COMMANDER | 2-40 | mask_ge_0.80_abs_b_gt_30deg | abs_b_gt_30deg,True,False,0.0513755021897797,0.0011799791065637,,,2.0,40.0,2-40,43.53933209833788,,,mask_ge_0.80_abs_b_gt_30deg,0.8,30.0,abs_b_gt_30deg
COMMANDER,0.2374440362185408,0.2366354685775572,0.0008085676409836,12.080145639113768,12.039009146415475,0.0411364926982908,0.9714011950351844,0.9715984805405048,0.4990374247233073,I_STOKES,K_CMB_to_uK,,,TMASK,COM_CMB_IQU-commander_2048_R3.00_full.fits,,Mask ladder bands,mask_sky_fraction_bandlimited,cptg_cmb_mask_ladder_bands,COMMANDER | 2-64 | mask_ge_0.80_abs_b_gt_30deg | abs_b_gt_30deg,True,False,0.0411364926982908,0.0008085676409836,,,2.0,64.0,2-64,50.87575932206331,,,mask_ge_0.80_abs_b_gt_30deg,0.8,30.0,abs_b_gt_30deg
COMMANDER,0.2171608577875129,0.2166876224189177,0.0004732353685952,12.651609482309016,12.624039186549076,0.0275702957599399,0.9761358222065348,0.976240982504114,0.4990374247233073,I_STOKES,K_CMB_to_uK,,,TMASK,COM_CMB_IQU-commander_2048_R3.00_full.fits,,Mask ladder bands,mask_sky_fraction_bandlimited,cptg_cmb_mask_ladder_bands,COMMANDER | 2-95 | mask_ge_0.80_abs_b_gt_30deg | abs_b_gt_30deg,True,False,0.0275702957599399,0.0004732353685952,,,2.0,95.0,2-95,58.25916148612901,,,mask_ge_0.80_abs_b_gt_30deg,0.8,30.0,abs_b_gt_30deg
COMMANDER,0.2324002915929321,0.2312082109463686,0.0011920806465634,9.027498929974897,8.981193020943829,0.0463059090310657,0.97261907595402,0.9729031547533517,0.357617696126302,I_STOKES,K_CMB_to_uK,,,TMASK,COM_CMB_IQU-commander_2048_R3.00_full.fits,,Mask ladder bands,mask_sky_fraction_bandlimited,cptg_cmb_mask_ladder_bands,COMMANDER | 2-30 | mask_ge_0.80_abs_b_gt_40deg | abs_b_gt_40deg,True,False,0.0463059090310657,0.0011920806465634,,,2.0,30.0,2-30,38.84461102909151,,,mask_ge_0.80_abs_b_gt_40deg,0.8,40.0,abs_b_gt_40deg
COMMANDER,0.2266344605246595,0.2256144996437906,0.0010199608808689,9.659862386016565,9.616388495393288,0.043473890623277,0.9739795636536368,0.9742163375393142,0.357617696126302,I_STOKES,K_CMB_to_uK,,,TMASK,COM_CMB_IQU-commander_2048_R3.00_full.fits,,Mask ladder bands,mask_sky_fraction_bandlimited,cptg_cmb_mask_ladder_bands,COMMANDER | 2-40 | mask_ge_0.80_abs_b_gt_40deg | abs_b_gt_40deg,True,False,0.043473890623277,0.0010199608808689,,,2.0,40.0,2-40,42.62309608015458,,,mask_ge_0.80_abs_b_gt_40deg,0.8,40.0,abs_b_gt_40deg
COMMANDER,0.2161899914061573,0.215595857520324,0.0005941338858332,10.868730096842423,10.838860625066657,0.0298694717757701,0.9763511643537852,0.9764825325315134,0.357617696126302,I_STOKES,K_CMB_to_uK,,,TMASK,COM_CMB_IQU-commander_2048_R3.00_full.fits,,Mask ladder bands,mask_sky_fraction_bandlimited,cptg_cmb_mask_ladder_bands,COMMANDER | 2-64 | mask_ge_0.80_abs_b_gt_40deg | abs_b_gt_40deg,True,False,0.0298694717757701,0.0005941338858332,,,2.0,64.0,2-64,50.27397441550975,,,mask_ge_0.80_abs_b_gt_40deg,0.8,40.0,abs_b_gt_40deg
COMMANDER,0.1986744032378408,0.1984171329880427,0.0002572702497981,11.471544572604705,11.456689678921036,0.0148548936836689,0.980065528824662,0.9801176463743734,0.357617696126302,I_STOKES,K_CMB_to_uK,,,TMASK,COM_CMB_IQU-commander_2048_R3.00_full.fits,,Mask ladder bands,mask_sky_fraction_bandlimited,cptg_cmb_mask_ladder_bands,COMMANDER | 2-95 | mask_ge_0.80_abs_b_gt_40deg | abs_b_gt_40deg,True,False,0.0148548936836689,0.0002572702497981,,,2.0,95.0,2-95,57.74042546825557,,,mask_ge_0.80_abs_b_gt_40deg,0.8,40.0,abs_b_gt_40deg
COMMANDER,0.2362720584106281,0.2350947483405837,0.0011773100700443,10.271731442811864,10.22054886563468,0.0511825771771832,0.9716867474745328,0.97197226497234,0.882696787516276,I_STOKES,K_CMB_to_uK,,,TMASK,COM_CMB_IQU-commander_2048_R3.00_full.fits,,Mask ladder bands,mask_sky_fraction_bandlimited,cptg_cmb_mask_ladder_bands,COMMANDER | 2-30 | mask_ge_0.90_no_galactic_cut | no_galactic_cut,True,False,0.0511825771771832,0.0011773100700443,,,2.0,30.0,2-30,43.47416919253375,,,mask_ge_0.90_no_galactic_cut,0.9,-1.0,no_galactic_cut
COMMANDER,0.2282607137888249,0.2272117505269995,0.0010489632618254,10.803815980979229,10.754167463442151,0.0496485175370757,0.9735999286866192,0.9738452634209002,0.882696787516276,I_STOKES,K_CMB_to_uK,,,TMASK,COM_CMB_IQU-commander_2048_R3.00_full.fits,,Mask ladder bands,mask_sky_fraction_bandlimited,cptg_cmb_mask_ladder_bands,COMMANDER | 2-40 | mask_ge_0.90_no_galactic_cut | no_galactic_cut,True,False,0.0496485175370757,0.0010489632618254,,,2.0,40.0,2-40,47.33103564625825,,,mask_ge_0.90_no_galactic_cut,0.9,-1.0,no_galactic_cut
COMMANDER,0.2089756136807058,0.2081651423547581,0.0008104713259476,11.257010986878306,11.213352856343125,0.0436581305351833,0.9779208229270792,0.9780936647259724,0.882696787516276,I_STOKES,K_CMB_to_uK,,,TMASK,COM_CMB_IQU-commander_2048_R3.00_full.fits,,Mask ladder bands,mask_sky_fraction_bandlimited,cptg_cmb_mask_ladder_bands,COMMANDER | 2-64 | mask_ge_0.90_no_galactic_cut | no_galactic_cut,True,False,0.0436581305351833,0.0008104713259476,,,2.0,64.0,2-64,53.86758190875761,,,mask_ge_0.90_no_galactic_cut,0.9,-1.0,no_galactic_cut
COMMANDER,0.1905160770762944,0.189967806890902,0.0005482701853923,11.603770551771431,11.570377037012456,0.033393514758977,0.981684054956784,0.9817902993814146,0.882696787516276,I_STOKES,K_CMB_to_uK,,,TMASK,COM_CMB_IQU-commander_2048_R3.00_full.fits,,Mask ladder bands,mask_sky_fraction_bandlimited,cptg_cmb_mask_ladder_bands,COMMANDER | 2-95 | mask_ge_0.90_no_galactic_cut | no_galactic_cut,True,False,0.033393514758977,0.0005482701853923,,,2.0,95.0,2-95,60.90704117912615,,,mask_ge_0.90_no_galactic_cut,0.9,-1.0,no_galactic_cut
COMMANDER,0.2480749307946554,0.2468264802009295,0.0012484505937258,10.479379780670303,10.426641731456108,0.0527380492141968,0.9687401245674092,0.9690589780609856,0.810675303141276,I_STOKES,K_CMB_to_uK,,,TMASK,COM_CMB_IQU-commander_2048_R3.00_full.fits,,Mask ladder bands,mask_sky_fraction_bandlimited,cptg_cmb_mask_ladder_bands,COMMANDER | 2-30 | mask_ge_0.90_abs_b_gt_10deg | abs_b_gt_10deg,True,False,0.0527380492141968,0.0012484505937258,,,2.0,30.0,2-30,42.24280037931214,,,mask_ge_0.90_abs_b_gt_10deg,0.9,10.0,abs_b_gt_10deg
COMMANDER,0.2404660664227839,0.2393570970703528,0.0011089693524311,11.085265267131216,11.034142796390569,0.0511224707406494,0.97065717131199,0.9709312334503252,0.810675303141276,I_STOKES,K_CMB_to_uK,,,TMASK,COM_CMB_IQU-commander_2048_R3.00_full.fits,,Mask ladder bands,mask_sky_fraction_bandlimited,cptg_cmb_mask_ladder_bands,COMMANDER | 2-40 | mask_ge_0.90_abs_b_gt_10deg | abs_b_gt_10deg,True,False,0.0511224707406494,0.0011089693524311,,,2.0,40.0,2-40,46.09908346752453,,,mask_ge_0.90_abs_b_gt_10deg,0.9,10.0,abs_b_gt_10deg
COMMANDER,0.2209320388104629,0.2200998622584092,0.0008321765520537,11.68357898368282,11.63957087817382,0.0440081055090004,0.9752891343231358,0.975477274455146,0.810675303141276,I_STOKES,K_CMB_to_uK,,,TMASK,COM_CMB_IQU-commander_2048_R3.00_full.fits,,Mask ladder bands,mask_sky_fraction_bandlimited,cptg_cmb_mask_ladder_bands,COMMANDER | 2-64 | mask_ge_0.90_abs_b_gt_10deg | abs_b_gt_10deg,True,False,0.0440081055090004,0.0008321765520537,,,2.0,64.0,2-64,52.88313567642461,,,mask_ge_0.90_abs_b_gt_10deg,0.9,10.0,abs_b_gt_10deg
COMMANDER,0.2013986664086748,0.2008493288776875,0.0005493375309872,12.076293818404483,12.043354367771688,0.0329394506327958,0.9795093089418476,0.9796220989337286,0.810675303141276,I_STOKES,K_CMB_to_uK,,,TMASK,COM_CMB_IQU-commander_2048_R3.00_full.fits,,Mask ladder bands,mask_sky_fraction_bandlimited,cptg_cmb_mask_ladder_bands,COMMANDER | 2-95 | mask_ge_0.90_abs_b_gt_10deg | abs_b_gt_10deg,True,False,0.0329394506327958,0.0005493375309872,,,2.0,95.0,2-95,59.96213397907744,,,mask_ge_0.90_abs_b_gt_10deg,0.9,10.0,abs_b_gt_10deg
COMMANDER,0.268355477922243,0.2670295322660554,0.0013259456561875,11.066534210418869,11.011854413758975,0.0546797966598919,0.9633198088102848,0.9636882007520892,0.6543248494466146,I_STOKES,K_CMB_to_uK,,,TMASK,COM_CMB_IQU-commander_2048_R3.00_full.fits,,Mask ladder bands,mask_sky_fraction_bandlimited,cptg_cmb_mask_ladder_bands,COMMANDER | 2-30 | mask_ge_0.90_abs_b_gt_20deg | abs_b_gt_20deg,True,False,0.0546797966598919,0.0013259456561875,,,2.0,30.0,2-30,41.23833914665023,,,mask_ge_0.90_abs_b_gt_20deg,0.9,20.0,abs_b_gt_20deg
COMMANDER,0.2572626519059618,0.2560770323356638,0.0011856195702979,11.593379078452305,11.539949880628749,0.0534291978235561,0.9663415014756672,0.9666563625871416,0.6543248494466146,I_STOKES,K_CMB_to_uK,,,TMASK,COM_CMB_IQU-commander_2048_R3.00_full.fits,,Mask ladder bands,mask_sky_fraction_bandlimited,cptg_cmb_mask_ladder_bands,COMMANDER | 2-40 | mask_ge_0.90_abs_b_gt_20deg | abs_b_gt_20deg,True,False,0.0534291978235561,0.0011856195702979,,,2.0,40.0,2-40,45.064369011830266,,,mask_ge_0.90_abs_b_gt_20deg,0.9,20.0,abs_b_gt_20deg
COMMANDER,0.2371407455835081,0.2362789712081291,0.0008617743753789,12.362968594560147,12.31804131092447,0.0449272836356797,0.9714752876221456,0.9716852451672624,0.6543248494466146,I_STOKES,K_CMB_to_uK,,,TMASK,COM_CMB_IQU-commander_2048_R3.00_full.fits,,Mask ladder bands,mask_sky_fraction_bandlimited,cptg_cmb_mask_ladder_bands,COMMANDER | 2-64 | mask_ge_0.90_abs_b_gt_20deg | abs_b_gt_20deg,True,False,0.0449272836356797,0.0008617743753789,,,2.0,64.0,2-64,52.13346430255943,,,mask_ge_0.90_abs_b_gt_20deg,0.9,20.0,abs_b_gt_20deg
COMMANDER,0.2160676505286109,0.2154970685637764,0.0005705819648345,12.80367811542336,12.76986672441534,0.0338113910080206,0.9763783904084948,0.9765044825039244,0.6543248494466146,I_STOKES,K_CMB_to_uK,,,TMASK,COM_CMB_IQU-commander_2048_R3.00_full.fits,,Mask ladder bands,mask_sky_fraction_bandlimited,cptg_cmb_mask_ladder_bands,COMMANDER | 2-95 | mask_ge_0.90_abs_b_gt_20deg | abs_b_gt_20deg,True,False,0.0338113910080206,0.0005705819648345,,,2.0,95.0,2-95,59.25772823511098,,,mask_ge_0.90_abs_b_gt_20deg,0.9,20.0,abs_b_gt_20deg
COMMANDER,0.2632616237831704,0.2619133095800472,0.0013483142031232,10.40340506816524,10.350123246786657,0.053281821378583,0.9647239946881604,0.9650909264240772,0.4989636739095052,I_STOKES,K_CMB_to_uK,,,TMASK,COM_CMB_IQU-commander_2048_R3.00_full.fits,,Mask ladder bands,mask_sky_fraction_bandlimited,cptg_cmb_mask_ladder_bands,COMMANDER | 2-30 | mask_ge_0.90_abs_b_gt_30deg | abs_b_gt_30deg,True,False,0.053281821378583,0.0013483142031232,,,2.0,30.0,2-30,39.51736268531784,,,mask_ge_0.90_abs_b_gt_30deg,0.9,30.0,abs_b_gt_30deg
COMMANDER,0.2550563896122643,0.2538764466170278,0.0011799429952365,11.102174082404108,11.050813155668088,0.0513609267360202,0.9669260949728046,0.9672365720946612,0.4989636739095052,I_STOKES,K_CMB_to_uK,,,TMASK,COM_CMB_IQU-commander_2048_R3.00_full.fits,,Mask ladder bands,mask_sky_fraction_bandlimited,cptg_cmb_mask_ladder_bands,COMMANDER | 2-40 | mask_ge_0.90_abs_b_gt_30deg | abs_b_gt_30deg,True,False,0.0513609267360202,0.0011799429952365,,,2.0,40.0,2-40,43.5283119128346,,,mask_ge_0.90_abs_b_gt_30deg,0.9,30.0,abs_b_gt_30deg
COMMANDER,0.2373798137707554,0.2365718075022549,0.0008080062685005,12.07503415218029,12.033932496852756,0.0411016553275338,0.9714168900061536,0.9716139822011612,0.4989636739095052,I_STOKES,K_CMB_to_uK,,,TMASK,COM_CMB_IQU-commander_2048_R3.00_full.fits,,Mask ladder bands,mask_sky_fraction_bandlimited,cptg_cmb_mask_ladder_bands,COMMANDER | 2-64 | mask_ge_0.90_abs_b_gt_30deg | abs_b_gt_30deg,True,False,0.0411016553275338,0.0008080062685005,,,2.0,64.0,2-64,50.86799067018184,,,mask_ge_0.90_abs_b_gt_30deg,0.9,30.0,abs_b_gt_30deg
COMMANDER,0.2171257860787221,0.2166536459436039,0.0004721401351182,12.648488306437615,12.620984162015649,0.0275041444219681,0.9761436237390028,0.9762485231373528,0.4989636739095052,I_STOKES,K_CMB_to_uK,,,TMASK,COM_CMB_IQU-commander_2048_R3.00_full.fits,,Mask ladder bands,mask_sky_fraction_bandlimited,cptg_cmb_mask_ladder_bands,COMMANDER | 2-95 | mask_ge_0.90_abs_b_gt_30deg | abs_b_gt_30deg,True,False,0.0275041444219681,0.0004721401351182,,,2.0,95.0,2-95,58.25419695591439,,,mask_ge_0.90_abs_b_gt_30deg,0.9,30.0,abs_b_gt_30deg
COMMANDER,0.2323796665575209,0.2311876993607642,0.0011919671967566,9.027225194908226,8.980920987360866,0.0463042075473598,0.9726239917191531,0.9729080169780172,0.3575884501139323,I_STOKES,K_CMB_to_uK,,,TMASK,COM_CMB_IQU-commander_2048_R3.00_full.fits,,Mask ladder bands,mask_sky_fraction_bandlimited,cptg_cmb_mask_ladder_bands,COMMANDER | 2-30 | mask_ge_0.90_abs_b_gt_40deg | abs_b_gt_40deg,True,False,0.0463042075473598,0.0011919671967566,,,2.0,30.0,2-30,38.84688074751893,,,mask_ge_0.90_abs_b_gt_40deg,0.9,40.0,abs_b_gt_40deg
COMMANDER,0.2266042889048105,0.2255843492853969,0.0010199396194136,9.658938021684614,9.615463409542937,0.0434746121416775,0.973986580071818,0.9742233157744984,0.3575884501139323,I_STOKES,K_CMB_to_uK,,,TMASK,COM_CMB_IQU-commander_2048_R3.00_full.fits,,Mask ladder bands,mask_sky_fraction_bandlimited,cptg_cmb_mask_ladder_bands,COMMANDER | 2-40 | mask_ge_0.90_abs_b_gt_40deg | abs_b_gt_40deg,True,False,0.0434746121416775,0.0010199396194136,,,2.0,40.0,2-40,42.62469200546347,,,mask_ge_0.90_abs_b_gt_40deg,0.9,40.0,abs_b_gt_40deg
COMMANDER,0.2161758282991983,0.2155818183403489,0.0005940099588493,10.86853636811154,10.838671702429124,0.0298646656824175,0.9763542987789072,0.9764856305662076,0.3575884501139323,I_STOKES,K_CMB_to_uK,,,TMASK,COM_CMB_IQU-commander_2048_R3.00_full.fits,,Mask ladder bands,mask_sky_fraction_bandlimited,cptg_cmb_mask_ladder_bands,COMMANDER | 2-64 | mask_ge_0.90_abs_b_gt_40deg | abs_b_gt_40deg,True,False,0.0298646656824175,0.0005940099588493,,,2.0,64.0,2-64,50.27637203299589,,,mask_ge_0.90_abs_b_gt_40deg,0.9,40.0,abs_b_gt_40deg
COMMANDER,0.1986735167873198,0.1984165742695784,0.0002569425177413,11.472213152758304,11.457376251599053,0.0148369011592528,0.9800657084460528,0.9801177594071222,0.3575884501139323,I_STOKES,K_CMB_to_uK,,,TMASK,COM_CMB_IQU-commander_2048_R3.00_full.fits,,Mask ladder bands,mask_sky_fraction_bandlimited,cptg_cmb_mask_ladder_bands,COMMANDER | 2-95 | mask_ge_0.90_abs_b_gt_40deg | abs_b_gt_40deg,True,False,0.0148369011592528,0.0002569425177413,,,2.0,95.0,2-95,57.74404831741777,,,mask_ge_0.90_abs_b_gt_40deg,0.9,40.0,abs_b_gt_40deg
COMMANDER,0.2362763894870087,0.2350980612915607,0.0011783281954479,10.267171475056788,10.215968315643249,0.0512031594135393,0.9716856833558262,0.9719714527853444,0.8817418416341146,I_STOKES,K_CMB_to_uK,,,TMASK,COM_CMB_IQU-commander_2048_R3.00_full.fits,,Mask ladder bands,mask_sky_fraction_bandlimited,cptg_cmb_mask_ladder_bands,COMMANDER | 2-30 | mask_ge_0.95_no_galactic_cut | no_galactic_cut,True,False,0.0512031594135393,0.0011783281954479,,,2.0,30.0,2-30,43.45407299200885,,,mask_ge_0.95_no_galactic_cut,0.95,-1.0,no_galactic_cut
COMMANDER,0.2282702658602279,0.2272206199446686,0.0010496459155592,10.800634989485117,10.75097086718063,0.0496641223044846,0.9735976856399968,0.9738431905406084,0.8817418416341146,I_STOKES,K_CMB_to_uK,,,TMASK,COM_CMB_IQU-commander_2048_R3.00_full.fits,,Mask ladder bands,mask_sky_fraction_bandlimited,cptg_cmb_mask_ladder_bands,COMMANDER | 2-40 | mask_ge_0.95_no_galactic_cut | no_galactic_cut,True,False,0.0496641223044846,0.0010496459155592,,,2.0,40.0,2-40,47.3151198592744,,,mask_ge_0.95_no_galactic_cut,0.95,-1.0,no_galactic_cut
COMMANDER,0.2089658887454688,0.2081548500063487,0.0008110387391201,11.253200590773428,11.209524650776716,0.0436759399967119,0.9779229007495752,0.9780958548803838,0.8817418416341146,I_STOKES,K_CMB_to_uK,,,TMASK,COM_CMB_IQU-commander_2048_R3.00_full.fits,,Mask ladder bands,mask_sky_fraction_bandlimited,cptg_cmb_mask_ladder_bands,COMMANDER | 2-64 | mask_ge_0.95_no_galactic_cut | no_galactic_cut,True,False,0.0436759399967119,0.0008110387391201,,,2.0,64.0,2-64,53.85185428268822,,,mask_ge_0.95_no_galactic_cut,0.95,-1.0,no_galactic_cut
COMMANDER,0.1904942505374519,0.1899458041395058,0.000548446397946,11.59981565781482,11.56641896948214,0.0333966883326812,0.9816882914849604,0.9817945573488372,0.8817418416341146,I_STOKES,K_CMB_to_uK,,,TMASK,COM_CMB_IQU-commander_2048_R3.00_full.fits,,Mask ladder bands,mask_sky_fraction_bandlimited,cptg_cmb_mask_ladder_bands,COMMANDER | 2-95 | mask_ge_0.95_no_galactic_cut | no_galactic_cut,True,False,0.0333966883326812,0.000548446397946,,,2.0,95.0,2-95,60.89325858962999,,,mask_ge_0.95_no_galactic_cut,0.95,-1.0,no_galactic_cut
COMMANDER,0.2482208832076839,0.2469717207884558,0.001249162419228,10.48349675473509,10.430738944840597,0.0527578098944943,0.9687027339204785,0.9690219692123816,0.8102277119954427,I_STOKES,K_CMB_to_uK,,,TMASK,COM_CMB_IQU-commander_2048_R3.00_full.fits,,Mask ladder bands,mask_sky_fraction_bandlimited,cptg_cmb_mask_ladder_bands,COMMANDER | 2-30 | mask_ge_0.95_abs_b_gt_10deg | abs_b_gt_10deg,True,False,0.0527578098944943,0.001249162419228,,,2.0,30.0,2-30,42.23454779170878,,,mask_ge_0.95_abs_b_gt_10deg,0.95,10.0,abs_b_gt_10deg
COMMANDER,0.240586593604839,0.2394768751348073,0.0011097184700316,11.088813775264788,11.037666031440937,0.0511477438238507,0.9706272998512746,0.9709016929053343,0.8102277119954427,I_STOKES,K_CMB_to_uK,,,TMASK,COM_CMB_IQU-commander_2048_R3.00_full.fits,,Mask ladder bands,mask_sky_fraction_bandlimited,cptg_cmb_mask_ladder_bands,COMMANDER | 2-40 | mask_ge_0.95_abs_b_gt_10deg | abs_b_gt_10deg,True,False,0.0511477438238507,0.0011097184700316,,,2.0,40.0,2-40,46.09073851171462,,,mask_ge_0.95_abs_b_gt_10deg,0.95,10.0,abs_b_gt_10deg
COMMANDER,0.2210258509768403,0.2201928808540858,0.0008329701227545,11.68647576331356,11.642433470938652,0.0440422923749075,0.9752678780978408,0.9754562814998546,0.8102277119954427,I_STOKES,K_CMB_to_uK,,,TMASK,COM_CMB_IQU-commander_2048_R3.00_full.fits,,Mask ladder bands,mask_sky_fraction_bandlimited,cptg_cmb_mask_ladder_bands,COMMANDER | 2-64 | mask_ge_0.95_abs_b_gt_10deg | abs_b_gt_10deg,True,False,0.0440422923749075,0.0008329701227545,,,2.0,64.0,2-64,52.87379603636545,,,mask_ge_0.95_abs_b_gt_10deg,0.95,10.0,abs_b_gt_10deg
COMMANDER,0.2014701381010195,0.2009201847817378,0.0005499533192817,12.078831537829387,12.04585993439532,0.0329716034340688,0.9794946116116242,0.9796075696709672,0.8102277119954427,I_STOKES,K_CMB_to_uK,,,TMASK,COM_CMB_IQU-commander_2048_R3.00_full.fits,,Mask ladder bands,mask_sky_fraction_bandlimited,cptg_cmb_mask_ladder_bands,COMMANDER | 2-95 | mask_ge_0.95_abs_b_gt_10deg | abs_b_gt_10deg,True,False,0.0329716034340688,0.0005499533192817,,,2.0,95.0,2-95,59.95345837194452,,,mask_ge_0.95_abs_b_gt_10deg,0.95,10.0,abs_b_gt_10deg
COMMANDER,0.2684035888881958,0.2670773518736878,0.0013262370145079,11.066681469549229,11.011998733549005,0.0546827360002222,0.963306403941542,0.9636749479645104,0.6541926066080729,I_STOKES,K_CMB_to_uK,,,TMASK,COM_CMB_IQU-commander_2048_R3.00_full.fits,,Mask ladder bands,mask_sky_fraction_bandlimited,cptg_cmb_mask_ladder_bands,COMMANDER | 2-30 | mask_ge_0.95_abs_b_gt_20deg | abs_b_gt_20deg,True,False,0.0546827360002222,0.0013262370145079,,,2.0,30.0,2-30,41.23149588047826,,,mask_ge_0.95_abs_b_gt_20deg,0.95,20.0,abs_b_gt_20deg
COMMANDER,0.2573135936010688,0.2561278113828817,0.0011857822181871,11.594303915990777,11.54087370570366,0.053430210287118,0.9663279382230952,0.9666429093298928,0.6541926066080729,I_STOKES,K_CMB_to_uK,,,TMASK,COM_CMB_IQU-commander_2048_R3.00_full.fits,,Mask ladder bands,mask_sky_fraction_bandlimited,cptg_cmb_mask_ladder_bands,COMMANDER | 2-40 | mask_ge_0.95_abs_b_gt_20deg | abs_b_gt_20deg,True,False,0.053430210287118,0.0011857822181871,,,2.0,40.0,2-40,45.05904159096325,,,mask_ge_0.95_abs_b_gt_20deg,0.95,20.0,abs_b_gt_20deg
COMMANDER,0.2371658597117395,0.2363036463221314,0.000862213389608,12.362230351371396,12.31728762417058,0.0449427272008176,0.971469156882992,0.9716792447903854,0.6541926066080729,I_STOKES,K_CMB_to_uK,,,TMASK,COM_CMB_IQU-commander_2048_R3.00_full.fits,,Mask ladder bands,mask_sky_fraction_bandlimited,cptg_cmb_mask_ladder_bands,COMMANDER | 2-64 | mask_ge_0.95_abs_b_gt_20deg | abs_b_gt_20deg,True,False,0.0449427272008176,0.000862213389608,,,2.0,64.0,2-64,52.124830978611016,,,mask_ge_0.95_abs_b_gt_20deg,0.95,20.0,abs_b_gt_20deg
COMMANDER,0.2160895451627739,0.2155188073207919,0.000570737841982,12.80336202487993,12.769545658582846,0.0338163662970831,0.9763735449410916,0.97649968485868,0.6541926066080729,I_STOKES,K_CMB_to_uK,,,TMASK,COM_CMB_IQU-commander_2048_R3.00_full.fits,,Mask ladder bands,mask_sky_fraction_bandlimited,cptg_cmb_mask_ladder_bands,COMMANDER | 2-95 | mask_ge_0.95_abs_b_gt_20deg | abs_b_gt_20deg,True,False,0.0338163662970831,0.000570737841982,,,2.0,95.0,2-95,59.25026134529336,,,mask_ge_0.95_abs_b_gt_20deg,0.95,20.0,abs_b_gt_20deg
COMMANDER,0.263212321873957,0.2618640553666406,0.0013482665073163,10.400573752164908,10.347298338813884,0.0532754133510238,0.9647374527706476,0.9651042975145953,0.4989293416341145,I_STOKES,K_CMB_to_uK,,,TMASK,COM_CMB_IQU-commander_2048_R3.00_full.fits,,Mask ladder bands,mask_sky_fraction_bandlimited,cptg_cmb_mask_ladder_bands,COMMANDER | 2-30 | mask_ge_0.95_abs_b_gt_30deg | abs_b_gt_30deg,True,False,0.0532754133510238,0.0013482665073163,,,2.0,30.0,2-30,39.5140078477989,,,mask_ge_0.95_abs_b_gt_30deg,0.95,30.0,abs_b_gt_30deg
COMMANDER,0.2550165583905886,0.2538367455552764,0.0011798128353122,11.09972414861251,11.048372200717033,0.0513519478954798,0.966936602503722,0.967246993488898,0.4989293416341145,I_STOKES,K_CMB_to_uK,,,TMASK,COM_CMB_IQU-commander_2048_R3.00_full.fits,,Mask ladder bands,mask_sky_fraction_bandlimited,cptg_cmb_mask_ladder_bands,COMMANDER | 2-40 | mask_ge_0.95_abs_b_gt_30deg | abs_b_gt_30deg,True,False,0.0513519478954798,0.0011798128353122,,,2.0,40.0,2-40,43.52550367185155,,,mask_ge_0.95_abs_b_gt_30deg,0.95,30.0,abs_b_gt_30deg
COMMANDER,0.2373403979825032,0.236532468484486,0.0008079294980171,12.072044765391457,12.030950366164646,0.0410943992268109,0.9714265214930988,0.9716235602635194,0.4989293416341145,I_STOKES,K_CMB_to_uK,,,TMASK,COM_CMB_IQU-commander_2048_R3.00_full.fits,,Mask ladder bands,mask_sky_fraction_bandlimited,cptg_cmb_mask_ladder_bands,COMMANDER | 2-64 | mask_ge_0.95_abs_b_gt_30deg | abs_b_gt_30deg,True,False,0.0410943992268109,0.0008079294980171,,,2.0,64.0,2-64,50.863843104709936,,,mask_ge_0.95_abs_b_gt_30deg,0.95,30.0,abs_b_gt_30deg
COMMANDER,0.2170960411941734,0.2166241033152132,0.0004719378789601,12.645907072572172,12.618416554879964,0.0274905176922093,0.9761502399150008,0.9762550793360312,0.4989293416341145,I_STOKES,K_CMB_to_uK,,,TMASK,COM_CMB_IQU-commander_2048_R3.00_full.fits,,Mask ladder bands,mask_sky_fraction_bandlimited,cptg_cmb_mask_ladder_bands,COMMANDER | 2-95 | mask_ge_0.95_abs_b_gt_30deg | abs_b_gt_30deg,True,False,0.0274905176922093,0.0004719378789601,,,2.0,95.0,2-95,58.25028868795224,,,mask_ge_0.95_abs_b_gt_30deg,0.95,30.0,abs_b_gt_30deg
COMMANDER,0.2323706763795358,0.2311786812223632,0.0011919951571726,9.026600884147156,8.980297001457332,0.0463038826898252,0.9726261465599184,0.972910166748826,0.3575706481933594,I_STOKES,K_CMB_to_uK,,,TMASK,COM_CMB_IQU-commander_2048_R3.00_full.fits,,Mask ladder bands,mask_sky_fraction_bandlimited,cptg_cmb_mask_ladder_bands,COMMANDER | 2-30 | mask_ge_0.95_abs_b_gt_40deg | abs_b_gt_40deg,True,False,0.0463038826898252,0.0011919951571726,,,2.0,30.0,2-30,38.84569699062985,,,mask_ge_0.95_abs_b_gt_40deg,0.95,40.0,abs_b_gt_40deg
COMMANDER,0.2265955621805435,0.2255756243979233,0.0010199377826202,9.658301769086394,9.614828424792078,0.0434733442943162,0.9739886132762594,0.9742253388972774,0.3575706481933594,I_STOKES,K_CMB_to_uK,,,TMASK,COM_CMB_IQU-commander_2048_R3.00_full.fits,,Mask ladder bands,mask_sky_fraction_bandlimited,cptg_cmb_mask_ladder_bands,COMMANDER | 2-40 | mask_ge_0.95_abs_b_gt_40deg | abs_b_gt_40deg,True,False,0.0434733442943162,0.0010199377826202,,,2.0,40.0,2-40,42.62352570431627,,,mask_ge_0.95_abs_b_gt_40deg,0.95,40.0,abs_b_gt_40deg
COMMANDER,0.2161561154552889,0.2155620090162457,0.0005941064390432,10.867006268964792,10.837138234077525,0.0298680348872686,0.9763586648548016,0.9764900053527472,0.3575706481933594,I_STOKES,K_CMB_to_uK,,,TMASK,COM_CMB_IQU-commander_2048_R3.00_full.fits,,Mask ladder bands,mask_sky_fraction_bandlimited,cptg_cmb_mask_ladder_bands,COMMANDER | 2-64 | mask_ge_0.95_abs_b_gt_40deg | abs_b_gt_40deg,True,False,0.0298680348872686,0.0005941064390432,,,2.0,64.0,2-64,50.27387842382183,,,mask_ge_0.95_abs_b_gt_40deg,0.95,40.0,abs_b_gt_40deg
COMMANDER,0.1986556420601181,0.1983986384351758,0.0002570036249422,11.47058124956676,11.455741595727773,0.0148396538389867,0.9800693326427474,0.980121391092586,0.3575706481933594,I_STOKES,K_CMB_to_uK,,,TMASK,COM_CMB_IQU-commander_2048_R3.00_full.fits,,Mask ladder bands,mask_sky_fraction_bandlimited,cptg_cmb_mask_ladder_bands,COMMANDER | 2-95 | mask_ge_0.95_abs_b_gt_40deg | abs_b_gt_40deg,True,False,0.0148396538389867,0.0002570036249422,,,2.0,95.0,2-95,57.74102930384164,,,mask_ge_0.95_abs_b_gt_40deg,0.95,40.0,abs_b_gt_40deg
COMMANDER,0.236226053147606,0.2350461495010772,0.0011799036465288,10.257744399155593,10.206508941167554,0.0512354579880369,0.9716979113597686,0.9719839972577804,0.8803787231445312,I_STOKES,K_CMB_to_uK,,,TMASK,COM_CMB_IQU-commander_2048_R3.00_full.fits,,Mask ladder bands,mask_sky_fraction_bandlimited,cptg_cmb_mask_ladder_bands,COMMANDER | 2-30 | mask_ge_0.99_no_galactic_cut | no_galactic_cut,True,False,0.0512354579880369,0.0011799036465288,,,2.0,30.0,2-30,43.42342541170103,,,mask_ge_0.99_no_galactic_cut,0.99,-1.0,no_galactic_cut
COMMANDER,0.2281637687859523,0.2271124416129228,0.0010513271730295,10.788321241111756,10.73861109066805,0.0497101504437065,0.9736226466056492,0.9738684225347214,0.8803787231445312,I_STOKES,K_CMB_to_uK,,,TMASK,COM_CMB_IQU-commander_2048_R3.00_full.fits,,Mask ladder bands,mask_sky_fraction_bandlimited,cptg_cmb_mask_ladder_bands,COMMANDER | 2-40 | mask_ge_0.99_no_galactic_cut | no_galactic_cut,True,False,0.0497101504437065,0.0010513271730295,,,2.0,40.0,2-40,47.283235627268326,,,mask_ge_0.99_no_galactic_cut,0.99,-1.0,no_galactic_cut
COMMANDER,0.2088809085752553,0.2080694188864416,0.0008114896888136,11.24370212583466,11.200021023519268,0.0436811023153911,0.977941054686925,0.978114031080104,0.8803787231445312,I_STOKES,K_CMB_to_uK,,,TMASK,COM_CMB_IQU-commander_2048_R3.00_full.fits,,Mask ladder bands,mask_sky_fraction_bandlimited,cptg_cmb_mask_ladder_bands,COMMANDER | 2-64 | mask_ge_0.99_no_galactic_cut | no_galactic_cut,True,False,0.0436811023153911,0.0008114896888136,,,2.0,64.0,2-64,53.82829001715009,,,mask_ge_0.99_no_galactic_cut,0.99,-1.0,no_galactic_cut
COMMANDER,0.1904149447563579,0.1898666797330586,0.0005482650232992,11.590681454723027,11.557308206389193,0.0333732483338344,0.981703676999734,0.9818098618240446,0.8803787231445312,I_STOKES,K_CMB_to_uK,,,TMASK,COM_CMB_IQU-commander_2048_R3.00_full.fits,,Mask ladder bands,mask_sky_fraction_bandlimited,cptg_cmb_mask_ladder_bands,COMMANDER | 2-95 | mask_ge_0.99_no_galactic_cut | no_galactic_cut,True,False,0.0333732483338344,0.0005482650232992,,,2.0,95.0,2-95,60.87064998786561,,,mask_ge_0.99_no_galactic_cut,0.99,-1.0,no_galactic_cut
COMMANDER,0.2482555549851914,0.247005333664397,0.0012502213207943,10.482287406326552,10.429498339000888,0.0527890673256656,0.9686938308607904,0.9690133838869888,0.8096110026041666,I_STOKES,K_CMB_to_uK,,,TMASK,COM_CMB_IQU-commander_2048_R3.00_full.fits,,Mask ladder bands,mask_sky_fraction_bandlimited,cptg_cmb_mask_ladder_bands,COMMANDER | 2-30 | mask_ge_0.99_abs_b_gt_10deg | abs_b_gt_10deg,True,False,0.0527890673256656,0.0012502213207943,,,2.0,30.0,2-30,42.22377786048665,,,mask_ge_0.99_abs_b_gt_10deg,0.99,10.0,abs_b_gt_10deg
COMMANDER,0.2405574020638688,0.2394463805690286,0.0011110214948401,11.084234915200216,11.033042047556192,0.0511928676440227,0.970634522674672,0.970909201794497,0.8096110026041666,I_STOKES,K_CMB_to_uK,,,TMASK,COM_CMB_IQU-commander_2048_R3.00_full.fits,,Mask ladder bands,mask_sky_fraction_bandlimited,cptg_cmb_mask_ladder_bands,COMMANDER | 2-40 | mask_ge_0.99_abs_b_gt_10deg | abs_b_gt_10deg,True,False,0.0511928676440227,0.0011110214948401,,,2.0,40.0,2-40,46.07729722761685,,,mask_ge_0.99_abs_b_gt_10deg,0.99,10.0,abs_b_gt_10deg
COMMANDER,0.2210153048638003,0.2201816448912374,0.0008336599725628,11.683591629205283,11.63952163738711,0.0440699918181746,0.9752702639721292,0.975458813653284,0.8096110026041666,I_STOKES,K_CMB_to_uK,,,TMASK,COM_CMB_IQU-commander_2048_R3.00_full.fits,,Mask ladder bands,mask_sky_fraction_bandlimited,cptg_cmb_mask_ladder_bands,COMMANDER | 2-64 | mask_ge_0.99_abs_b_gt_10deg | abs_b_gt_10deg,True,False,0.0440699918181746,0.0008336599725628,,,2.0,64.0,2-64,52.86326952065716,,,mask_ge_0.99_abs_b_gt_10deg,0.99,10.0,abs_b_gt_10deg
COMMANDER,0.2014460159228866,0.2008954852184164,0.0005505307044701,12.075138202266483,12.042138123756052,0.0330000785104314,0.9794995716791514,0.9796126340398524,0.8096110026041666,I_STOKES,K_CMB_to_uK,,,TMASK,COM_CMB_IQU-commander_2048_R3.00_full.fits,,Mask ladder bands,mask_sky_fraction_bandlimited,cptg_cmb_mask_ladder_bands,COMMANDER | 2-95 | mask_ge_0.99_abs_b_gt_10deg | abs_b_gt_10deg,True,False,0.0330000785104314,0.0005505307044701,,,2.0,95.0,2-95,59.94230338558216,,,mask_ge_0.99_abs_b_gt_10deg,0.99,10.0,abs_b_gt_10deg
COMMANDER,0.2684212538089279,0.2670949863525518,0.001326267456376,11.065286504839566,11.010613004963538,0.0546734998760278,0.9633014802230588,0.9636700588933648,0.6540209452311198,I_STOKES,K_CMB_to_uK,,,TMASK,COM_CMB_IQU-commander_2048_R3.00_full.fits,,Mask ladder bands,mask_sky_fraction_bandlimited,cptg_cmb_mask_ladder_bands,COMMANDER | 2-30 | mask_ge_0.99_abs_b_gt_20deg | abs_b_gt_20deg,True,False,0.0546734998760278,0.001326267456376,,,2.0,30.0,2-30,41.22358549415108,,,mask_ge_0.99_abs_b_gt_20deg,0.99,20.0,abs_b_gt_20deg
COMMANDER,0.2573223250122722,0.2561365015145824,0.0011858234976898,11.59256745739422,11.539145202294987,0.0534222550992318,0.9663256126530704,0.9666406061714372,0.6540209452311198,I_STOKES,K_CMB_to_uK,,,TMASK,COM_CMB_IQU-commander_2048_R3.00_full.fits,,Mask ladder bands,mask_sky_fraction_bandlimited,cptg_cmb_mask_ladder_bands,COMMANDER | 2-40 | mask_ge_0.99_abs_b_gt_20deg | abs_b_gt_20deg,True,False,0.0534222550992318,0.0011858234976898,,,2.0,40.0,2-40,45.05076447152941,,,mask_ge_0.99_abs_b_gt_20deg,0.99,20.0,abs_b_gt_20deg
COMMANDER,0.2371731983890351,0.236310975180269,0.0008622232087661,12.36065401383328,12.315717896098874,0.0449361177344052,0.9714673648510348,0.971677462048758,0.6540209452311198,I_STOKES,K_CMB_to_uK,,,TMASK,COM_CMB_IQU-commander_2048_R3.00_full.fits,,Mask ladder bands,mask_sky_fraction_bandlimited,cptg_cmb_mask_ladder_bands,COMMANDER | 2-64 | mask_ge_0.99_abs_b_gt_20deg | abs_b_gt_20deg,True,False,0.0449361177344052,0.0008622232087661,,,2.0,64.0,2-64,52.11657176186535,,,mask_ge_0.99_abs_b_gt_20deg,0.99,20.0,abs_b_gt_20deg
COMMANDER,0.2161005107440258,0.2155299749203872,0.0005705358236386,12.802418860870576,12.76861866963454,0.0338001912360361,0.9763711182939177,0.9764972203435116,0.6540209452311198,I_STOKES,K_CMB_to_uK,,,TMASK,COM_CMB_IQU-commander_2048_R3.00_full.fits,,Mask ladder bands,mask_sky_fraction_bandlimited,cptg_cmb_mask_ladder_bands,COMMANDER | 2-95 | mask_ge_0.99_abs_b_gt_20deg | abs_b_gt_20deg,True,False,0.0338001912360361,0.0005705358236386,,,2.0,95.0,2-95,59.2428903420558,,,mask_ge_0.99_abs_b_gt_20deg,0.99,20.0,abs_b_gt_20deg
COMMANDER,0.2631277546144949,0.2617795922970958,0.001348162317399,10.395569575732017,10.34230679776914,0.0532627779628764,0.964760524726876,0.9651272142704376,0.498877207438151,I_STOKES,K_CMB_to_uK,,,TMASK,COM_CMB_IQU-commander_2048_R3.00_full.fits,,Mask ladder bands,mask_sky_fraction_bandlimited,cptg_cmb_mask_ladder_bands,COMMANDER | 2-30 | mask_ge_0.99_abs_b_gt_30deg | abs_b_gt_30deg,True,False,0.0532627779628764,0.001348162317399,,,2.0,30.0,2-30,39.50768930082055,,,mask_ge_0.99_abs_b_gt_30deg,0.99,30.0,abs_b_gt_30deg
COMMANDER,0.2549331358442578,0.2537533893240674,0.0011797465201904,11.094177504264458,11.042837307700026,0.051340196564432,0.9669586001937271,0.9672688649699354,0.498877207438151,I_STOKES,K_CMB_to_uK,,,TMASK,COM_CMB_IQU-commander_2048_R3.00_full.fits,,Mask ladder bands,mask_sky_fraction_bandlimited,cptg_cmb_mask_ladder_bands,COMMANDER | 2-40 | mask_ge_0.99_abs_b_gt_30deg | abs_b_gt_30deg,True,False,0.051340196564432,0.0011797465201904,,,2.0,40.0,2-40,43.51798940347262,,,mask_ge_0.99_abs_b_gt_30deg,0.99,30.0,abs_b_gt_30deg
COMMANDER,0.2372740896928771,0.236466375239262,0.0008077144536151,12.066853014175395,12.025775745259038,0.0410772689163589,0.971442718996406,0.9716396470154064,0.498877207438151,I_STOKES,K_CMB_to_uK,,,TMASK,COM_CMB_IQU-commander_2048_R3.00_full.fits,,Mask ladder bands,mask_sky_fraction_bandlimited,cptg_cmb_mask_ladder_bands,COMMANDER | 2-64 | mask_ge_0.99_abs_b_gt_30deg | abs_b_gt_30deg,True,False,0.0410772689163589,0.0008077144536151,,,2.0,64.0,2-64,50.85617662592023,,,mask_ge_0.99_abs_b_gt_30deg,0.99,30.0,abs_b_gt_30deg
COMMANDER,0.2170529816576991,0.2165817467447962,0.0004712349129029,12.642336831694882,12.614889567666191,0.0274472640286909,0.9761598153686978,0.9762644769949634,0.498877207438151,I_STOKES,K_CMB_to_uK,,,TMASK,COM_CMB_IQU-commander_2048_R3.00_full.fits,,Mask ladder bands,mask_sky_fraction_bandlimited,cptg_cmb_mask_ladder_bands,COMMANDER | 2-95 | mask_ge_0.99_abs_b_gt_30deg | abs_b_gt_30deg,True,False,0.0274472640286909,0.0004712349129029,,,2.0,95.0,2-95,58.24539582521069,,,mask_ge_0.99_abs_b_gt_30deg,0.99,30.0,abs_b_gt_30deg
COMMANDER,0.2323745312519163,0.23118254782308,0.0011919834288363,9.026758100721196,8.980454635301792,0.0463034654194043,0.9726252276839656,0.9729092500553572,0.3575528462727864,I_STOKES,K_CMB_to_uK,,,TMASK,COM_CMB_IQU-commander_2048_R3.00_full.fits,,Mask ladder bands,mask_sky_fraction_bandlimited,cptg_cmb_mask_ladder_bands,COMMANDER | 2-30 | mask_ge_0.99_abs_b_gt_40deg | abs_b_gt_40deg,True,False,0.0463034654194043,0.0011919834288363,,,2.0,30.0,2-30,38.845729142903885,,,mask_ge_0.99_abs_b_gt_40deg,0.99,40.0,abs_b_gt_40deg
COMMANDER,0.2265859211339158,0.225565906336287,0.0010200147976287,9.657739692319058,9.614263745761946,0.0434759465571126,0.9739908554195515,0.974227588241116,0.3575528462727864,I_STOKES,K_CMB_to_uK,,,TMASK,COM_CMB_IQU-commander_2048_R3.00_full.fits,,Mask ladder bands,mask_sky_fraction_bandlimited,cptg_cmb_mask_ladder_bands,COMMANDER | 2-40 | mask_ge_0.99_abs_b_gt_40deg | abs_b_gt_40deg,True,False,0.0434759465571126,0.0010200147976287,,,2.0,40.0,2-40,42.622858666541696,,,mask_ge_0.99_abs_b_gt_40deg,0.99,40.0,abs_b_gt_40deg
COMMANDER,0.2161350277948203,0.2155407697500332,0.0005942580447871,10.865553788706292,10.835679210689554,0.0298745780167397,0.9763633324212612,0.9764946929299766,0.3575528462727864,I_STOKES,K_CMB_to_uK,,,TMASK,COM_CMB_IQU-commander_2048_R3.00_full.fits,,Mask ladder bands,mask_sky_fraction_bandlimited,cptg_cmb_mask_ladder_bands,COMMANDER | 2-64 | mask_ge_0.99_abs_b_gt_40deg | abs_b_gt_40deg,True,False,0.0298745780167397,0.0005942580447871,,,2.0,64.0,2-64,50.272063254000166,,,mask_ge_0.99_abs_b_gt_40deg,0.99,40.0,abs_b_gt_40deg
COMMANDER,0.198633841868934,0.1983768019009772,0.0002570399679567,11.469008454328426,11.45416710837318,0.0148413459552454,0.9800737512052432,0.9801258110598364,0.3575528462727864,I_STOKES,K_CMB_to_uK,,,TMASK,COM_CMB_IQU-commander_2048_R3.00_full.fits,,Mask ladder bands,mask_sky_fraction_bandlimited,cptg_cmb_mask_ladder_bands,COMMANDER | 2-95 | mask_ge_0.99_abs_b_gt_40deg | abs_b_gt_40deg,True,False,0.0148413459552454,0.0002570399679567,,,2.0,95.0,2-95,57.73944835591563,,,mask_ge_0.99_abs_b_gt_40deg,0.99,40.0,abs_b_gt_40deg
