component,ell_min,ell_max,ell_band,mask_label,mask_threshold,galactic_cut_deg,galactic_cut_label,cptg_residual_fraction,planck_residual_fraction,cptg_minus_planck_residual_fraction,cptg_residual_rms_uK,planck_residual_rms_uK,cptg_minus_planck_residual_rms_uK,cptg_corr,planck_corr,observed_band_rms_uK,valid_sky_fraction,temperature_field,temperature_unit_inference,mask_field,mask_source_used
SMICA,2,30,2-30,mask_ge_0.50_no_galactic_cut,0.5,-1.0,no_galactic_cut,0.241025735877925,0.23982903713575435,0.0011966987421706543,10.37879316494622,10.327262200086803,0.05153096485941688,0.9705179675943085,0.9708143892004484,43.06093341917182,0.842749277750651,I_STOKES,K_CMB_to_uK,TMASK,COM_CMB_IQU-smica_2048_R3.00_full.fits
SMICA,2,40,2-40,mask_ge_0.50_no_galactic_cut,0.5,-1.0,no_galactic_cut,0.23255948166599158,0.2314975110871698,0.0010619705788217915,10.940506393312251,10.89054714923466,0.049959244077591336,0.972581725133137,0.9728350502079232,47.043905993157104,0.842749277750651,I_STOKES,K_CMB_to_uK,TMASK,COM_CMB_IQU-smica_2048_R3.00_full.fits
SMICA,2,64,2-64,mask_ge_0.50_no_galactic_cut,0.5,-1.0,no_galactic_cut,0.21243095051709013,0.2116180647954238,0.0008128857216663232,11.421345379967326,11.377640597029643,0.04370478293768265,0.9771759785255966,0.9773523407204119,53.76497799480719,0.842749277750651,I_STOKES,K_CMB_to_uK,TMASK,COM_CMB_IQU-smica_2048_R3.00_full.fits
SMICA,2,95,2-95,mask_ge_0.50_no_galactic_cut,0.5,-1.0,no_galactic_cut,0.19348910762696492,0.1929435077965045,0.0005455998304604304,11.780322829416546,11.747104721083078,0.033218108333468166,0.9811023935479598,0.9812098371526006,60.8836485624208,0.842749277750651,I_STOKES,K_CMB_to_uK,TMASK,COM_CMB_IQU-smica_2048_R3.00_full.fits
SMICA,2,30,2-30,mask_ge_0.50_abs_b_gt_10deg,0.5,10.0,abs_b_gt_10deg,0.24925561982405675,0.24798987262402936,0.001265747200027395,10.465853666410291,10.41270692097881,0.05314674543148179,0.9684365627724514,0.9687614701761137,41.98843610345826,0.7878214518229166,I_STOKES,K_CMB_to_uK,TMASK,COM_CMB_IQU-smica_2048_R3.00_full.fits
SMICA,2,40,2-40,mask_ge_0.50_abs_b_gt_10deg,0.5,10.0,abs_b_gt_10deg,0.2419381210302152,0.24082013603917915,0.0011179849910360473,11.118151036573579,11.066774569177568,0.051376467396011094,0.9702910641860322,0.9705691509398007,45.95452336833291,0.7878214518229166,I_STOKES,K_CMB_to_uK,TMASK,COM_CMB_IQU-smica_2048_R3.00_full.fits
SMICA,2,64,2-64,mask_ge_0.50_abs_b_gt_10deg,0.5,10.0,abs_b_gt_10deg,0.22233827362011888,0.22150452295469264,0.0008337506654262361,11.747285342914761,11.703233966549659,0.04405137636510226,0.9749694870866751,0.9751592466922128,52.83519185268953,0.7878214518229166,I_STOKES,K_CMB_to_uK,TMASK,COM_CMB_IQU-smica_2048_R3.00_full.fits
SMICA,2,95,2-95,mask_ge_0.50_abs_b_gt_10deg,0.5,10.0,abs_b_gt_10deg,0.20273969560943428,0.20219306408082077,0.000546631528613506,12.159075914472274,12.126292328437598,0.03278358603467524,0.9792326359866099,0.9793456512999869,59.97382938709741,0.7878214518229166,I_STOKES,K_CMB_to_uK,TMASK,COM_CMB_IQU-smica_2048_R3.00_full.fits
SMICA,2,30,2-30,mask_ge_0.50_abs_b_gt_20deg,0.5,20.0,abs_b_gt_20deg,0.26607532283039664,0.2647552155729243,0.001320107257472336,10.867551885034493,10.813633566109683,0.05391831892480958,0.9639515338282687,0.9643149518219918,40.84389250919656,0.646630605061849,I_STOKES,K_CMB_to_uK,TMASK,COM_CMB_IQU-smica_2048_R3.00_full.fits
SMICA,2,40,2-40,mask_ge_0.50_abs_b_gt_20deg,0.5,20.0,abs_b_gt_20deg,0.2557037640978334,0.25452990323787816,0.0011738608599552447,11.435330682190862,11.382834438516744,0.05249624367411876,0.9667549739626516,0.967064696246398,44.721010355622504,0.646630605061849,I_STOKES,K_CMB_to_uK,TMASK,COM_CMB_IQU-smica_2048_R3.00_full.fits
SMICA,2,64,2-64,mask_ge_0.50_abs_b_gt_20deg,0.5,20.0,abs_b_gt_20deg,0.23659388587758515,0.23575864045091025,0.0008352454266749021,12.292770332243046,12.249373267424206,0.04339706481884065,0.9716085459231255,0.9718115547640114,51.95726122273247,0.646630605061849,I_STOKES,K_CMB_to_uK,TMASK,COM_CMB_IQU-smica_2048_R3.00_full.fits
SMICA,2,95,2-95,mask_ge_0.50_abs_b_gt_20deg,0.5,20.0,abs_b_gt_20deg,0.2156650214112703,0.21512614608511033,0.0005388753261599821,12.757791565857927,12.725914078047689,0.031877487810238136,0.9764673876548757,0.9765862491766967,59.15558991612733,0.646630605061849,I_STOKES,K_CMB_to_uK,TMASK,COM_CMB_IQU-smica_2048_R3.00_full.fits
SMICA,2,30,2-30,mask_ge_0.50_abs_b_gt_30deg,0.5,30.0,abs_b_gt_30deg,0.25921647588795793,0.2578723230640257,0.0013441528239322431,10.115663731701561,10.06320951202151,0.05245421968005104,0.9658180007953394,0.9661777693249132,39.02399990992043,0.49425379435221356,I_STOKES,K_CMB_to_uK,TMASK,COM_CMB_IQU-smica_2048_R3.00_full.fits
SMICA,2,40,2-40,mask_ge_0.50_abs_b_gt_30deg,0.5,30.0,abs_b_gt_30deg,0.25249957441935544,0.25133318451485226,0.0011663899045031845,10.873823096730767,10.823592843818277,0.05023025291249006,0.9675966476121501,0.9679002760080319,43.064718511847246,0.49425379435221356,I_STOKES,K_CMB_to_uK,TMASK,COM_CMB_IQU-smica_2048_R3.00_full.fits
SMICA,2,64,2-64,mask_ge_0.50_abs_b_gt_30deg,0.5,30.0,abs_b_gt_30deg,0.23637975081951504,0.23560258817365942,0.0007771626458556169,11.94467321062206,11.905401852546488,0.03927135807557214,0.971660638912622,0.9718493739642406,50.53171081368249,0.49425379435221356,I_STOKES,K_CMB_to_uK,TMASK,COM_CMB_IQU-smica_2048_R3.00_full.fits
SMICA,2,95,2-95,mask_ge_0.50_abs_b_gt_30deg,0.5,30.0,abs_b_gt_30deg,0.21669465999975798,0.21626121697244327,0.0004334430273147116,12.561484959569237,12.5363588763125,0.02512608325673682,0.9762393911533049,0.9763355011711253,57.96859488638652,0.49425379435221356,I_STOKES,K_CMB_to_uK,TMASK,COM_CMB_IQU-smica_2048_R3.00_full.fits
SMICA,2,30,2-30,mask_ge_0.50_abs_b_gt_40deg,0.5,40.0,abs_b_gt_40deg,0.2307278190698016,0.2295371914047987,0.0011906276650029135,8.86451738573528,8.818773705242366,0.04574368049291344,0.9730160473178802,0.9732976309184,38.419803131990406,0.35579681396484375,I_STOKES,K_CMB_to_uK,TMASK,COM_CMB_IQU-smica_2048_R3.00_full.fits
SMICA,2,40,2-40,mask_ge_0.50_abs_b_gt_40deg,0.5,40.0,abs_b_gt_40deg,0.22673378413755207,0.22572747427083845,0.0010063098667136283,9.580432877715282,9.537912156028813,0.04252072168646848,0.9739559865519298,0.9741897112456561,42.25410392261235,0.35579681396484375,I_STOKES,K_CMB_to_uK,TMASK,COM_CMB_IQU-smica_2048_R3.00_full.fits
SMICA,2,64,2-64,mask_ge_0.50_abs_b_gt_40deg,0.5,40.0,abs_b_gt_40deg,0.21751903729935393,0.21695335833448717,0.000565678964866756,10.880371367573487,10.852075925992875,0.028295441580612035,0.9760557895791667,0.9761816834974462,50.02031777384022,0.35579681396484375,I_STOKES,K_CMB_to_uK,TMASK,COM_CMB_IQU-smica_2048_R3.00_full.fits
SMICA,2,95,2-95,mask_ge_0.50_abs_b_gt_40deg,0.5,40.0,abs_b_gt_40deg,0.2001051369524926,0.1998776456252241,0.00022749132726851418,11.510448030481387,11.497362273964645,0.013085756516741043,0.9797743842563034,0.9798208187539715,57.52200171260025,0.35579681396484375,I_STOKES,K_CMB_to_uK,TMASK,COM_CMB_IQU-smica_2048_R3.00_full.fits
SMICA,2,30,2-30,mask_ge_0.70_no_galactic_cut,0.7,-1.0,no_galactic_cut,0.24121365362194191,0.24001653537735892,0.0011971182445829898,10.374799439363994,10.323310390107197,0.05148904925679609,0.9704712929186768,0.9707680640116864,43.01082995751387,0.8408215840657552,I_STOKES,K_CMB_to_uK,TMASK,COM_CMB_IQU-smica_2048_R3.00_full.fits
SMICA,2,40,2-40,mask_ge_0.70_no_galactic_cut,0.7,-1.0,no_galactic_cut,0.23272561299606492,0.23166318486041187,0.0010624281356530485,10.935590397882445,10.885667749622478,0.04992264825996706,0.9725419958631242,0.9727956215124676,46.98920010178403,0.8408215840657552,I_STOKES,K_CMB_to_uK,TMASK,COM_CMB_IQU-smica_2048_R3.00_full.fits
SMICA,2,64,2-64,mask_ge_0.70_no_galactic_cut,0.7,-1.0,no_galactic_cut,0.21263442955951276,0.21182202269812495,0.0008124068613878099,11.42082979459434,11.377194525804184,0.043635268790156445,0.9771317207852946,0.9773081564283154,53.71110322186955,0.8408215840657552,I_STOKES,K_CMB_to_uK,TMASK,COM_CMB_IQU-smica_2048_R3.00_full.fits
SMICA,2,95,2-95,mask_ge_0.70_no_galactic_cut,0.7,-1.0,no_galactic_cut,0.19368525651687077,0.19314099255560868,0.000544263961262087,11.78219403141102,11.749085555777844,0.03310847563317587,0.9810636913641763,0.9811709853067534,60.831651532468314,0.8408215840657552,I_STOKES,K_CMB_to_uK,TMASK,COM_CMB_IQU-smica_2048_R3.00_full.fits
SMICA,2,30,2-30,mask_ge_0.70_abs_b_gt_10deg,0.7,10.0,abs_b_gt_10deg,0.2492872930984781,0.24802140156644828,0.001265891532029828,10.460283348663298,10.40716558261465,0.05311776604864704,0.9684284233540685,0.9687534116894536,41.96075627702003,0.7867355346679688,I_STOKES,K_CMB_to_uK,TMASK,COM_CMB_IQU-smica_2048_R3.00_full.fits
SMICA,2,40,2-40,mask_ge_0.70_abs_b_gt_10deg,0.7,10.0,abs_b_gt_10deg,0.24190958411857424,0.24079104910124263,0.0011185350173316122,11.108453506617616,11.057090538586298,0.051362968031318346,0.9702981742251445,0.9705763625776492,45.919856987446614,0.7867355346679688,I_STOKES,K_CMB_to_uK,TMASK,COM_CMB_IQU-smica_2048_R3.00_full.fits
SMICA,2,64,2-64,mask_ge_0.70_abs_b_gt_10deg,0.7,10.0,abs_b_gt_10deg,0.22235304741289183,0.2215195787930873,0.0008334686198045171,11.741000760852945,11.696990769476031,0.04400999137691386,0.9749661143170109,0.9751558231661865,52.8034173466975,0.7867355346679688,I_STOKES,K_CMB_to_uK,TMASK,COM_CMB_IQU-smica_2048_R3.00_full.fits
SMICA,2,95,2-95,mask_ge_0.70_abs_b_gt_10deg,0.7,10.0,abs_b_gt_10deg,0.20276903004346072,0.20222338663512618,0.0005456434083345452,12.15513841450351,12.122429419683904,0.03270899481960576,0.9792265624582787,0.9793393908079148,59.945734375206236,0.7867355346679688,I_STOKES,K_CMB_to_uK,TMASK,COM_CMB_IQU-smica_2048_R3.00_full.fits
SMICA,2,30,2-30,mask_ge_0.70_abs_b_gt_20deg,0.7,20.0,abs_b_gt_20deg,0.2661809640369826,0.26486105065519727,0.0013199133817853315,10.86424643837092,10.810373824644016,0.053872613726904106,0.9639223622014358,0.9642858826129002,40.81526444866833,0.6460316975911459,I_STOKES,K_CMB_to_uK,TMASK,COM_CMB_IQU-smica_2048_R3.00_full.fits
SMICA,2,40,2-40,mask_ge_0.70_abs_b_gt_20deg,0.7,20.0,abs_b_gt_20deg,0.25578104763388554,0.2546071744786625,0.0011738731552230486,11.430663014753135,11.378203504623103,0.05245951013003136,0.9667345207438369,0.9670443467058305,44.68924934233014,0.6460316975911459,I_STOKES,K_CMB_to_uK,TMASK,COM_CMB_IQU-smica_2048_R3.00_full.fits
SMICA,2,64,2-64,mask_ge_0.70_abs_b_gt_20deg,0.7,20.0,abs_b_gt_20deg,0.23671123802323926,0.23587670175507164,0.0008345362681676238,12.291845520465735,12.248510058342323,0.04333546212341233,0.9715799589237568,0.9717829024926853,51.92759593128813,0.6460316975911459,I_STOKES,K_CMB_to_uK,TMASK,COM_CMB_IQU-smica_2048_R3.00_full.fits
SMICA,2,95,2-95,mask_ge_0.70_abs_b_gt_20deg,0.7,20.0,abs_b_gt_20deg,0.21577008717961063,0.21523235544298852,0.0005377317366221102,12.758267388032035,12.726471853402877,0.03179553462915763,0.97644417713925,0.976562847415522,59.12899028219718,0.6460316975911459,I_STOKES,K_CMB_to_uK,TMASK,COM_CMB_IQU-smica_2048_R3.00_full.fits
SMICA,2,30,2-30,mask_ge_0.70_abs_b_gt_30deg,0.7,30.0,abs_b_gt_30deg,0.2590383610524493,0.25769474758719835,0.0013436134652509701,10.102942104491648,10.050538865855122,0.05240323863652563,0.9658658051068142,0.9662251640281915,39.001721843221645,0.49385325113932294,I_STOKES,K_CMB_to_uK,TMASK,COM_CMB_IQU-smica_2048_R3.00_full.fits
SMICA,2,40,2-40,mask_ge_0.70_abs_b_gt_30deg,0.7,30.0,abs_b_gt_30deg,0.2523275116908248,0.25116158827976215,0.0011659234110626415,10.860007181886209,10.80982661880443,0.05018056308177954,0.9676415330048834,0.9679448189286619,43.03933054748664,0.49385325113932294,I_STOKES,K_CMB_to_uK,TMASK,COM_CMB_IQU-smica_2048_R3.00_full.fits
SMICA,2,64,2-64,mask_ge_0.70_abs_b_gt_30deg,0.7,30.0,abs_b_gt_30deg,0.23628580577744845,0.23550989291113655,0.0007759128663119008,11.934253545154688,11.895063967748435,0.03918957740625295,0.9716834901415777,0.9718718427668486,50.507704031935184,0.49385325113932294,I_STOKES,K_CMB_to_uK,TMASK,COM_CMB_IQU-smica_2048_R3.00_full.fits
SMICA,2,95,2-95,mask_ge_0.70_abs_b_gt_30deg,0.7,30.0,abs_b_gt_30deg,0.2166283105335399,0.21619650718300143,0.00043180335053846775,12.552747876141654,12.527726591628873,0.025021284512780184,0.9762541192220398,0.9763498352447153,57.94601751370881,0.49385325113932294,I_STOKES,K_CMB_to_uK,TMASK,COM_CMB_IQU-smica_2048_R3.00_full.fits
SMICA,2,30,2-30,mask_ge_0.70_abs_b_gt_40deg,0.7,40.0,abs_b_gt_40deg,0.23073806678632658,0.2295471795748367,0.0011908872114898827,8.860752548570073,8.815020359507225,0.04573218906284815,0.9730135803842719,0.9732952388309478,38.40178030431152,0.3556073506673177,I_STOKES,K_CMB_to_uK,TMASK,COM_CMB_IQU-smica_2048_R3.00_full.fits
SMICA,2,40,2-40,mask_ge_0.70_abs_b_gt_40deg,0.7,40.0,abs_b_gt_40deg,0.22672141784155997,0.22571483595435585,0.0010065818872041221,9.575607778490944,9.533094665082595,0.04251311340834896,0.9739588417555117,0.9741926162266864,42.23512656921844,0.3556073506673177,I_STOKES,K_CMB_to_uK,TMASK,COM_CMB_IQU-smica_2048_R3.00_full.fits
SMICA,2,64,2-64,mask_ge_0.70_abs_b_gt_40deg,0.7,40.0,abs_b_gt_40deg,0.21756957801301835,0.2170046220566222,0.0005649559563961626,10.880363600116222,10.852110908357663,0.028252691758559934,0.9760445267883496,0.9761702907091281,50.00866251376924,0.3556073506673177,I_STOKES,K_CMB_to_uK,TMASK,COM_CMB_IQU-smica_2048_R3.00_full.fits
SMICA,2,95,2-95,mask_ge_0.70_abs_b_gt_40deg,0.7,40.0,abs_b_gt_40deg,0.2001229183527956,0.19989590139853455,0.00022701695426105561,11.508904496620335,11.495848938230475,0.013055558389860167,0.9797707534036416,0.9798170954211415,57.509177816062774,0.3556073506673177,I_STOKES,K_CMB_to_uK,TMASK,COM_CMB_IQU-smica_2048_R3.00_full.fits
SMICA,2,30,2-30,mask_ge_0.80_no_galactic_cut,0.8,-1.0,no_galactic_cut,0.24118324189276383,0.23998535103993002,0.0011978908528338106,10.36755155064786,10.316058772495696,0.051492778152164576,0.9704788528902205,0.9707757751567277,42.9862019818837,0.8397038777669271,I_STOKES,K_CMB_to_uK,TMASK,COM_CMB_IQU-smica_2048_R3.00_full.fits
SMICA,2,40,2-40,mask_ge_0.80_no_galactic_cut,0.8,-1.0,no_galactic_cut,0.2326821981288731,0.23161903181413143,0.0010631663147416814,10.927358670582333,10.87742962684333,0.04992904373900231,0.9725523810734862,0.9728061323856231,46.96258999809739,0.8397038777669271,I_STOKES,K_CMB_to_uK,TMASK,COM_CMB_IQU-smica_2048_R3.00_full.fits
SMICA,2,64,2-64,mask_ge_0.80_no_galactic_cut,0.8,-1.0,no_galactic_cut,0.21261543422509532,0.21180249988210476,0.0008129343429905678,11.413286896189076,11.369648235063028,0.04363866112604775,0.9771358524985481,0.9773123859345191,53.68042511958875,0.8397038777669271,I_STOKES,K_CMB_to_uK,TMASK,COM_CMB_IQU-smica_2048_R3.00_full.fits
SMICA,2,95,2-95,mask_ge_0.80_no_galactic_cut,0.8,-1.0,no_galactic_cut,0.19366378405269075,0.19311923986318713,0.0005445441895036152,11.774784382443489,11.741676021737426,0.03310836070606271,0.9810679316196769,0.981175268336116,60.80013586453461,0.8397038777669271,I_STOKES,K_CMB_to_uK,TMASK,COM_CMB_IQU-smica_2048_R3.00_full.fits
SMICA,2,30,2-30,mask_ge_0.80_abs_b_gt_10deg,0.8,10.0,abs_b_gt_10deg,0.249235253107331,0.2479689595359194,0.0012662935714115864,10.454728613047482,10.40161110471549,0.053117508331991914,0.9684418194993154,0.9687668382352755,41.94723050894106,0.7860755920410156,I_STOKES,K_CMB_to_uK,TMASK,COM_CMB_IQU-smica_2048_R3.00_full.fits
SMICA,2,40,2-40,mask_ge_0.80_abs_b_gt_10deg,0.8,10.0,abs_b_gt_10deg,0.24183030434590472,0.24071117634746456,0.0011191279984401614,11.100692947295034,11.049321816149966,0.05137113114506775,0.9703179319523372,0.9705961703857835,45.90282006764972,0.7860755920410156,I_STOKES,K_CMB_to_uK,TMASK,COM_CMB_IQU-smica_2048_R3.00_full.fits
SMICA,2,64,2-64,mask_ge_0.80_abs_b_gt_10deg,0.8,10.0,abs_b_gt_10deg,0.22228326026398745,0.22144939461979304,0.0008338656441944092,11.733207436100193,11.689191892304628,0.04401554379556494,0.9749820249209112,0.9751717612079146,52.784934961659424,0.7860755920410156,I_STOKES,K_CMB_to_uK,TMASK,COM_CMB_IQU-smica_2048_R3.00_full.fits
SMICA,2,95,2-95,mask_ge_0.80_abs_b_gt_10deg,0.8,10.0,abs_b_gt_10deg,0.2027114871521478,0.20216576748902892,0.0005457196631188654,12.147973255437432,12.115269692528052,0.03270356290937926,0.979238477236475,0.9793512878888453,59.92740434250581,0.7860755920410156,I_STOKES,K_CMB_to_uK,TMASK,COM_CMB_IQU-smica_2048_R3.00_full.fits
SMICA,2,30,2-30,mask_ge_0.80_abs_b_gt_20deg,0.8,20.0,abs_b_gt_20deg,0.26628000100216986,0.264959973711864,0.0013200272903058363,10.86418436475844,10.81032744800006,0.05385691675838089,0.9638949982787689,0.9642586959688179,40.799850998460485,0.6456820170084635,I_STOKES,K_CMB_to_uK,TMASK,COM_CMB_IQU-smica_2048_R3.00_full.fits
SMICA,2,40,2-40,mask_ge_0.80_abs_b_gt_20deg,0.8,20.0,abs_b_gt_20deg,0.2558536765430526,0.2546795090777162,0.0011741674653363843,11.429209461320376,11.376758364719702,0.05245109660067371,0.9667152941729958,0.9670252920369048,44.6708822626482,0.6456820170084635,I_STOKES,K_CMB_to_uK,TMASK,COM_CMB_IQU-smica_2048_R3.00_full.fits
SMICA,2,64,2-64,mask_ge_0.80_abs_b_gt_20deg,0.8,20.0,abs_b_gt_20deg,0.2367812460725005,0.23594663755762985,0.0008346085148706606,12.291083493154426,12.247759779344626,0.04332371380979971,0.9715628958623399,0.97176592068578,51.90902445623162,0.6456820170084635,I_STOKES,K_CMB_to_uK,TMASK,COM_CMB_IQU-smica_2048_R3.00_full.fits
SMICA,2,95,2-95,mask_ge_0.80_abs_b_gt_20deg,0.8,20.0,abs_b_gt_20deg,0.21585016131849474,0.21531274455344646,0.0005374167650482875,12.759254726974499,12.727487146362503,0.03176758061199614,0.9764264795692362,0.9765451266410167,59.11162933136638,0.6456820170084635,I_STOKES,K_CMB_to_uK,TMASK,COM_CMB_IQU-smica_2048_R3.00_full.fits
SMICA,2,30,2-30,mask_ge_0.80_abs_b_gt_30deg,0.8,30.0,abs_b_gt_30deg,0.2590553780314211,0.2577117265766723,0.0013436514547487954,10.100422320034935,10.04803411158691,0.05238820844802561,0.9658612621242602,0.9662206563136816,38.98943305786088,0.49364598592122394,I_STOKES,K_CMB_to_uK,TMASK,COM_CMB_IQU-smica_2048_R3.00_full.fits
SMICA,2,40,2-40,mask_ge_0.80_abs_b_gt_30deg,0.8,30.0,abs_b_gt_30deg,0.2523370476227905,0.25117092368998034,0.0011661239328101813,10.85633972376938,10.806169375444112,0.05017034832526868,0.9676390540942472,0.9679424042431627,43.023170105398584,0.49364598592122394,I_STOKES,K_CMB_to_uK,TMASK,COM_CMB_IQU-smica_2048_R3.00_full.fits
SMICA,2,64,2-64,mask_ge_0.80_abs_b_gt_30deg,0.8,30.0,abs_b_gt_30deg,0.23631433138314534,0.23553852260875563,0.000775808774389708,11.932154322362647,11.892981624005847,0.039172698356800595,0.9716765567305996,0.9718649082222137,50.49272404480876,0.49364598592122394,I_STOKES,K_CMB_to_uK,TMASK,COM_CMB_IQU-smica_2048_R3.00_full.fits
SMICA,2,95,2-95,mask_ge_0.80_abs_b_gt_30deg,0.8,30.0,abs_b_gt_30deg,0.21668331313621614,0.21625208557551753,0.0004312275606986049,12.55305457829647,12.528072391035414,0.024982187261056055,0.9762419158059311,0.9763375298048216,57.932724013708885,0.49364598592122394,I_STOKES,K_CMB_to_uK,TMASK,COM_CMB_IQU-smica_2048_R3.00_full.fits
SMICA,2,30,2-30,mask_ge_0.80_abs_b_gt_40deg,0.8,40.0,abs_b_gt_40deg,0.23073174320546933,0.22954052419236826,0.0011912190131010691,8.858417026337237,8.812682899592682,0.04573412674455568,0.9730150818682989,0.973296810381968,38.39271052725811,0.35552088419596356,I_STOKES,K_CMB_to_uK,TMASK,COM_CMB_IQU-smica_2048_R3.00_full.fits
SMICA,2,40,2-40,mask_ge_0.80_abs_b_gt_40deg,0.8,40.0,abs_b_gt_40deg,0.22669871722420892,0.2256916571798564,0.0010070600443525257,9.572004964763517,9.529483401949275,0.04252156281424213,0.9739641210453951,0.9741979816151661,42.22346329069273,0.35552088419596356,I_STOKES,K_CMB_to_uK,TMASK,COM_CMB_IQU-smica_2048_R3.00_full.fits
SMICA,2,64,2-64,mask_ge_0.80_abs_b_gt_40deg,0.8,40.0,abs_b_gt_40deg,0.21756850058453156,0.21700347306012338,0.0005650275244081793,10.8781482158002,10.849897558466967,0.028250657333233065,0.9760447713990762,0.9761705505515644,49.998727695297646,0.35552088419596356,I_STOKES,K_CMB_to_uK,TMASK,COM_CMB_IQU-smica_2048_R3.00_full.fits
SMICA,2,95,2-95,mask_ge_0.80_abs_b_gt_40deg,0.8,40.0,abs_b_gt_40deg,0.20013257066047868,0.19990567136857146,0.00022689929190722324,11.5074781829318,11.49443163762072,0.013046545311080848,0.9797687837102274,0.9798151040470108,57.499277328796374,0.35552088419596356,I_STOKES,K_CMB_to_uK,TMASK,COM_CMB_IQU-smica_2048_R3.00_full.fits
SMICA,2,30,2-30,mask_ge_0.90_no_galactic_cut,0.9,-1.0,no_galactic_cut,0.24106528879783543,0.23986672463655306,0.0011985641612823617,10.355089532386573,10.30360456222649,0.05148497016008413,0.9705081469206034,0.9708050811719549,42.955539489016445,0.8384526570638021,I_STOKES,K_CMB_to_uK,TMASK,COM_CMB_IQU-smica_2048_R3.00_full.fits
SMICA,2,40,2-40,mask_ge_0.90_no_galactic_cut,0.9,-1.0,no_galactic_cut,0.2325458171880026,0.23148197941886964,0.0010638377691329637,10.913269522788013,10.863344099731776,0.04992542305623715,0.9725849946817708,0.9728387482657816,46.92954556118779,0.8384526570638021,I_STOKES,K_CMB_to_uK,TMASK,COM_CMB_IQU-smica_2048_R3.00_full.fits
SMICA,2,64,2-64,mask_ge_0.90_no_galactic_cut,0.9,-1.0,no_galactic_cut,0.2125326883580242,0.21171972017696022,0.0008129681810639666,11.401857127505082,11.35824337979732,0.043613747707761163,0.9771538489982508,0.9773303177216781,53.647545775631286,0.8384526570638021,I_STOKES,K_CMB_to_uK,TMASK,COM_CMB_IQU-smica_2048_R3.00_full.fits
SMICA,2,95,2-95,mask_ge_0.90_no_galactic_cut,0.9,-1.0,no_galactic_cut,0.19359986642319896,0.1930563208954785,0.0005435455277204571,11.765592283511735,11.732559538268482,0.03303274524325239,0.9810805467345953,0.9811876501042195,60.77272934575677,0.8384526570638021,I_STOKES,K_CMB_to_uK,TMASK,COM_CMB_IQU-smica_2048_R3.00_full.fits
SMICA,2,30,2-30,mask_ge_0.90_abs_b_gt_10deg,0.9,10.0,abs_b_gt_10deg,0.24916857830003294,0.24790159110885596,0.001266987191176988,10.447912640548726,10.394786473596119,0.05312616695260708,0.9684589676155516,0.9687840710356556,41.93110026886301,0.7853101094563802,I_STOKES,K_CMB_to_uK,TMASK,COM_CMB_IQU-smica_2048_R3.00_full.fits
SMICA,2,40,2-40,mask_ge_0.90_abs_b_gt_10deg,0.9,10.0,abs_b_gt_10deg,0.24171300462281778,0.2405930005851608,0.0011200040376569687,11.090652511395193,11.039262741893976,0.051389769501216875,0.9703471478350553,0.9706254599037556,45.88355735638492,0.7853101094563802,I_STOKES,K_CMB_to_uK,TMASK,COM_CMB_IQU-smica_2048_R3.00_full.fits
SMICA,2,64,2-64,mask_ge_0.90_abs_b_gt_10deg,0.9,10.0,abs_b_gt_10deg,0.22220239104172956,0.22136811234520767,0.0008342786965218896,11.724459500420442,11.68043897146224,0.04402052895820319,0.9750004534893961,0.9751902108425785,52.76477649702064,0.7853101094563802,I_STOKES,K_CMB_to_uK,TMASK,COM_CMB_IQU-smica_2048_R3.00_full.fits
SMICA,2,95,2-95,mask_ge_0.90_abs_b_gt_10deg,0.9,10.0,abs_b_gt_10deg,0.20264569959002843,0.20210038124059962,0.0005453183494288083,12.141059076180246,12.108387559789152,0.032671516391094,0.979252093456668,0.9793647830686949,59.91273982493962,0.7853101094563802,I_STOKES,K_CMB_to_uK,TMASK,COM_CMB_IQU-smica_2048_R3.00_full.fits
SMICA,2,30,2-30,mask_ge_0.90_abs_b_gt_20deg,0.9,20.0,abs_b_gt_20deg,0.2663375767333977,0.2650174903583702,0.0013200863750275071,10.862945458410923,10.809103914652082,0.05384154375884087,0.9638790821967477,0.9642428810339013,40.78637941984682,0.6452649434407552,I_STOKES,K_CMB_to_uK,TMASK,COM_CMB_IQU-smica_2048_R3.00_full.fits
SMICA,2,40,2-40,mask_ge_0.90_abs_b_gt_20deg,0.9,20.0,abs_b_gt_20deg,0.2558819978966796,0.2547076006330618,0.001174397263617788,11.426366710617925,11.373924202319778,0.05244250829814767,0.9667077920572072,0.9670178872976746,44.654828415212236,0.6452649434407552,I_STOKES,K_CMB_to_uK,TMASK,COM_CMB_IQU-smica_2048_R3.00_full.fits
SMICA,2,64,2-64,mask_ge_0.90_abs_b_gt_20deg,0.9,20.0,abs_b_gt_20deg,0.23681665734401552,0.2359819723505826,0.0008346849934329215,12.288796735679064,12.245483590659378,0.043313145019686417,0.9715542625822913,0.9717573382122769,51.89160624722249,0.6452649434407552,I_STOKES,K_CMB_to_uK,TMASK,COM_CMB_IQU-smica_2048_R3.00_full.fits
SMICA,2,95,2-95,mask_ge_0.90_abs_b_gt_20deg,0.9,20.0,abs_b_gt_20deg,0.21588239237327125,0.2153454042542386,0.0005369881190326609,12.758349455876472,12.726614204099075,0.031735251777396556,0.9764193548142964,0.976537925960509,59.09861066305333,0.6452649434407552,I_STOKES,K_CMB_to_uK,TMASK,COM_CMB_IQU-smica_2048_R3.00_full.fits
SMICA,2,30,2-30,mask_ge_0.90_abs_b_gt_30deg,0.9,30.0,abs_b_gt_30deg,0.2589793887266159,0.2576359490834456,0.0013434396431702966,10.095615819346683,10.043245433500092,0.052370385846591816,0.9658816498675814,0.9662408742275764,38.982313878282525,0.49339040120442706,I_STOKES,K_CMB_to_uK,TMASK,COM_CMB_IQU-smica_2048_R3.00_full.fits
SMICA,2,40,2-40,mask_ge_0.90_abs_b_gt_30deg,0.9,30.0,abs_b_gt_30deg,0.2522529339786144,0.25108692297932594,0.0011660109992884804,10.85028161980388,10.80012740548207,0.05015421432180922,0.9676609881919581,0.9679642008105558,43.013500174883,0.49339040120442706,I_STOKES,K_CMB_to_uK,TMASK,COM_CMB_IQU-smica_2048_R3.00_full.fits
SMICA,2,64,2-64,mask_ge_0.90_abs_b_gt_30deg,0.9,30.0,abs_b_gt_30deg,0.23625913195630435,0.23548368786634133,0.0007754440899630233,11.927099525168355,11.887952683475467,0.0391468416928884,0.9716899803507535,0.9718781968111401,50.48312599139765,0.49339040120442706,I_STOKES,K_CMB_to_uK,TMASK,COM_CMB_IQU-smica_2048_R3.00_full.fits
SMICA,2,95,2-95,mask_ge_0.90_abs_b_gt_30deg,0.9,30.0,abs_b_gt_30deg,0.21662888384932139,0.21619785126097357,0.00043103258834781277,12.547547737724013,12.522581528773914,0.024966208950099045,0.9762539975692255,0.9763495431616894,57.9218593327176,0.49339040120442706,I_STOKES,K_CMB_to_uK,TMASK,COM_CMB_IQU-smica_2048_R3.00_full.fits
SMICA,2,30,2-30,mask_ge_0.90_abs_b_gt_40deg,0.9,40.0,abs_b_gt_40deg,0.23074836570294316,0.22955716434134255,0.0011912013616006134,8.857979570620245,8.812251674375306,0.045727896244939004,0.9730111457027508,0.973292891476303,38.38804900583208,0.3554026285807292,I_STOKES,K_CMB_to_uK,TMASK,COM_CMB_IQU-smica_2048_R3.00_full.fits
SMICA,2,40,2-40,mask_ge_0.90_abs_b_gt_40deg,0.9,40.0,abs_b_gt_40deg,0.22667900589031748,0.2256718069212789,0.0010071989690385863,9.56995573137647,9.52743370994564,0.04252202143083039,0.9739687103036221,0.9742025815656514,42.21809467440076,0.3554026285807292,I_STOKES,K_CMB_to_uK,TMASK,COM_CMB_IQU-smica_2048_R3.00_full.fits
SMICA,2,64,2-64,mask_ge_0.90_abs_b_gt_40deg,0.9,40.0,abs_b_gt_40deg,0.2175858185900833,0.21702119987447466,0.0005646187156086446,10.878813001008186,10.850583305415995,0.02822969559219146,0.9760409163002235,0.976166615058174,49.99780349427607,0.3554026285807292,I_STOKES,K_CMB_to_uK,TMASK,COM_CMB_IQU-smica_2048_R3.00_full.fits
SMICA,2,95,2-95,mask_ge_0.90_abs_b_gt_40deg,0.9,40.0,abs_b_gt_40deg,0.20012554550858488,0.1998984623560991,0.0002270831524857908,11.506121492169687,11.493065456096499,0.013056036073187727,0.9797702209045775,0.9798165770521684,57.494516569230804,0.3554026285807292,I_STOKES,K_CMB_to_uK,TMASK,COM_CMB_IQU-smica_2048_R3.00_full.fits
SMICA,2,30,2-30,mask_ge_0.95_no_galactic_cut,0.95,-1.0,no_galactic_cut,0.24113249307426324,0.23993374145254368,0.0011987516217195626,10.353836816907474,10.302364373202158,0.05147244370531645,0.9704914637831389,0.970788532318817,42.93837253081745,0.8376681009928385,I_STOKES,K_CMB_to_uK,TMASK,COM_CMB_IQU-smica_2048_R3.00_full.fits
SMICA,2,40,2-40,mask_ge_0.95_no_galactic_cut,0.95,-1.0,no_galactic_cut,0.23262363874906478,0.23155978530476606,0.0010638534442987124,10.913223161132997,10.86331391669505,0.049909244437946754,0.9725663902961699,0.9728202375097843,46.91364652285095,0.8376681009928385,I_STOKES,K_CMB_to_uK,TMASK,COM_CMB_IQU-smica_2048_R3.00_full.fits
SMICA,2,64,2-64,mask_ge_0.95_no_galactic_cut,0.95,-1.0,no_galactic_cut,0.21262098941027488,0.21180817718320688,0.0008128122270679994,11.403076471131602,11.359484537862762,0.043591933268839256,0.977134638801035,0.9773111506489053,53.63100088452767,0.8376681009928385,I_STOKES,K_CMB_to_uK,TMASK,COM_CMB_IQU-smica_2048_R3.00_full.fits
SMICA,2,95,2-95,mask_ge_0.95_no_galactic_cut,0.95,-1.0,no_galactic_cut,0.1936762944918737,0.19313292311926136,0.0005433713726123446,11.76709281993401,11.734079479845079,0.03301334008893164,0.981065461434348,0.9811725745116088,60.75649501042956,0.8376681009928385,I_STOKES,K_CMB_to_uK,TMASK,COM_CMB_IQU-smica_2048_R3.00_full.fits
SMICA,2,30,2-30,mask_ge_0.95_abs_b_gt_10deg,0.95,10.0,abs_b_gt_10deg,0.24921381055452396,0.24794660750521766,0.0012672030493063036,10.446738365563649,10.393618762429732,0.053119603133916726,0.9684473498963184,0.9687725714053381,41.91877786515395,0.7848409016927084,I_STOKES,K_CMB_to_uK,TMASK,COM_CMB_IQU-smica_2048_R3.00_full.fits
SMICA,2,40,2-40,mask_ge_0.95_abs_b_gt_10deg,0.95,10.0,abs_b_gt_10deg,0.24176290100596795,0.2406427643100895,0.0011201366958784598,11.089947756413755,11.038565772719625,0.05138198369412983,0.9703347259494385,0.9706131319654993,45.87117258383658,0.7848409016927084,I_STOKES,K_CMB_to_uK,TMASK,COM_CMB_IQU-smica_2048_R3.00_full.fits
SMICA,2,64,2-64,mask_ge_0.95_abs_b_gt_10deg,0.95,10.0,abs_b_gt_10deg,0.2222526234046889,0.22141831765175932,0.0008343057529295872,11.724230737968531,11.680219589737673,0.044011148230858055,0.9749890060791755,0.9751788147632541,52.751821590967026,0.7848409016927084,I_STOKES,K_CMB_to_uK,TMASK,COM_CMB_IQU-smica_2048_R3.00_full.fits
SMICA,2,95,2-95,mask_ge_0.95_abs_b_gt_10deg,0.95,10.0,abs_b_gt_10deg,0.2026879115274606,0.20214271052884636,0.0005452009986142425,12.14113305249454,12.108475170657163,0.032657881837376834,0.9792433581057441,0.9793560480005049,59.900627328974345,0.7848409016927084,I_STOKES,K_CMB_to_uK,TMASK,COM_CMB_IQU-smica_2048_R3.00_full.fits
SMICA,2,30,2-30,mask_ge_0.95_abs_b_gt_20deg,0.95,20.0,abs_b_gt_20deg,0.2664235056296188,0.2651035131838932,0.0013199924457256151,10.863791088580044,10.809966550332271,0.053824538247772225,0.9638553338246741,0.9642192334421595,40.77639869990621,0.6449979146321615,I_STOKES,K_CMB_to_uK,TMASK,COM_CMB_IQU-smica_2048_R3.00_full.fits
SMICA,2,40,2-40,mask_ge_0.95_abs_b_gt_20deg,0.95,20.0,abs_b_gt_20deg,0.2559620904332693,0.2547878472140696,0.0011742432191996777,11.427645503275697,11.37522041477558,0.052425088500116956,0.9666865853718123,0.9669967441227795,44.645851594398295,0.6449979146321615,I_STOKES,K_CMB_to_uK,TMASK,COM_CMB_IQU-smica_2048_R3.00_full.fits
SMICA,2,64,2-64,mask_ge_0.95_abs_b_gt_20deg,0.95,20.0,abs_b_gt_20deg,0.23689159726530123,0.23605707782244847,0.0008345194428527603,12.290470407297567,12.247173656230412,0.043296751067154915,0.9715359923097,0.9717390959160616,51.88225563582629,0.6449979146321615,I_STOKES,K_CMB_to_uK,TMASK,COM_CMB_IQU-smica_2048_R3.00_full.fits
SMICA,2,95,2-95,mask_ge_0.95_abs_b_gt_20deg,0.95,20.0,abs_b_gt_20deg,0.21594204924528398,0.21540520262245086,0.0005368466228331259,12.760023992578231,12.728301704994008,0.03172228758422335,0.9764061630939762,0.976524737434903,59.09003844862281,0.6449979146321615,I_STOKES,K_CMB_to_uK,TMASK,COM_CMB_IQU-smica_2048_R3.00_full.fits
SMICA,2,30,2-30,mask_ge_0.95_abs_b_gt_30deg,0.95,30.0,abs_b_gt_30deg,0.259037591117514,0.2576942305631819,0.0013433605543320959,10.095496799703112,10.043141880408967,0.05235491929414415,0.9658660359129133,0.9662253259721817,38.973095588752706,0.49322764078776044,I_STOKES,K_CMB_to_uK,TMASK,COM_CMB_IQU-smica_2048_R3.00_full.fits
SMICA,2,40,2-40,mask_ge_0.95_abs_b_gt_30deg,0.95,30.0,abs_b_gt_30deg,0.2523113539876431,0.2511455046918493,0.001165849295793775,10.850608910740368,10.800471750610269,0.050137160130098835,0.9676457527146033,0.9679489985639879,43.00483802751015,0.49322764078776044,I_STOKES,K_CMB_to_uK,TMASK,COM_CMB_IQU-smica_2048_R3.00_full.fits
SMICA,2,64,2-64,mask_ge_0.95_abs_b_gt_30deg,0.95,30.0,abs_b_gt_30deg,0.2363149976814168,0.2355396658365624,0.0007753318448543989,11.927563113945903,11.888429670853052,0.03913344309285094,0.9716763944608224,0.9718646309290004,50.473153337587995,0.49322764078776044,I_STOKES,K_CMB_to_uK,TMASK,COM_CMB_IQU-smica_2048_R3.00_full.fits
SMICA,2,95,2-95,mask_ge_0.95_abs_b_gt_30deg,0.95,30.0,abs_b_gt_30deg,0.21667953582329977,0.21624872910541726,0.00043080671788250924,12.548562205743943,12.523612895798912,0.024949309945030862,0.976242757645365,0.9763382766674445,57.913001142743745,0.49322764078776044,I_STOKES,K_CMB_to_uK,TMASK,COM_CMB_IQU-smica_2048_R3.00_full.fits
SMICA,2,30,2-30,mask_ge_0.95_abs_b_gt_40deg,0.95,40.0,abs_b_gt_40deg,0.23079076602146817,0.22959927295355317,0.0011914930679149949,8.85775914906332,8.812029595817728,0.04572955324559125,0.9730010722815439,0.9732829418582226,38.38004137582944,0.3553326924641927,I_STOKES,K_CMB_to_uK,TMASK,COM_CMB_IQU-smica_2048_R3.00_full.fits
SMICA,2,40,2-40,mask_ge_0.95_abs_b_gt_40deg,0.95,40.0,abs_b_gt_40deg,0.2267270147103548,0.22571968334397305,0.0010073313663817585,9.570493078791847,9.527972085506937,0.04252099328490999,0.973957523928161,0.9741914782904642,42.21152512865841,0.3553326924641927,I_STOKES,K_CMB_to_uK,TMASK,COM_CMB_IQU-smica_2048_R3.00_full.fits
SMICA,2,64,2-64,mask_ge_0.95_abs_b_gt_40deg,0.95,40.0,abs_b_gt_40deg,0.21763307904051554,0.21706836200610893,0.0005647170344066088,10.879908232785901,10.85167691087968,0.028231321906220685,0.9760303759032987,0.9761561252360951,49.99197861259156,0.3553326924641927,I_STOKES,K_CMB_to_uK,TMASK,COM_CMB_IQU-smica_2048_R3.00_full.fits
SMICA,2,95,2-95,mask_ge_0.95_abs_b_gt_40deg,0.95,40.0,abs_b_gt_40deg,0.20016658301737628,0.19993930344494848,0.0002272795724277965,11.507114717386575,11.494048939505868,0.01306577788070662,0.9797618376894353,0.9798082438262969,57.48769122160442,0.3553326924641927,I_STOKES,K_CMB_to_uK,TMASK,COM_CMB_IQU-smica_2048_R3.00_full.fits
SMICA,2,30,2-30,mask_ge_0.99_no_galactic_cut,0.99,-1.0,no_galactic_cut,0.2412490456394991,0.24004968039145141,0.0011993652480476735,10.352125924128064,10.30066051814521,0.051465405982852985,0.9704625171169862,0.9707598899774008,42.910536274607075,0.8364308675130209,I_STOKES,K_CMB_to_uK,TMASK,COM_CMB_IQU-smica_2048_R3.00_full.fits
SMICA,2,40,2-40,mask_ge_0.99_no_galactic_cut,0.99,-1.0,no_galactic_cut,0.23270468202305766,0.23164022412802066,0.0010644578950370076,10.910225877018455,10.860319377628475,0.04990649938998004,0.9725470182838915,0.9728011029669443,46.88442786010386,0.8364308675130209,I_STOKES,K_CMB_to_uK,TMASK,COM_CMB_IQU-smica_2048_R3.00_full.fits
SMICA,2,64,2-64,mask_ge_0.99_no_galactic_cut,0.99,-1.0,no_galactic_cut,0.21270171520662054,0.2118885411752379,0.0008131740313826463,11.401244205982989,11.357656425297952,0.0435877806850371,0.9771170749213062,0.977293735484209,53.602032286893916,0.8364308675130209,I_STOKES,K_CMB_to_uK,TMASK,COM_CMB_IQU-smica_2048_R3.00_full.fits
SMICA,2,95,2-95,mask_ge_0.99_no_galactic_cut,0.99,-1.0,no_galactic_cut,0.1937469473132608,0.19320344627394814,0.000543501039312666,11.76553098926323,11.732526194042427,0.03300479522080302,0.9810515134789684,0.9811586927256448,60.72627802615164,0.8364308675130209,I_STOKES,K_CMB_to_uK,TMASK,COM_CMB_IQU-smica_2048_R3.00_full.fits
SMICA,2,30,2-30,mask_ge_0.99_abs_b_gt_10deg,0.99,10.0,abs_b_gt_10deg,0.2491960875812111,0.24792858879203952,0.0012674987891715672,10.442291581522328,10.389178420460189,0.05311316106213937,0.9684519242378741,0.9687771965778821,41.90391463557495,0.7841669718424479,I_STOKES,K_CMB_to_uK,TMASK,COM_CMB_IQU-smica_2048_R3.00_full.fits
SMICA,2,40,2-40,mask_ge_0.99_abs_b_gt_10deg,0.99,10.0,abs_b_gt_10deg,0.24171973831446786,0.24059913276878614,0.0011206055456817188,11.083472163605803,11.032089515012219,0.051382648593584435,0.9703454803735098,0.9706239497041189,45.85257389773707,0.7841669718424479,I_STOKES,K_CMB_to_uK,TMASK,COM_CMB_IQU-smica_2048_R3.00_full.fits
SMICA,2,64,2-64,mask_ge_0.99_abs_b_gt_10deg,0.99,10.0,abs_b_gt_10deg,0.22221650836080692,0.22138211128439922,0.0008343970764077002,11.718716726886646,11.674714312087257,0.04400241479938849,0.974997238844932,0.9751870357542173,52.735581228102475,0.7841669718424479,I_STOKES,K_CMB_to_uK,TMASK,COM_CMB_IQU-smica_2048_R3.00_full.fits
SMICA,2,95,2-95,mask_ge_0.99_abs_b_gt_10deg,0.99,10.0,abs_b_gt_10deg,0.2026525232345547,0.2021073384606776,0.0005451847738771054,12.135562669918803,12.10291504291436,0.03264762700444379,0.9792506835846964,0.9793633495809276,59.88360014581621,0.7841669718424479,I_STOKES,K_CMB_to_uK,TMASK,COM_CMB_IQU-smica_2048_R3.00_full.fits
SMICA,2,30,2-30,mask_ge_0.99_abs_b_gt_20deg,0.99,20.0,abs_b_gt_20deg,0.2665072183810161,0.26518725060735615,0.0013199677736599469,10.86357940334581,10.809773826123086,0.0538055772227235,0.9638321959332015,0.9641962120449264,40.76279610488646,0.6446253458658854,I_STOKES,K_CMB_to_uK,TMASK,COM_CMB_IQU-smica_2048_R3.00_full.fits
SMICA,2,40,2-40,mask_ge_0.99_abs_b_gt_20deg,0.99,20.0,abs_b_gt_20deg,0.2560135970788987,0.25483915064570556,0.0011744464331931437,11.42541460569195,11.373001227713154,0.052413377978796305,0.9666729433315606,0.9669832225824792,44.628155441958214,0.6446253458658854,I_STOKES,K_CMB_to_uK,TMASK,COM_CMB_IQU-smica_2048_R3.00_full.fits
SMICA,2,64,2-64,mask_ge_0.99_abs_b_gt_20deg,0.99,20.0,abs_b_gt_20deg,0.23693510789529437,0.23610054320073515,0.0008345646945592256,12.288628758421138,12.245344097918839,0.04328466050229984,0.9715253835749335,0.9717285377491157,51.86495520896671,0.6446253458658854,I_STOKES,K_CMB_to_uK,TMASK,COM_CMB_IQU-smica_2048_R3.00_full.fits
SMICA,2,95,2-95,mask_ge_0.99_abs_b_gt_20deg,0.99,20.0,abs_b_gt_20deg,0.2159811842012538,0.2154444920953863,0.0005366921058675145,12.758553458164666,12.726849701429519,0.03170375673514769,0.9763975086812507,0.9765160714898891,59.07252293920241,0.6446253458658854,I_STOKES,K_CMB_to_uK,TMASK,COM_CMB_IQU-smica_2048_R3.00_full.fits
SMICA,2,30,2-30,mask_ge_0.99_abs_b_gt_30deg,0.99,30.0,abs_b_gt_30deg,0.2589964425551307,0.25765293237577275,0.0013435101793579651,10.091633629310824,10.039284599441642,0.05234902986918222,0.9658771130550811,0.9662363812500293,38.964371594265,0.49300257364908856,I_STOKES,K_CMB_to_uK,TMASK,COM_CMB_IQU-smica_2048_R3.00_full.fits
SMICA,2,40,2-40,mask_ge_0.99_abs_b_gt_30deg,0.99,30.0,abs_b_gt_30deg,0.25225771810055936,0.25109159903173095,0.0011661190688284084,10.845408487103118,10.795273102777621,0.0501353843254968,0.9676597486864489,0.9679629954194727,42.99336634282774,0.49300257364908856,I_STOKES,K_CMB_to_uK,TMASK,COM_CMB_IQU-smica_2048_R3.00_full.fits
SMICA,2,64,2-64,mask_ge_0.99_abs_b_gt_30deg,0.99,30.0,abs_b_gt_30deg,0.23626743239328216,0.2354921342559988,0.0007752981372833589,11.923102412859027,11.883977430639975,0.03912498221905203,0.9716879682652985,0.9718761563324456,50.46443469623975,0.49300257364908856,I_STOKES,K_CMB_to_uK,TMASK,COM_CMB_IQU-smica_2048_R3.00_full.fits
SMICA,2,95,2-95,mask_ge_0.99_abs_b_gt_30deg,0.99,30.0,abs_b_gt_30deg,0.21663966041928695,0.21620891254603347,0.00043074787325347863,12.544212654318025,12.519270808895866,0.024941845422159048,0.9762516107180229,0.9763470982344479,57.90358344376929,0.49300257364908856,I_STOKES,K_CMB_to_uK,TMASK,COM_CMB_IQU-smica_2048_R3.00_full.fits
SMICA,2,30,2-30,mask_ge_0.99_abs_b_gt_40deg,0.99,40.0,abs_b_gt_40deg,0.2307689379591316,0.2295771425190603,0.0011917954400712805,8.855421795644478,8.80968838191344,0.04573341373103723,0.9730062557648519,0.9732881683856165,38.37354313782362,0.35522715250651044,I_STOKES,K_CMB_to_uK,TMASK,COM_CMB_IQU-smica_2048_R3.00_full.fits
SMICA,2,40,2-40,mask_ge_0.99_abs_b_gt_40deg,0.99,40.0,abs_b_gt_40deg,0.22666207194871768,0.22565414531115804,0.0010079266375596363,9.565676176512298,9.523139285617038,0.042536890895259916,0.9739726314321111,0.9742066529766176,42.20236801980939,0.35522715250651044,I_STOKES,K_CMB_to_uK,TMASK,COM_CMB_IQU-smica_2048_R3.00_full.fits
SMICA,2,64,2-64,mask_ge_0.99_abs_b_gt_40deg,0.99,40.0,abs_b_gt_40deg,0.21757813706137225,0.21701332140857416,0.0005648156527980897,10.876244929056838,10.848011056561347,0.02823387249549114,0.9760426290206085,0.9761683668952212,49.98776566410704,0.35522715250651044,I_STOKES,K_CMB_to_uK,TMASK,COM_CMB_IQU-smica_2048_R3.00_full.fits
SMICA,2,95,2-95,mask_ge_0.99_abs_b_gt_40deg,0.99,40.0,abs_b_gt_40deg,0.20011815224918644,0.1998907084831747,0.00022744376601174787,11.503325891919149,11.490251816763484,0.013074075155664389,0.9797717328675245,0.9798181607941381,57.482670925300404,0.35522715250651044,I_STOKES,K_CMB_to_uK,TMASK,COM_CMB_IQU-smica_2048_R3.00_full.fits
SMICA_noSZ,2,30,2-30,mask_ge_0.50_no_galactic_cut,0.5,-1.0,no_galactic_cut,0.23836346362860295,0.23719706676890462,0.0011663968596983265,10.31969300353791,10.269195090270749,0.050497913267161465,0.971175056668672,0.9714606020042641,43.29393794854882,0.842749277750651,I_STOKES,K_CMB_to_uK,TMASK,COM_CMB_IQU-smica_2048_R3.00_full.fits
SMICA_noSZ,2,40,2-40,mask_ge_0.50_no_galactic_cut,0.5,-1.0,no_galactic_cut,0.2301301862246963,0.22909578143505996,0.001034404789636345,10.885547641792282,10.836618542993003,0.0489290987992792,0.9731593020186236,0.9734033399602565,47.301693968837995,0.842749277750651,I_STOKES,K_CMB_to_uK,TMASK,COM_CMB_IQU-smica_2048_R3.00_full.fits
SMICA_noSZ,2,64,2-64,mask_ge_0.50_no_galactic_cut,0.5,-1.0,no_galactic_cut,0.21008642491183308,0.20929515974972435,0.0007912651621087285,11.351814487633227,11.309059248523633,0.042755239109594,0.9776827016429473,0.9778523962495554,54.034021914539416,0.842749277750651,I_STOKES,K_CMB_to_uK,TMASK,COM_CMB_IQU-smica_2048_R3.00_full.fits
SMICA_noSZ,2,95,2-95,mask_ge_0.50_no_galactic_cut,0.5,-1.0,no_galactic_cut,0.19126059004084983,0.19072887585968043,0.0005317141811694015,11.694767195828032,11.66225514741195,0.03251204841608235,0.9815392605309592,0.9816427199089641,61.145723713025454,0.842749277750651,I_STOKES,K_CMB_to_uK,TMASK,COM_CMB_IQU-smica_2048_R3.00_full.fits
SMICA_noSZ,2,30,2-30,mask_ge_0.50_abs_b_gt_10deg,0.5,10.0,abs_b_gt_10deg,0.24774680013389813,0.24649998997047287,0.0012468101634252604,10.431000330058252,10.378505293919824,0.052495036138427764,0.9688234131013684,0.9691414060782688,42.103471465305205,0.7878214518229166,I_STOKES,K_CMB_to_uK,TMASK,COM_CMB_IQU-smica_2048_R3.00_full.fits
SMICA_noSZ,2,40,2-40,mask_ge_0.50_abs_b_gt_10deg,0.5,10.0,abs_b_gt_10deg,0.24072709789747487,0.23962788907138957,0.0010992088260853017,11.097034302201445,11.046362989520452,0.05067131268099345,0.970592117657704,0.9708640904404147,46.097985640684485,0.7878214518229166,I_STOKES,K_CMB_to_uK,TMASK,COM_CMB_IQU-smica_2048_R3.00_full.fits
SMICA_noSZ,2,64,2-64,mask_ge_0.50_abs_b_gt_10deg,0.5,10.0,abs_b_gt_10deg,0.22122236373770157,0.22040555601953776,0.0008168077181638089,11.72768602687059,11.684384507525522,0.043301519345067874,0.9752232764750612,0.9754082046732565,53.013112366776106,0.7878214518229166,I_STOKES,K_CMB_to_uK,TMASK,COM_CMB_IQU-smica_2048_R3.00_full.fits
SMICA_noSZ,2,95,2-95,mask_ge_0.50_abs_b_gt_10deg,0.5,10.0,abs_b_gt_10deg,0.20163596664390168,0.20110151316600852,0.0005344534778931598,12.129647618162512,12.097496943543065,0.03215067461944621,0.97946049741894,0.979570370533198,60.15617064778935,0.7878214518229166,I_STOKES,K_CMB_to_uK,TMASK,COM_CMB_IQU-smica_2048_R3.00_full.fits
SMICA_noSZ,2,30,2-30,mask_ge_0.50_abs_b_gt_20deg,0.5,20.0,abs_b_gt_20deg,0.2622090727395299,0.26090009646948986,0.0013089762700400631,10.716742360296939,10.663243214385629,0.05349914591131011,0.9650103181538562,0.9653650431066325,40.87098225980383,0.646630605061849,I_STOKES,K_CMB_to_uK,TMASK,COM_CMB_IQU-smica_2048_R3.00_full.fits
SMICA_noSZ,2,40,2-40,mask_ge_0.50_abs_b_gt_20deg,0.5,20.0,abs_b_gt_20deg,0.2523017613040865,0.25114139820117864,0.0011603631029078465,11.298158485500728,11.246197032003069,0.05196145349765935,0.9676483880562295,0.9679501968663513,44.78033933296103,0.646630605061849,I_STOKES,K_CMB_to_uK,TMASK,COM_CMB_IQU-smica_2048_R3.00_full.fits
SMICA_noSZ,2,64,2-64,mask_ge_0.50_abs_b_gt_20deg,0.5,20.0,abs_b_gt_20deg,0.2337196134597111,0.23289991621036174,0.0008196972493493548,12.163286706685284,12.1206278450308,0.04265886165448407,0.9723039517893504,0.9725006234362167,52.04221642605963,0.646630605061849,I_STOKES,K_CMB_to_uK,TMASK,COM_CMB_IQU-smica_2048_R3.00_full.fits
SMICA_noSZ,2,95,2-95,mask_ge_0.50_abs_b_gt_20deg,0.5,20.0,abs_b_gt_20deg,0.21309583374214988,0.2125724938560501,0.0005233398860997884,12.62833999927755,12.59732618778817,0.031013811489380316,0.9770312820174818,0.9771452785789217,59.2613181473932,0.646630605061849,I_STOKES,K_CMB_to_uK,TMASK,COM_CMB_IQU-smica_2048_R3.00_full.fits
SMICA_noSZ,2,30,2-30,mask_ge_0.50_abs_b_gt_30deg,0.5,30.0,abs_b_gt_30deg,0.25960143361255744,0.2582666087702364,0.0013348248423210585,10.102169219218105,10.050225644610315,0.05194357460779031,0.9657146052112304,0.9660724540283182,38.9141503520936,0.49425379435221356,I_STOKES,K_CMB_to_uK,TMASK,COM_CMB_IQU-smica_2048_R3.00_full.fits
SMICA_noSZ,2,40,2-40,mask_ge_0.50_abs_b_gt_30deg,0.5,30.0,abs_b_gt_30deg,0.25312448995449216,0.2519699300634298,0.0011545598910623345,10.879377012410162,10.829753634045893,0.049623378364268333,0.9674333518844387,0.9677347046006598,42.98034146899853,0.49425379435221356,I_STOKES,K_CMB_to_uK,TMASK,COM_CMB_IQU-smica_2048_R3.00_full.fits
SMICA_noSZ,2,64,2-64,mask_ge_0.50_abs_b_gt_30deg,0.5,30.0,abs_b_gt_30deg,0.2371558740796646,0.23639274681837738,0.0007631272612872164,11.970555491218786,11.932036279904493,0.038519211314293145,0.9714714976446127,0.9716574756650543,50.47547541326207,0.49425379435221356,I_STOKES,K_CMB_to_uK,TMASK,COM_CMB_IQU-smica_2048_R3.00_full.fits
SMICA_noSZ,2,95,2-95,mask_ge_0.50_abs_b_gt_30deg,0.5,30.0,abs_b_gt_30deg,0.21750774985323915,0.21709081034038366,0.00041693951285548536,12.603889904960734,12.57972957172845,0.024160333232284614,0.9760585534183983,0.9761513721324023,57.94685436939633,0.49425379435221356,I_STOKES,K_CMB_to_uK,TMASK,COM_CMB_IQU-smica_2048_R3.00_full.fits
SMICA_noSZ,2,30,2-30,mask_ge_0.50_abs_b_gt_40deg,0.5,40.0,abs_b_gt_40deg,0.23416318136915024,0.23296508429972243,0.001198097069427806,8.955119766217326,8.90930085187927,0.045818914338056516,0.9721947191136703,0.972482538787068,38.24307354323089,0.35579681396484375,I_STOKES,K_CMB_to_uK,TMASK,COM_CMB_IQU-smica_2048_R3.00_full.fits
SMICA_noSZ,2,40,2-40,mask_ge_0.50_abs_b_gt_40deg,0.5,40.0,abs_b_gt_40deg,0.23014785227452456,0.22913791248262927,0.0010099397918952868,9.691889991721592,9.649359830068656,0.04253016165293566,0.9731547778045975,0.9733930798042308,42.111581298446914,0.35579681396484375,I_STOKES,K_CMB_to_uK,TMASK,COM_CMB_IQU-smica_2048_R3.00_full.fits
SMICA_noSZ,2,64,2-64,mask_ge_0.50_abs_b_gt_40deg,0.5,40.0,abs_b_gt_40deg,0.22079507822023314,0.22023013828078922,0.0005649399394439258,11.021878535884458,10.99367727595234,0.02820125993211775,0.97531989983157,0.9754476218475763,49.919040880479365,0.35579681396484375,I_STOKES,K_CMB_to_uK,TMASK,COM_CMB_IQU-smica_2048_R3.00_full.fits
SMICA_noSZ,2,95,2-95,mask_ge_0.50_abs_b_gt_40deg,0.5,40.0,abs_b_gt_40deg,0.20311429802562073,0.20289082519113724,0.00022347283448348465,11.670640733737388,11.657800322253024,0.012840411484363656,0.9791549824349819,0.9792013127891303,57.45848936870638,0.35579681396484375,I_STOKES,K_CMB_to_uK,TMASK,COM_CMB_IQU-smica_2048_R3.00_full.fits
SMICA_noSZ,2,30,2-30,mask_ge_0.70_no_galactic_cut,0.7,-1.0,no_galactic_cut,0.23844754843460958,0.23728064300669446,0.0011669054279151159,10.311775830212648,10.261312458847692,0.05046337136495538,0.9711544207728293,0.9714401973013087,43.24546801973302,0.8408215840657552,I_STOKES,K_CMB_to_uK,TMASK,COM_CMB_IQU-smica_2048_R3.00_full.fits
SMICA_noSZ,2,40,2-40,mask_ge_0.70_no_galactic_cut,0.7,-1.0,no_galactic_cut,0.23019897350216073,0.2291640877695398,0.0010348857326209215,10.87665772273467,10.82776046778773,0.048897254946940194,0.9731430391968293,0.9733872674868604,47.24894102376429,0.8408215840657552,I_STOKES,K_CMB_to_uK,TMASK,COM_CMB_IQU-smica_2048_R3.00_full.fits
SMICA_noSZ,2,64,2-64,mask_ge_0.70_no_galactic_cut,0.7,-1.0,no_galactic_cut,0.21020520158478334,0.20941441713588363,0.0007907844488997118,11.347301834014923,11.304613690431136,0.0426881435837867,0.9776571683162366,0.9778268605381278,53.98202208349324,0.8408215840657552,I_STOKES,K_CMB_to_uK,TMASK,COM_CMB_IQU-smica_2048_R3.00_full.fits
SMICA_noSZ,2,95,2-95,mask_ge_0.70_no_galactic_cut,0.7,-1.0,no_galactic_cut,0.1913793710627459,0.19084895564000315,0.0005304154227427638,11.692381285942972,11.659975393248196,0.03240589269477567,0.9815161088340516,0.9816193824781988,61.09530625487054,0.8408215840657552,I_STOKES,K_CMB_to_uK,TMASK,COM_CMB_IQU-smica_2048_R3.00_full.fits
SMICA_noSZ,2,30,2-30,mask_ge_0.70_abs_b_gt_10deg,0.7,10.0,abs_b_gt_10deg,0.24769073566884822,0.24644386078928687,0.0012468748795613493,10.42217227098035,10.369707067709607,0.052465203270744,0.9688377576536861,0.969155690162357,42.07736007096504,0.7867355346679688,I_STOKES,K_CMB_to_uK,TMASK,COM_CMB_IQU-smica_2048_R3.00_full.fits
SMICA_noSZ,2,40,2-40,mask_ge_0.70_abs_b_gt_10deg,0.7,10.0,abs_b_gt_10deg,0.2406144567569949,0.23951477651067402,0.0010996802463208721,11.083785135534804,11.033128912578416,0.05065622295638761,0.9706200391733943,0.9708919929907648,46.06450204581312,0.7867355346679688,I_STOKES,K_CMB_to_uK,TMASK,COM_CMB_IQU-smica_2048_R3.00_full.fits
SMICA_noSZ,2,64,2-64,mask_ge_0.70_abs_b_gt_10deg,0.7,10.0,abs_b_gt_10deg,0.22116430309303375,0.22034786775670934,0.000816435336324417,11.71779116367134,11.674534550212941,0.04325661345839826,0.9752364399514214,0.9754212329527486,52.98228963623573,0.7867355346679688,I_STOKES,K_CMB_to_uK,TMASK,COM_CMB_IQU-smica_2048_R3.00_full.fits
SMICA_noSZ,2,95,2-95,mask_ge_0.70_abs_b_gt_10deg,0.7,10.0,abs_b_gt_10deg,0.2016016026250198,0.2010681910154022,0.0005334116096176178,12.12197761437653,12.089904438832088,0.03207317554444167,0.9794675708153012,0.9795772105350702,60.12837922188288,0.7867355346679688,I_STOKES,K_CMB_to_uK,TMASK,COM_CMB_IQU-smica_2048_R3.00_full.fits
SMICA_noSZ,2,30,2-30,mask_ge_0.70_abs_b_gt_20deg,0.7,20.0,abs_b_gt_20deg,0.2622661481863408,0.2609574492998576,0.0013086988864832172,10.711868321498413,10.6584164740471,0.05345184745131348,0.9649948001707243,0.965349533309019,40.84350342419183,0.6460316975911459,I_STOKES,K_CMB_to_uK,TMASK,COM_CMB_IQU-smica_2048_R3.00_full.fits
SMICA_noSZ,2,40,2-40,mask_ge_0.70_abs_b_gt_20deg,0.7,20.0,abs_b_gt_20deg,0.2523299985164915,0.25116967211262337,0.0011603264038681504,11.291597110266629,11.2396732869166,0.05192382335002854,0.9676410147878992,0.967942850319225,44.7493249976326,0.6460316975911459,I_STOKES,K_CMB_to_uK,TMASK,COM_CMB_IQU-smica_2048_R3.00_full.fits
SMICA_noSZ,2,64,2-64,mask_ge_0.70_abs_b_gt_20deg,0.7,20.0,abs_b_gt_20deg,0.23379526353948732,0.2329763587102631,0.0008189048292242262,12.16048220096284,12.117888191788731,0.04259400917410794,0.9722857597961795,0.9724823090777145,52.013381352821845,0.6460316975911459,I_STOKES,K_CMB_to_uK,TMASK,COM_CMB_IQU-smica_2048_R3.00_full.fits
SMICA_noSZ,2,95,2-95,mask_ge_0.70_abs_b_gt_20deg,0.7,20.0,abs_b_gt_20deg,0.21316315065696176,0.21264100232187685,0.0005221483350849043,12.626717294724978,12.595787842834682,0.030929451890296278,0.9770165976500762,0.9771303726753603,59.23499092507243,0.6460316975911459,I_STOKES,K_CMB_to_uK,TMASK,COM_CMB_IQU-smica_2048_R3.00_full.fits
SMICA_noSZ,2,30,2-30,mask_ge_0.70_abs_b_gt_30deg,0.7,30.0,abs_b_gt_30deg,0.25939026488575184,0.25805598886692166,0.0013342760188301828,10.088115883451525,10.036223685013017,0.051892198438508785,0.9657713641895618,0.966128753458531,38.89165188174979,0.49385325113932294,I_STOKES,K_CMB_to_uK,TMASK,COM_CMB_IQU-smica_2048_R3.00_full.fits
SMICA_noSZ,2,40,2-40,mask_ge_0.70_abs_b_gt_30deg,0.7,30.0,abs_b_gt_30deg,0.2529214690701065,0.25176738828932604,0.001154080780780442,10.864138012720192,10.814564945924698,0.049573066795494114,0.9674864490950325,0.9677874184336862,42.954590026158655,0.49385325113932294,I_STOKES,K_CMB_to_uK,TMASK,COM_CMB_IQU-smica_2048_R3.00_full.fits
SMICA_noSZ,2,64,2-64,mask_ge_0.70_abs_b_gt_30deg,0.7,30.0,abs_b_gt_30deg,0.23703836046971755,0.23627654570748718,0.0007618147622303617,11.958852679886457,11.920418265756936,0.03843441412952053,0.9715001788478046,0.971685739930398,50.45112806293748,0.49385325113932294,I_STOKES,K_CMB_to_uK,TMASK,COM_CMB_IQU-smica_2048_R3.00_full.fits
SMICA_noSZ,2,95,2-95,mask_ge_0.70_abs_b_gt_30deg,0.7,30.0,abs_b_gt_30deg,0.21742193436784024,0.2170067079902004,0.0004152263776398546,12.593861555405107,12.569810148037433,0.02405140736767386,0.9760776758183651,0.9761700752132842,57.92360182988013,0.49385325113932294,I_STOKES,K_CMB_to_uK,TMASK,COM_CMB_IQU-smica_2048_R3.00_full.fits
SMICA_noSZ,2,30,2-30,mask_ge_0.70_abs_b_gt_40deg,0.7,40.0,abs_b_gt_40deg,0.23414578787794751,0.2329475113095901,0.0011982765683574148,8.950214522173866,8.90441044241274,0.045804079761126104,0.9721988717747923,0.9724867121665355,38.22496489597036,0.3556073506673177,I_STOKES,K_CMB_to_uK,TMASK,COM_CMB_IQU-smica_2048_R3.00_full.fits
SMICA_noSZ,2,40,2-40,mask_ge_0.70_abs_b_gt_40deg,0.7,40.0,abs_b_gt_40deg,0.23011047669195603,0.22910035160765224,0.0010101250843037868,9.6858984064261,9.643379834108131,0.042518572317968406,0.9731635918005097,0.9734018966911777,42.09238338762126,0.3556073506673177,I_STOKES,K_CMB_to_uK,TMASK,COM_CMB_IQU-smica_2048_R3.00_full.fits
SMICA_noSZ,2,64,2-64,mask_ge_0.70_abs_b_gt_40deg,0.7,40.0,abs_b_gt_40deg,0.22082933972060262,0.22026523734880396,0.0005641023717986582,11.020959875632986,10.992807141882986,0.028152733749999825,0.9753121450049784,0.9754396987347317,49.9071359339158,0.3556073506673177,I_STOKES,K_CMB_to_uK,TMASK,COM_CMB_IQU-smica_2048_R3.00_full.fits
SMICA_noSZ,2,95,2-95,mask_ge_0.70_abs_b_gt_40deg,0.7,40.0,abs_b_gt_40deg,0.20311525082363688,0.20289231141355735,0.00022293941007953122,11.66790782150649,11.655101119518132,0.012806701988358427,0.9791547859282131,0.9792010059799297,57.44476485243163,0.3556073506673177,I_STOKES,K_CMB_to_uK,TMASK,COM_CMB_IQU-smica_2048_R3.00_full.fits
SMICA_noSZ,2,30,2-30,mask_ge_0.80_no_galactic_cut,0.8,-1.0,no_galactic_cut,0.23835414765132296,0.23718644232145913,0.0011677053298638218,10.30197264102675,10.251502915705938,0.050469725320811065,0.9711773457135625,0.9714631986454273,43.22128539628779,0.8397038777669271,I_STOKES,K_CMB_to_uK,TMASK,COM_CMB_IQU-smica_2048_R3.00_full.fits
SMICA_noSZ,2,40,2-40,mask_ge_0.80_no_galactic_cut,0.8,-1.0,no_galactic_cut,0.2300945928222627,0.22905895949801366,0.0010356333242490245,10.865677115517752,10.816771762404771,0.048905353112980166,0.9731677189010487,0.9734120060047832,47.222653006500586,0.8397038777669271,I_STOKES,K_CMB_to_uK,TMASK,COM_CMB_IQU-smica_2048_R3.00_full.fits
SMICA_noSZ,2,64,2-64,mask_ge_0.80_no_galactic_cut,0.8,-1.0,no_galactic_cut,0.21013368549365596,0.20934239285356593,0.0007912926400900355,11.337048799559668,11.294357294604819,0.04269150495484908,0.9776725389278874,0.9778422794692786,53.951601205328586,0.8397038777669271,I_STOKES,K_CMB_to_uK,TMASK,COM_CMB_IQU-smica_2048_R3.00_full.fits
SMICA_noSZ,2,95,2-95,mask_ge_0.80_no_galactic_cut,0.8,-1.0,no_galactic_cut,0.1913102018435095,0.19077946792628517,0.0005307339172243297,11.682089115079314,11.649680592911315,0.03240852216799972,0.9815295940340484,0.9816328907790567,61.063597249430465,0.8397038777669271,I_STOKES,K_CMB_to_uK,TMASK,COM_CMB_IQU-smica_2048_R3.00_full.fits
SMICA_noSZ,2,30,2-30,mask_ge_0.80_abs_b_gt_10deg,0.8,10.0,abs_b_gt_10deg,0.24758680167748728,0.2463395621648151,0.0012472395126721936,10.414675220916438,10.362210411164199,0.052464809752239105,0.9688643232716028,0.969182206041525,42.06474315413167,0.7860755920410156,I_STOKES,K_CMB_to_uK,TMASK,COM_CMB_IQU-smica_2048_R3.00_full.fits
SMICA_noSZ,2,40,2-40,mask_ge_0.80_abs_b_gt_10deg,0.8,10.0,abs_b_gt_10deg,0.24048346692640402,0.23938322745722518,0.0011002394691788375,11.0738087621134,11.023144815730989,0.050663946382410785,0.9706524958519673,0.9709244301572139,46.04810843608786,0.7860755920410156,I_STOKES,K_CMB_to_uK,TMASK,COM_CMB_IQU-smica_2048_R3.00_full.fits
SMICA_noSZ,2,64,2-64,mask_ge_0.80_abs_b_gt_10deg,0.8,10.0,abs_b_gt_10deg,0.22104973394606137,0.2202329407296866,0.0008167932163747615,11.707727346817713,11.664466528967647,0.04326081785006508,0.9752624110686733,0.9754471840871389,52.96422274669885,0.7860755920410156,I_STOKES,K_CMB_to_uK,TMASK,COM_CMB_IQU-smica_2048_R3.00_full.fits
SMICA_noSZ,2,95,2-95,mask_ge_0.80_abs_b_gt_10deg,0.8,10.0,abs_b_gt_10deg,0.2015039250921312,0.20097042204621343,0.0005335030459177603,12.112419929880383,12.08035101150536,0.0320689183750229,0.9794876711726105,0.9795972742103982,60.11009425420556,0.7860755920410156,I_STOKES,K_CMB_to_uK,TMASK,COM_CMB_IQU-smica_2048_R3.00_full.fits
SMICA_noSZ,2,30,2-30,mask_ge_0.80_abs_b_gt_20deg,0.8,20.0,abs_b_gt_20deg,0.26233881100975415,0.2610300562016738,0.001308754808080348,10.711065069849658,10.657629751393076,0.05343531845658234,0.9649750360370176,0.965329890195247,40.82912866999082,0.6456820170084635,I_STOKES,K_CMB_to_uK,TMASK,COM_CMB_IQU-smica_2048_R3.00_full.fits
SMICA_noSZ,2,40,2-40,mask_ge_0.80_abs_b_gt_20deg,0.8,20.0,abs_b_gt_20deg,0.25237220595391663,0.25121160922693003,0.0011605967269865958,11.289054160905739,11.237138621076783,0.051915539828955914,0.9676299986280424,0.9679319584307746,44.731764808392285,0.6456820170084635,I_STOKES,K_CMB_to_uK,TMASK,COM_CMB_IQU-smica_2048_R3.00_full.fits
SMICA_noSZ,2,64,2-64,mask_ge_0.80_abs_b_gt_20deg,0.8,20.0,abs_b_gt_20deg,0.23383790076452038,0.23301894281429292,0.0008189579502274613,12.158483121647352,12.11590111769237,0.04258200395498157,0.972275501402546,0.9724721014242858,51.99534840971395,0.6456820170084635,I_STOKES,K_CMB_to_uK,TMASK,COM_CMB_IQU-smica_2048_R3.00_full.fits
SMICA_noSZ,2,95,2-95,mask_ge_0.80_abs_b_gt_20deg,0.8,20.0,abs_b_gt_20deg,0.2132176399312766,0.21269577185654037,0.0005218680747362259,12.626278981230785,12.595375103366171,0.03090387786461335,0.9770047076777046,0.9771184521992489,59.21779729529148,0.6456820170084635,I_STOKES,K_CMB_to_uK,TMASK,COM_CMB_IQU-smica_2048_R3.00_full.fits
SMICA_noSZ,2,30,2-30,mask_ge_0.80_abs_b_gt_30deg,0.8,30.0,abs_b_gt_30deg,0.25940285700077953,0.258068549538289,0.001334307462490525,10.085397997545293,10.033521075425382,0.05187692211991113,0.9657680005328613,0.9661254166459831,38.879286504986275,0.49364598592122394,I_STOKES,K_CMB_to_uK,TMASK,COM_CMB_IQU-smica_2048_R3.00_full.fits
SMICA_noSZ,2,40,2-40,mask_ge_0.80_abs_b_gt_30deg,0.8,30.0,abs_b_gt_30deg,0.2529234283433794,0.2517691340484802,0.0011542942948991608,10.860078090825263,10.810514765416833,0.04956332540843,0.9674859431849248,0.967786970506255,42.93820529777562,0.49364598592122394,I_STOKES,K_CMB_to_uK,TMASK,COM_CMB_IQU-smica_2048_R3.00_full.fits
SMICA_noSZ,2,64,2-64,mask_ge_0.80_abs_b_gt_30deg,0.8,30.0,abs_b_gt_30deg,0.2370634295950171,0.2363017439475792,0.0007616856474379208,11.956546680474574,11.918130253212903,0.03841642726167116,0.9714940648656718,0.9716796153515974,50.4360655749405,0.49364598592122394,I_STOKES,K_CMB_to_uK,TMASK,COM_CMB_IQU-smica_2048_R3.00_full.fits
SMICA_noSZ,2,95,2-95,mask_ge_0.80_abs_b_gt_30deg,0.8,30.0,abs_b_gt_30deg,0.21747431174767798,0.21705968039198512,0.0004146313556928627,12.593969097259793,12.569957735005618,0.024011362254174884,0.9760660102640717,0.9761583007215584,57.910145782513375,0.49364598592122394,I_STOKES,K_CMB_to_uK,TMASK,COM_CMB_IQU-smica_2048_R3.00_full.fits
SMICA_noSZ,2,30,2-30,mask_ge_0.80_abs_b_gt_40deg,0.8,40.0,abs_b_gt_40deg,0.23413414084139064,0.23293556241678562,0.0011985784246050235,8.947688073973788,8.901883110045757,0.04580496392803113,0.972201678233012,0.9724895757384088,38.216075800902594,0.35552088419596356,I_STOKES,K_CMB_to_uK,TMASK,COM_CMB_IQU-smica_2048_R3.00_full.fits
SMICA_noSZ,2,40,2-40,mask_ge_0.80_abs_b_gt_40deg,0.8,40.0,abs_b_gt_40deg,0.2300818017198618,0.22907122711408162,0.00101057460578019,9.682062162652485,9.639536217184295,0.04252594546819033,0.9731703660769905,0.9734087453922445,42.08095594818476,0.35552088419596356,I_STOKES,K_CMB_to_uK,TMASK,COM_CMB_IQU-smica_2048_R3.00_full.fits
SMICA_noSZ,2,64,2-64,mask_ge_0.80_abs_b_gt_40deg,0.8,40.0,abs_b_gt_40deg,0.22082246555188348,0.22025830312706937,0.0005641624248141075,11.01844462798887,10.990294446695176,0.028150181293694843,0.9753137059297555,0.9754412690174558,49.89729917402822,0.35552088419596356,I_STOKES,K_CMB_to_uK,TMASK,COM_CMB_IQU-smica_2048_R3.00_full.fits
SMICA_noSZ,2,95,2-95,mask_ge_0.80_abs_b_gt_40deg,0.8,40.0,abs_b_gt_40deg,0.20311863554909024,0.2028958029859576,0.00022283256313263,11.666076432589051,11.653278090840903,0.01279834174814809,0.9791540858058824,0.9792002845175202,57.43479125414647,0.35552088419596356,I_STOKES,K_CMB_to_uK,TMASK,COM_CMB_IQU-smica_2048_R3.00_full.fits
SMICA_noSZ,2,30,2-30,mask_ge_0.90_no_galactic_cut,0.9,-1.0,no_galactic_cut,0.23817256423691624,0.23700402968356132,0.0011685345533549163,10.286940633310278,10.236470313116822,0.05047032019345643,0.9712218748047071,0.9715076988689721,43.19112348758021,0.8384526570638021,I_STOKES,K_CMB_to_uK,TMASK,COM_CMB_IQU-smica_2048_R3.00_full.fits
SMICA_noSZ,2,40,2-40,mask_ge_0.90_no_galactic_cut,0.9,-1.0,no_galactic_cut,0.2298988369833577,0.22886242591793798,0.0010364110654197123,10.848979741177274,10.800071261257107,0.04890847992016667,0.9732139730583288,0.9734582232368115,47.1902332501257,0.8384526570638021,I_STOKES,K_CMB_to_uK,TMASK,COM_CMB_IQU-smica_2048_R3.00_full.fits
SMICA_noSZ,2,64,2-64,mask_ge_0.90_no_galactic_cut,0.9,-1.0,no_galactic_cut,0.20999866367833295,0.2092072301594372,0.00079143351889574,11.322894359890265,11.280221144878482,0.04267321501178323,0.9777015433416911,0.9778711997777809,53.91888768032445,0.8384526570638021,I_STOKES,K_CMB_to_uK,TMASK,COM_CMB_IQU-smica_2048_R3.00_full.fits
SMICA_noSZ,2,95,2-95,mask_ge_0.90_no_galactic_cut,0.9,-1.0,no_galactic_cut,0.19120060283482299,0.1906707991755219,0.0005298036593010813,11.670172648945655,11.637835406895073,0.032337242050582304,0.9815509488905013,0.9816540034499673,61.036275387831516,0.8384526570638021,I_STOKES,K_CMB_to_uK,TMASK,COM_CMB_IQU-smica_2048_R3.00_full.fits
SMICA_noSZ,2,30,2-30,mask_ge_0.90_abs_b_gt_10deg,0.9,10.0,abs_b_gt_10deg,0.24744660035310515,0.2461986142807652,0.001247986072339946,10.405068696110552,10.352591188656596,0.05247750745395585,0.9689001280443229,0.9692180084287887,42.04975409345923,0.7853101094563802,I_STOKES,K_CMB_to_uK,TMASK,COM_CMB_IQU-smica_2048_R3.00_full.fits
SMICA_noSZ,2,40,2-40,mask_ge_0.90_abs_b_gt_10deg,0.9,10.0,abs_b_gt_10deg,0.24029870226837047,0.2391975685642935,0.0011011337040769675,11.06091175047367,11.010226737981737,0.05068501249193247,0.9706982399100497,0.970970172469626,46.02984388205567,0.7853101094563802,I_STOKES,K_CMB_to_uK,TMASK,COM_CMB_IQU-smica_2048_R3.00_full.fits
SMICA_noSZ,2,64,2-64,mask_ge_0.90_abs_b_gt_10deg,0.9,10.0,abs_b_gt_10deg,0.22091099611501147,0.2200937933338332,0.0008172027811782778,11.696099869330729,11.65283318949022,0.04326667984050836,0.9752938402331283,0.9754785835860349,52.94485143347714,0.7853101094563802,I_STOKES,K_CMB_to_uK,TMASK,COM_CMB_IQU-smica_2048_R3.00_full.fits
SMICA_noSZ,2,95,2-95,mask_ge_0.90_abs_b_gt_10deg,0.9,10.0,abs_b_gt_10deg,0.20138746088453574,0.20085437039097712,0.0005330904935586245,12.102586577477158,12.070549956013311,0.032036621463847226,0.9795116228045203,0.9796210751525087,60.09602844347942,0.7853101094563802,I_STOKES,K_CMB_to_uK,TMASK,COM_CMB_IQU-smica_2048_R3.00_full.fits
SMICA_noSZ,2,30,2-30,mask_ge_0.90_abs_b_gt_20deg,0.9,20.0,abs_b_gt_20deg,0.2623753123473296,0.26106647322173365,0.0013088391255959286,10.709153551982753,10.655731760711879,0.05342179127087476,0.9649651009879401,0.9653200311982668,40.81616313735376,0.6452649434407552,I_STOKES,K_CMB_to_uK,TMASK,COM_CMB_IQU-smica_2048_R3.00_full.fits
SMICA_noSZ,2,40,2-40,mask_ge_0.90_abs_b_gt_20deg,0.9,20.0,abs_b_gt_20deg,0.2523810445951534,0.2512201990992214,0.0011608454959320391,11.285524391536665,11.233615777796828,0.051908613739836795,0.9676276858591079,0.967929721616797,44.716212382906456,0.6452649434407552,I_STOKES,K_CMB_to_uK,TMASK,COM_CMB_IQU-smica_2048_R3.00_full.fits
SMICA_noSZ,2,64,2-64,mask_ge_0.90_abs_b_gt_20deg,0.9,20.0,abs_b_gt_20deg,0.23385652996022935,0.23303749683324304,0.0008190331269863071,12.155489279655717,12.112917244585933,0.042572035069783354,0.9722710173279198,0.972467651983828,51.978404373497426,0.6452649434407552,I_STOKES,K_CMB_to_uK,TMASK,COM_CMB_IQU-smica_2048_R3.00_full.fits
SMICA_noSZ,2,95,2-95,mask_ge_0.90_abs_b_gt_20deg,0.9,20.0,abs_b_gt_20deg,0.21323607624001975,0.21271463925182318,0.0005214369881965664,12.624679129293188,12.593807361353146,0.03087176794004165,0.9770006845192393,0.9771143455072459,59.2051746210279,0.6452649434407552,I_STOKES,K_CMB_to_uK,TMASK,COM_CMB_IQU-smica_2048_R3.00_full.fits
SMICA_noSZ,2,30,2-30,mask_ge_0.90_abs_b_gt_30deg,0.9,30.0,abs_b_gt_30deg,0.2593150245629251,0.2579809469296214,0.0013340776333036763,10.080310610396252,10.028451228377218,0.05185938201903362,0.965791596484869,0.9661488211115162,38.872836725857255,0.49339040120442706,I_STOKES,K_CMB_to_uK,TMASK,COM_CMB_IQU-smica_2048_R3.00_full.fits
SMICA_noSZ,2,40,2-40,mask_ge_0.90_abs_b_gt_30deg,0.9,30.0,abs_b_gt_30deg,0.2528281100907864,0.25167394823126343,0.0011541618595229397,10.853720482013381,10.804173182032518,0.04954729998086371,0.9675108587805135,0.9678117302093172,42.92924737726351,0.49339040120442706,I_STOKES,K_CMB_to_uK,TMASK,COM_CMB_IQU-smica_2048_R3.00_full.fits
SMICA_noSZ,2,64,2-64,mask_ge_0.90_abs_b_gt_30deg,0.9,30.0,abs_b_gt_30deg,0.23699843401680182,0.2362371358842843,0.0007612981325175183,11.951148342681863,11.912758270812956,0.03839007186890697,0.9715099224380342,0.9716953247374405,50.42711945444583,0.49339040120442706,I_STOKES,K_CMB_to_uK,TMASK,COM_CMB_IQU-smica_2048_R3.00_full.fits
SMICA_noSZ,2,95,2-95,mask_ge_0.90_abs_b_gt_30deg,0.9,30.0,abs_b_gt_30deg,0.21740920054580162,0.21699472885815282,0.0004144716876487986,12.587886735671981,12.563889026990987,0.02399770868099438,0.9760805173452584,0.9761727432741512,57.899512550850346,0.49339040120442706,I_STOKES,K_CMB_to_uK,TMASK,COM_CMB_IQU-smica_2048_R3.00_full.fits
SMICA_noSZ,2,30,2-30,mask_ge_0.90_abs_b_gt_40deg,0.9,40.0,abs_b_gt_40deg,0.23413757411832617,0.232939059151328,0.0011985149669981598,8.946875863606644,8.901078153987479,0.045797709619165516,0.9722008573684182,0.9724887440855796,38.212046474373906,0.3554026285807292,I_STOKES,K_CMB_to_uK,TMASK,COM_CMB_IQU-smica_2048_R3.00_full.fits
SMICA_noSZ,2,40,2-40,mask_ge_0.90_abs_b_gt_40deg,0.9,40.0,abs_b_gt_40deg,0.23004829359815862,0.22903761511294518,0.0010106784852134398,9.679544660589858,9.637019209163519,0.042525451426339345,0.973178288853538,0.9734166558746744,42.07614196651158,0.3554026285807292,I_STOKES,K_CMB_to_uK,TMASK,COM_CMB_IQU-smica_2048_R3.00_full.fits
SMICA_noSZ,2,64,2-64,mask_ge_0.90_abs_b_gt_40deg,0.9,40.0,abs_b_gt_40deg,0.220825604783299,0.22026186078839985,0.0005637439948991407,11.018461626440814,10.990332680157488,0.028128946283326073,0.9753130004428374,0.9754404709257505,49.89666681657443,0.3554026285807292,I_STOKES,K_CMB_to_uK,TMASK,COM_CMB_IQU-smica_2048_R3.00_full.fits
SMICA_noSZ,2,95,2-95,mask_ge_0.90_abs_b_gt_40deg,0.9,40.0,abs_b_gt_40deg,0.20309885818548448,0.20287584164367387,0.0002230165418106167,11.66398969450586,11.651181830056874,0.01280786444898574,0.9791581906038997,0.9792044227337449,57.430109645685285,0.3554026285807292,I_STOKES,K_CMB_to_uK,TMASK,COM_CMB_IQU-smica_2048_R3.00_full.fits
SMICA_noSZ,2,30,2-30,mask_ge_0.95_no_galactic_cut,0.95,-1.0,no_galactic_cut,0.23823000595650895,0.23706126122511928,0.0011687447313896704,10.285431438846192,10.234971616390345,0.05045982245584746,0.971207797076949,0.9714937455590482,43.17437426721087,0.8376681009928385,I_STOKES,K_CMB_to_uK,TMASK,COM_CMB_IQU-smica_2048_R3.00_full.fits
SMICA_noSZ,2,40,2-40,mask_ge_0.95_no_galactic_cut,0.95,-1.0,no_galactic_cut,0.22996569247417561,0.22892923248219507,0.0010364599919805428,10.848554615377203,10.79965996196747,0.04889465340973409,0.9731981824964681,0.973442519278227,47.17466548448508,0.8376681009928385,I_STOKES,K_CMB_to_uK,TMASK,COM_CMB_IQU-smica_2048_R3.00_full.fits
SMICA_noSZ,2,64,2-64,mask_ge_0.95_no_galactic_cut,0.95,-1.0,no_galactic_cut,0.21007923969285908,0.20928795226885483,0.00079128742400425,11.323912004527354,11.281259198030083,0.0426528064972711,0.9776842317771117,0.9778539251725681,53.90305115861609,0.8376681009928385,I_STOKES,K_CMB_to_uK,TMASK,COM_CMB_IQU-smica_2048_R3.00_full.fits
SMICA_noSZ,2,95,2-95,mask_ge_0.95_no_galactic_cut,0.95,-1.0,no_galactic_cut,0.19127002211165797,0.19074033410904756,0.0005296880026104123,11.671375637942187,11.639053857554833,0.03232178038735434,0.981537423055693,0.9816404940329302,61.02041244669681,0.8376681009928385,I_STOKES,K_CMB_to_uK,TMASK,COM_CMB_IQU-smica_2048_R3.00_full.fits
SMICA_noSZ,2,30,2-30,mask_ge_0.95_abs_b_gt_10deg,0.95,10.0,abs_b_gt_10deg,0.24746723297901965,0.24621903244564555,0.0012482005333740998,10.403103460076595,10.35063122312103,0.05247223695556613,0.9688948790650073,0.9692128420139227,42.03830678851359,0.7848409016927084,I_STOKES,K_CMB_to_uK,TMASK,COM_CMB_IQU-smica_2048_R3.00_full.fits
SMICA_noSZ,2,40,2-40,mask_ge_0.95_abs_b_gt_10deg,0.95,10.0,abs_b_gt_10deg,0.2403267038737997,0.23922544881248442,0.0011012550613152816,11.059441278537454,11.008763324373426,0.050677954164028094,0.9706913153376587,0.9709633114214696,46.01836208907099,0.7848409016927084,I_STOKES,K_CMB_to_uK,TMASK,COM_CMB_IQU-smica_2048_R3.00_full.fits
SMICA_noSZ,2,64,2-64,mask_ge_0.95_abs_b_gt_10deg,0.95,10.0,abs_b_gt_10deg,0.2209433670393629,0.22012616452070224,0.0008172025186606591,11.695190318085114,11.65193335539724,0.04325696268787382,0.9752865087619718,0.9754712805529134,52.932977689262415,0.7848409016927084,I_STOKES,K_CMB_to_uK,TMASK,COM_CMB_IQU-smica_2048_R3.00_full.fits
SMICA_noSZ,2,95,2-95,mask_ge_0.95_abs_b_gt_10deg,0.95,10.0,abs_b_gt_10deg,0.2014137405829064,0.2008807724922095,0.0005329680906968892,12.101931156709982,12.069907804560968,0.03202335214901453,0.979506219971743,0.9796156621209048,60.08493324083099,0.7848409016927084,I_STOKES,K_CMB_to_uK,TMASK,COM_CMB_IQU-smica_2048_R3.00_full.fits
SMICA_noSZ,2,30,2-30,mask_ge_0.95_abs_b_gt_20deg,0.95,20.0,abs_b_gt_20deg,0.2624442544372256,0.2611355417658528,0.0013087126713727804,10.709471828179597,10.656067643297352,0.053404184882245076,0.9649463509252033,0.9653013473154236,40.80665378308448,0.6449979146321615,I_STOKES,K_CMB_to_uK,TMASK,COM_CMB_IQU-smica_2048_R3.00_full.fits
SMICA_noSZ,2,40,2-40,mask_ge_0.95_abs_b_gt_20deg,0.95,20.0,abs_b_gt_20deg,0.2524442851932676,0.25128361313611675,0.0011606720571508689,11.286163240878402,11.23427244724803,0.0518907936303723,0.9676111850606444,0.9679132568213235,44.707541041136594,0.6449979146321615,I_STOKES,K_CMB_to_uK,TMASK,COM_CMB_IQU-smica_2048_R3.00_full.fits
SMICA_noSZ,2,64,2-64,mask_ge_0.95_abs_b_gt_20deg,0.95,20.0,abs_b_gt_20deg,0.23391863762283752,0.2330998154663467,0.0008188221564908171,12.15665305965602,12.114099217109842,0.04255384254617667,0.97225607559247,0.9724527150161435,51.9695787526644,0.6449979146321615,I_STOKES,K_CMB_to_uK,TMASK,COM_CMB_IQU-smica_2048_R3.00_full.fits
SMICA_noSZ,2,95,2-95,mask_ge_0.95_abs_b_gt_20deg,0.95,20.0,abs_b_gt_20deg,0.21328397702134272,0.21276270161469912,0.0005212754066435954,12.625770865264014,12.594912926782678,0.030857938481336333,0.9769902285814259,0.9771038811644986,59.196996612645634,0.6449979146321615,I_STOKES,K_CMB_to_uK,TMASK,COM_CMB_IQU-smica_2048_R3.00_full.fits
SMICA_noSZ,2,30,2-30,mask_ge_0.95_abs_b_gt_30deg,0.95,30.0,abs_b_gt_30deg,0.2593640892528896,0.2580301245318238,0.001333964721065839,10.079886643661084,10.028043640978177,0.0518430026829062,0.9657784134959996,0.9661356806679542,38.863848394342746,0.49322764078776044,I_STOKES,K_CMB_to_uK,TMASK,COM_CMB_IQU-smica_2048_R3.00_full.fits
SMICA_noSZ,2,40,2-40,mask_ge_0.95_abs_b_gt_30deg,0.95,30.0,abs_b_gt_30deg,0.2528766241197885,0.25172264387120186,0.0011539802485866502,10.853632723838842,10.804103124840436,0.049529598998406144,0.9674981745031203,0.9677990605425524,42.92066442130863,0.49322764078776044,I_STOKES,K_CMB_to_uK,TMASK,COM_CMB_IQU-smica_2048_R3.00_full.fits
SMICA_noSZ,2,64,2-64,mask_ge_0.95_abs_b_gt_30deg,0.95,30.0,abs_b_gt_30deg,0.23704732910500562,0.23628618721000963,0.0007611418949959869,11.951306188161047,11.91293140505727,0.03837478310377662,0.9714979918599238,0.9716833967602901,50.4173838755506,0.49322764078776044,I_STOKES,K_CMB_to_uK,TMASK,COM_CMB_IQU-smica_2048_R3.00_full.fits
SMICA_noSZ,2,95,2-95,mask_ge_0.95_abs_b_gt_30deg,0.95,30.0,abs_b_gt_30deg,0.2174530857188804,0.21703886880563195,0.0004142169132484441,12.58853589931459,12.564556545490783,0.02397935382380645,0.9760707423329448,0.9761629311690706,57.89081289740276,0.49322764078776044,I_STOKES,K_CMB_to_uK,TMASK,COM_CMB_IQU-smica_2048_R3.00_full.fits
SMICA_noSZ,2,30,2-30,mask_ge_0.95_abs_b_gt_40deg,0.95,40.0,abs_b_gt_40deg,0.2341746152393673,0.23297585013820965,0.0011987651011576561,8.946513606078817,8.900715438429275,0.04579816764954181,0.9721919180061679,0.9724799131288915,38.20445523924068,0.3553326924641927,I_STOKES,K_CMB_to_uK,TMASK,COM_CMB_IQU-smica_2048_R3.00_full.fits
SMICA_noSZ,2,40,2-40,mask_ge_0.95_abs_b_gt_40deg,0.95,40.0,abs_b_gt_40deg,0.2300901407206844,0.22907935561155307,0.0010107851091313291,9.679861958315234,9.637338361714068,0.04252359660116589,0.9731683833158377,0.9734068214128095,42.06986847848472,0.3553326924641927,I_STOKES,K_CMB_to_uK,TMASK,COM_CMB_IQU-smica_2048_R3.00_full.fits
SMICA_noSZ,2,64,2-64,mask_ge_0.95_abs_b_gt_40deg,0.95,40.0,abs_b_gt_40deg,0.2208670977923898,0.22030327491360432,0.0005638228787854804,11.01930217375501,10.991172430864768,0.028129742890241616,0.9753036010377506,0.9754311145651704,49.891098691906166,0.3553326924641927,I_STOKES,K_CMB_to_uK,TMASK,COM_CMB_IQU-smica_2048_R3.00_full.fits
SMICA_noSZ,2,95,2-95,mask_ge_0.95_abs_b_gt_40deg,0.95,40.0,abs_b_gt_40deg,0.20313339835407604,0.20291019296454627,0.00022320538952977365,11.66462325618855,11.651806029682659,0.012817226505891455,0.9791510255187854,0.9791973049870307,57.423463353162035,0.3553326924641927,I_STOKES,K_CMB_to_uK,TMASK,COM_CMB_IQU-smica_2048_R3.00_full.fits
SMICA_noSZ,2,30,2-30,mask_ge_0.99_no_galactic_cut,0.99,-1.0,no_galactic_cut,0.23831979097695985,0.23715032703806346,0.0011694639388963868,10.282556031191726,10.23209828939502,0.05045774179670559,0.9711857847221833,0.9714720231192252,43.146043343860676,0.8364308675130209,I_STOKES,K_CMB_to_uK,TMASK,COM_CMB_IQU-smica_2048_R3.00_full.fits
SMICA_noSZ,2,40,2-40,mask_ge_0.99_no_galactic_cut,0.99,-1.0,no_galactic_cut,0.2300205371232488,0.22898340815052914,0.001037128972719653,10.8443878638884,10.795492104467485,0.0488957594209154,0.9731852352500326,0.9734297909195503,47.14530276084782,0.8364308675130209,I_STOKES,K_CMB_to_uK,TMASK,COM_CMB_IQU-smica_2048_R3.00_full.fits
SMICA_noSZ,2,64,2-64,mask_ge_0.99_no_galactic_cut,0.99,-1.0,no_galactic_cut,0.21013742805973695,0.20934570043931355,0.0007917276204233992,11.320827825829737,11.278174728956298,0.042653096873438656,0.9776717310206209,0.9778415678825039,53.87344810659575,0.8364308675130209,I_STOKES,K_CMB_to_uK,TMASK,COM_CMB_IQU-smica_2048_R3.00_full.fits
SMICA_noSZ,2,95,2-95,mask_ge_0.99_no_galactic_cut,0.99,-1.0,no_galactic_cut,0.19132052897111962,0.190790622790303,0.0005299061808166083,11.668497788159458,11.636179201481683,0.032318586677774874,0.9815275817878774,0.9816307234449205,60.98926158583249,0.8364308675130209,I_STOKES,K_CMB_to_uK,TMASK,COM_CMB_IQU-smica_2048_R3.00_full.fits
SMICA_noSZ,2,30,2-30,mask_ge_0.99_abs_b_gt_10deg,0.99,10.0,abs_b_gt_10deg,0.24740481252406743,0.2461563044788468,0.001248508045220642,10.39696616102019,10.3444987261086,0.05246743491158945,0.968910832366224,0.9692287876748571,42.02410638236383,0.7841669718424479,I_STOKES,K_CMB_to_uK,TMASK,COM_CMB_IQU-smica_2048_R3.00_full.fits
SMICA_noSZ,2,40,2-40,mask_ge_0.99_abs_b_gt_10deg,0.99,10.0,abs_b_gt_10deg,0.24023842971318124,0.23913669202952834,0.0011017376836529036,11.051031886266998,11.000351658765984,0.05068022750101342,0.9707131655986395,0.9709851743175426,46.000266899266435,0.7841669718424479,I_STOKES,K_CMB_to_uK,TMASK,COM_CMB_IQU-smica_2048_R3.00_full.fits
SMICA_noSZ,2,64,2-64,mask_ge_0.99_abs_b_gt_10deg,0.99,10.0,abs_b_gt_10deg,0.2208671789436862,0.2200498486522324,0.0008173302914538105,11.687543127860726,11.64429277678204,0.04325035107868658,0.9753037655641088,0.9754884990832297,52.91661343146263,0.7841669718424479,I_STOKES,K_CMB_to_uK,TMASK,COM_CMB_IQU-smica_2048_R3.00_full.fits
SMICA_noSZ,2,95,2-95,mask_ge_0.99_abs_b_gt_10deg,0.99,10.0,abs_b_gt_10deg,0.2013431461875009,0.20081016732561408,0.0005329788618868292,12.094209337635144,12.062194550689323,0.03201478694582072,0.9795207346520234,0.9796301389746154,60.067648522649016,0.7841669718424479,I_STOKES,K_CMB_to_uK,TMASK,COM_CMB_IQU-smica_2048_R3.00_full.fits
SMICA_noSZ,2,30,2-30,mask_ge_0.99_abs_b_gt_20deg,0.99,20.0,abs_b_gt_20deg,0.26250358827454967,0.2611948978349371,0.0013086904396125698,10.708400385703943,10.655014520388999,0.053385865314943715,0.9649302154866982,0.9652852921968612,40.79334860178803,0.6446253458658854,I_STOKES,K_CMB_to_uK,TMASK,COM_CMB_IQU-smica_2048_R3.00_full.fits
SMICA_noSZ,2,40,2-40,mask_ge_0.99_abs_b_gt_20deg,0.99,20.0,abs_b_gt_20deg,0.25246903237466173,0.25130814069278806,0.0011608916818736659,11.282835331969723,11.230955109030553,0.05188022293916994,0.9676047246479322,0.9679068851580628,44.68997732453024,0.6446253458658854,I_STOKES,K_CMB_to_uK,TMASK,COM_CMB_IQU-smica_2048_R3.00_full.fits
SMICA_noSZ,2,64,2-64,mask_ge_0.99_abs_b_gt_20deg,0.99,20.0,abs_b_gt_20deg,0.23393684499648149,0.23311793544525022,0.0008189095512312616,12.153454570030354,12.110910694447169,0.04254387558318484,0.9722516958622501,0.9724483724458859,51.95186149583725,0.6446253458658854,I_STOKES,K_CMB_to_uK,TMASK,COM_CMB_IQU-smica_2048_R3.00_full.fits
SMICA_noSZ,2,95,2-95,mask_ge_0.99_abs_b_gt_20deg,0.99,20.0,abs_b_gt_20deg,0.21330044798282438,0.21277929665422943,0.0005211513285949543,12.622882632118381,12.592041477696819,0.030841154421562322,0.9769866341203431,0.9771002688817297,59.17888476790642,0.6446253458658854,I_STOKES,K_CMB_to_uK,TMASK,COM_CMB_IQU-smica_2048_R3.00_full.fits
SMICA_noSZ,2,30,2-30,mask_ge_0.99_abs_b_gt_30deg,0.99,30.0,abs_b_gt_30deg,0.2593090557767111,0.2579749164748903,0.0013341393018208025,10.075538137214076,10.023699718476296,0.0518384187377805,0.965793234339221,0.9661504662239327,38.85532692653063,0.49300257364908856,I_STOKES,K_CMB_to_uK,TMASK,COM_CMB_IQU-smica_2048_R3.00_full.fits
SMICA_noSZ,2,40,2-40,mask_ge_0.99_abs_b_gt_30deg,0.99,30.0,abs_b_gt_30deg,0.25280982797796686,0.25165556650467263,0.001154261473294227,10.847950057023594,10.798421243546718,0.049528813476875655,0.9675156429438294,0.9678165169228025,42.90952667381676,0.49300257364908856,I_STOKES,K_CMB_to_uK,TMASK,COM_CMB_IQU-smica_2048_R3.00_full.fits
SMICA_noSZ,2,64,2-64,mask_ge_0.99_abs_b_gt_30deg,0.99,30.0,abs_b_gt_30deg,0.23698914700978382,0.2362280163961604,0.0007611306136234286,11.94632568554406,11.907958045868105,0.0383676396759558,0.9715121937157024,0.9716975475432235,50.40874586991475,0.49300257364908856,I_STOKES,K_CMB_to_uK,TMASK,COM_CMB_IQU-smica_2048_R3.00_full.fits
SMICA_noSZ,2,95,2-95,mask_ge_0.99_abs_b_gt_30deg,0.99,30.0,abs_b_gt_30deg,0.21740379093329953,0.21698959440234758,0.00041419653095195463,12.58360008085573,12.55962587379153,0.023974207064199504,0.9760817267805708,0.9761738891176347,57.88123577254656,0.49300257364908856,I_STOKES,K_CMB_to_uK,TMASK,COM_CMB_IQU-smica_2048_R3.00_full.fits
SMICA_noSZ,2,30,2-30,mask_ge_0.99_abs_b_gt_40deg,0.99,40.0,abs_b_gt_40deg,0.23414149880034704,0.2329424939065917,0.001199004893755351,8.943863007430023,8.898062773084849,0.04580023434517422,0.9721999025395268,0.9724879118385269,38.1985382909694,0.35522715250651044,I_STOKES,K_CMB_to_uK,TMASK,COM_CMB_IQU-smica_2048_R3.00_full.fits
SMICA_noSZ,2,40,2-40,mask_ge_0.99_abs_b_gt_40deg,0.99,40.0,abs_b_gt_40deg,0.2300148307391152,0.22900351498443255,0.0010113157546826346,9.674748108960278,9.632210742331624,0.04253736662865393,0.9731861776004029,0.9734246580571297,42.06141003113604,0.35522715250651044,I_STOKES,K_CMB_to_uK,TMASK,COM_CMB_IQU-smica_2048_R3.00_full.fits
SMICA_noSZ,2,64,2-64,mask_ge_0.99_abs_b_gt_40deg,0.99,40.0,abs_b_gt_40deg,0.22080117349029335,0.2202372685292368,0.0005639049610565439,11.015139878061628,10.987008270218322,0.028131607843306483,0.9753185321767045,0.9754460241585461,49.887143731805686,0.35522715250651044,I_STOKES,K_CMB_to_uK,TMASK,COM_CMB_IQU-smica_2048_R3.00_full.fits
SMICA_noSZ,2,95,2-95,mask_ge_0.99_abs_b_gt_40deg,0.99,40.0,abs_b_gt_40deg,0.20307521582919696,0.20285185455341678,0.00022336127578018172,11.660297404205837,11.647472309358367,0.012825094847469742,0.9791630963754158,0.9792093942992935,57.41861386971569,0.35522715250651044,I_STOKES,K_CMB_to_uK,TMASK,COM_CMB_IQU-smica_2048_R3.00_full.fits
NILC,2,30,2-30,mask_ge_0.50_no_galactic_cut,0.5,-1.0,no_galactic_cut,0.2445994769019024,0.24336856738314788,0.0012309095187545138,10.508961845537028,10.456077099699705,0.052884745837323166,0.9696241669605413,0.9699338484529352,42.963958789460904,0.7862688700358073,I_STOKES,K_CMB_to_uK,TMASK,COM_CMB_IQU-nilc_2048_R3.00_full.fits
NILC,2,40,2-40,mask_ge_0.50_no_galactic_cut,0.5,-1.0,no_galactic_cut,0.23610953504693796,0.23501442863115876,0.0010951064157792012,11.063573175596511,11.012258899095015,0.05131427650149689,0.9717263870900934,0.9719918226594431,46.85779917103772,0.7862688700358073,I_STOKES,K_CMB_to_uK,TMASK,COM_CMB_IQU-nilc_2048_R3.00_full.fits
NILC,2,64,2-64,mask_ge_0.50_no_galactic_cut,0.5,-1.0,no_galactic_cut,0.21562156411494166,0.21478089495232208,0.0008406691626195728,11.554354933185351,11.50930661009132,0.04504832309403106,0.9764769669240517,0.976662220824149,53.58626805538827,0.7862688700358073,I_STOKES,K_CMB_to_uK,TMASK,COM_CMB_IQU-nilc_2048_R3.00_full.fits
NILC,2,95,2-95,mask_ge_0.50_no_galactic_cut,0.5,-1.0,no_galactic_cut,0.19641402526750243,0.19584696913688854,0.000567056130613891,11.923702312124982,11.889278046920413,0.03442426520456898,0.9805210464276414,0.9806344663208915,60.70698004323122,0.7862688700358073,I_STOKES,K_CMB_to_uK,TMASK,COM_CMB_IQU-nilc_2048_R3.00_full.fits
NILC,2,30,2-30,mask_ge_0.50_abs_b_gt_10deg,0.5,10.0,abs_b_gt_10deg,0.25134918295786457,0.2500610773592212,0.0012881055986433965,10.639786244233305,10.585259835719523,0.05452640851378199,0.9678964696279766,0.9682300580996552,42.33069755399573,0.769622802734375,I_STOKES,K_CMB_to_uK,TMASK,COM_CMB_IQU-nilc_2048_R3.00_full.fits
NILC,2,40,2-40,mask_ge_0.50_abs_b_gt_10deg,0.5,10.0,abs_b_gt_10deg,0.24327247359505288,0.24212855419503732,0.0011439194000155695,11.251366149689602,11.198459810451515,0.05290633923808663,0.9699579587048659,0.9702441455059083,46.2500585595164,0.769622802734375,I_STOKES,K_CMB_to_uK,TMASK,COM_CMB_IQU-nilc_2048_R3.00_full.fits
NILC,2,64,2-64,mask_ge_0.50_abs_b_gt_10deg,0.5,10.0,abs_b_gt_10deg,0.2228347896366473,0.22196709881478166,0.0008676908218656354,11.828347762467006,11.782289654538424,0.046058107928582004,0.9748562187836113,0.9750541512597913,53.08124365030353,0.769622802734375,I_STOKES,K_CMB_to_uK,TMASK,COM_CMB_IQU-nilc_2048_R3.00_full.fits
NILC,2,95,2-95,mask_ge_0.50_abs_b_gt_10deg,0.5,10.0,abs_b_gt_10deg,0.2029594258986537,0.20237898605750917,0.0005804398411445311,12.220264556165844,12.185316051624513,0.03494850454133136,0.979187147660896,0.9793072779853731,60.21038196209691,0.769622802734375,I_STOKES,K_CMB_to_uK,TMASK,COM_CMB_IQU-nilc_2048_R3.00_full.fits
NILC,2,30,2-30,mask_ge_0.50_abs_b_gt_20deg,0.5,20.0,abs_b_gt_20deg,0.26660330643686514,0.26526695908898923,0.0013363473478759103,10.98939705603658,10.934312774424088,0.05508428161249235,0.9638062373923334,0.9641748953341882,41.22003287546998,0.6443532307942709,I_STOKES,K_CMB_to_uK,TMASK,COM_CMB_IQU-nilc_2048_R3.00_full.fits
NILC,2,40,2-40,mask_ge_0.50_abs_b_gt_20deg,0.5,20.0,abs_b_gt_20deg,0.2560017141322056,0.25480851929413256,0.001193194838073064,11.533827709772114,11.480069852200048,0.05375785757206586,0.9666762947486675,0.9669914971464979,45.0537128193437,0.6443532307942709,I_STOKES,K_CMB_to_uK,TMASK,COM_CMB_IQU-nilc_2048_R3.00_full.fits
NILC,2,64,2-64,mask_ge_0.50_abs_b_gt_20deg,0.5,20.0,abs_b_gt_20deg,0.2358723285502976,0.23500314056187402,0.0008691879884235865,12.302307869147585,12.25697394509014,0.045333924057445074,0.9717840278593594,0.9719945866393248,52.1566389103766,0.6443532307942709,I_STOKES,K_CMB_to_uK,TMASK,COM_CMB_IQU-nilc_2048_R3.00_full.fits
NILC,2,95,2-95,mask_ge_0.50_abs_b_gt_20deg,0.5,20.0,abs_b_gt_20deg,0.2151007699201577,0.21453107377781402,0.000569696142343673,12.763867692466713,12.730062484849453,0.03380520761725947,0.9765918546335188,0.9767171597674146,59.33901444055489,0.6443532307942709,I_STOKES,K_CMB_to_uK,TMASK,COM_CMB_IQU-nilc_2048_R3.00_full.fits
NILC,2,30,2-30,mask_ge_0.50_abs_b_gt_30deg,0.5,30.0,abs_b_gt_30deg,0.25967636403267247,0.2583270104077946,0.0013493536248778693,10.240123290667437,10.186912643125716,0.053210647541721556,0.9656953676808315,0.9660572030445385,39.434175416053755,0.4964599609375,I_STOKES,K_CMB_to_uK,TMASK,COM_CMB_IQU-nilc_2048_R3.00_full.fits
NILC,2,40,2-40,mask_ge_0.50_abs_b_gt_30deg,0.5,30.0,abs_b_gt_30deg,0.2523284153084812,0.25115247649187966,0.0011759388166015516,10.970514811452448,10.919388368998009,0.051126442454439314,0.9676415464458983,0.9679474299105224,43.477128004155105,0.4964599609375,I_STOKES,K_CMB_to_uK,TMASK,COM_CMB_IQU-nilc_2048_R3.00_full.fits
NILC,2,64,2-64,mask_ge_0.50_abs_b_gt_30deg,0.5,30.0,abs_b_gt_30deg,0.23533716516745817,0.2345374676840659,0.0007996974833922865,11.966437981989442,11.925774917434563,0.040663064554879114,0.9719137631147152,0.9721070521663308,50.848058671372705,0.4964599609375,I_STOKES,K_CMB_to_uK,TMASK,COM_CMB_IQU-nilc_2048_R3.00_full.fits
NILC,2,95,2-95,mask_ge_0.50_abs_b_gt_30deg,0.5,30.0,abs_b_gt_30deg,0.21547720561173103,0.21501636981512937,0.0004608357966016663,12.552783123827638,12.525936795493212,0.02684632833442535,0.9765088608989547,0.9766104353030234,58.255735627305896,0.4964599609375,I_STOKES,K_CMB_to_uK,TMASK,COM_CMB_IQU-nilc_2048_R3.00_full.fits
NILC,2,30,2-30,mask_ge_0.50_abs_b_gt_40deg,0.5,40.0,abs_b_gt_40deg,0.22842844173591118,0.2272482735685609,0.0011801681673502817,8.862595157243126,8.816806845572273,0.04578831167085262,0.9735599163316144,0.9738360753614014,38.79812465511312,0.3578033447265625,I_STOKES,K_CMB_to_uK,TMASK,COM_CMB_IQU-nilc_2048_R3.00_full.fits
NILC,2,40,2-40,mask_ge_0.50_abs_b_gt_40deg,0.5,40.0,abs_b_gt_40deg,0.22339329441659125,0.2223867792707242,0.001006515145867054,9.5128249512609,9.469964209095691,0.04286074216520852,0.9747281792110871,0.9749583126750758,42.583305716961526,0.3578033447265625,I_STOKES,K_CMB_to_uK,TMASK,COM_CMB_IQU-nilc_2048_R3.00_full.fits
NILC,2,64,2-64,mask_ge_0.50_abs_b_gt_40deg,0.5,40.0,abs_b_gt_40deg,0.21391546027742564,0.21333927380659473,0.0005761864708309083,10.752655514521004,10.723692976586918,0.02896253793408654,0.9768520665020273,0.9769780649476367,50.26591112477776,0.3578033447265625,I_STOKES,K_CMB_to_uK,TMASK,COM_CMB_IQU-nilc_2048_R3.00_full.fits
NILC,2,95,2-95,mask_ge_0.50_abs_b_gt_40deg,0.5,40.0,abs_b_gt_40deg,0.1967796116550168,0.19654134579624816,0.0002382658587686548,11.363808066893053,11.350048473278816,0.013759593614237176,0.9804477299819739,0.9804955207765508,57.74890991662011,0.3578033447265625,I_STOKES,K_CMB_to_uK,TMASK,COM_CMB_IQU-nilc_2048_R3.00_full.fits
NILC,2,30,2-30,mask_ge_0.70_no_galactic_cut,0.7,-1.0,no_galactic_cut,0.2449733469329892,0.24374097336070852,0.0012323735722806761,10.517056994640926,10.464149430366554,0.052907564274372376,0.9695297725173463,0.9698403266559248,42.93143366946689,0.7850456237792969,I_STOKES,K_CMB_to_uK,TMASK,COM_CMB_IQU-nilc_2048_R3.00_full.fits
NILC,2,40,2-40,mask_ge_0.70_no_galactic_cut,0.7,-1.0,no_galactic_cut,0.23645851384848554,0.23536200821265194,0.0010965056358336056,11.07141376322156,11.020073393232613,0.05134036998894764,0.9716415169117593,0.9719077078028306,46.821802197047305,0.7850456237792969,I_STOKES,K_CMB_to_uK,TMASK,COM_CMB_IQU-nilc_2048_R3.00_full.fits
NILC,2,64,2-64,mask_ge_0.70_no_galactic_cut,0.7,-1.0,no_galactic_cut,0.21590791249925018,0.215066276609124,0.0008416358901261745,11.562536938034487,11.517464731299158,0.045072206735328635,0.9764136862610858,0.9765994115998075,53.553094947711294,0.7850456237792969,I_STOKES,K_CMB_to_uK,TMASK,COM_CMB_IQU-nilc_2048_R3.00_full.fits
NILC,2,95,2-95,mask_ge_0.70_no_galactic_cut,0.7,-1.0,no_galactic_cut,0.19668705044519,0.19612026001044844,0.0005667904347415598,11.93465874026913,11.900266794278897,0.0343919459902331,0.9804663141270334,0.9805798451057942,60.67841636373979,0.7850456237792969,I_STOKES,K_CMB_to_uK,TMASK,COM_CMB_IQU-nilc_2048_R3.00_full.fits
NILC,2,30,2-30,mask_ge_0.70_abs_b_gt_10deg,0.7,10.0,abs_b_gt_10deg,0.25147950094361526,0.25019066650290356,0.0012888344407117058,10.640803867354597,10.586269662977518,0.05453420437707912,0.9678626178100312,0.9681965796693016,42.312808111307625,0.7688026428222656,I_STOKES,K_CMB_to_uK,TMASK,COM_CMB_IQU-nilc_2048_R3.00_full.fits
NILC,2,40,2-40,mask_ge_0.70_abs_b_gt_10deg,0.7,10.0,abs_b_gt_10deg,0.24336173984091322,0.24221701806204543,0.001144721778867791,11.250561524748912,11.197641280135723,0.05292024461318867,0.9699355618255814,0.9702220608322647,46.229787525777304,0.7688026428222656,I_STOKES,K_CMB_to_uK,TMASK,COM_CMB_IQU-nilc_2048_R3.00_full.fits
NILC,2,64,2-64,mask_ge_0.70_abs_b_gt_10deg,0.7,10.0,abs_b_gt_10deg,0.22289604658027476,0.22202771206807348,0.0008683345122012798,11.827273004005667,11.781197582336373,0.04607542166929335,0.9748422124985974,0.9750403489222118,53.061833915237884,0.7688026428222656,I_STOKES,K_CMB_to_uK,TMASK,COM_CMB_IQU-nilc_2048_R3.00_full.fits
NILC,2,95,2-95,mask_ge_0.70_abs_b_gt_10deg,0.7,10.0,abs_b_gt_10deg,0.2030337954736401,0.202453664305674,0.000580131167966097,12.221865094515413,12.186943396600714,0.034921697914699124,0.9791717293761784,0.9792918418613618,60.1962105175844,0.7688026428222656,I_STOKES,K_CMB_to_uK,TMASK,COM_CMB_IQU-nilc_2048_R3.00_full.fits
NILC,2,30,2-30,mask_ge_0.70_abs_b_gt_20deg,0.7,20.0,abs_b_gt_20deg,0.2667046391755555,0.2653678958069529,0.0013367433686025665,10.98842616876551,10.933351364450585,0.055074804314925174,0.9637781853932856,0.9641471036727294,41.20073127611588,0.6440022786458334,I_STOKES,K_CMB_to_uK,TMASK,COM_CMB_IQU-nilc_2048_R3.00_full.fits
NILC,2,40,2-40,mask_ge_0.70_abs_b_gt_20deg,0.7,20.0,abs_b_gt_20deg,0.2560962747780213,0.2549027252871553,0.0011935494908660305,11.53257305644314,11.478824923199797,0.053748133243342266,0.9666512380054346,0.9669666588343921,45.032178099581195,0.6440022786458334,I_STOKES,K_CMB_to_uK,TMASK,COM_CMB_IQU-nilc_2048_R3.00_full.fits
NILC,2,64,2-64,mask_ge_0.70_abs_b_gt_20deg,0.7,20.0,abs_b_gt_20deg,0.23595710029526198,0.23508794425156126,0.0008691560437007195,12.302401027646768,12.257084712978429,0.045316314668339075,0.9717634401371592,0.9719740715160634,52.13829553021423,0.6440022786458334,I_STOKES,K_CMB_to_uK,TMASK,COM_CMB_IQU-nilc_2048_R3.00_full.fits
NILC,2,95,2-95,mask_ge_0.70_abs_b_gt_20deg,0.7,20.0,abs_b_gt_20deg,0.21517696211640303,0.21460783061234484,0.0005691315040581846,12.765208759017105,12.731445467681548,0.033763291335557,0.9765750673089101,0.976700294984587,59.32423542679994,0.6440022786458334,I_STOKES,K_CMB_to_uK,TMASK,COM_CMB_IQU-nilc_2048_R3.00_full.fits
NILC,2,30,2-30,mask_ge_0.70_abs_b_gt_30deg,0.7,30.0,abs_b_gt_30deg,0.25967821470800434,0.25832908150209205,0.0013491332059122896,10.237915259506096,10.18472515477803,0.05319010472806518,0.965694868578057,0.9660566477868552,39.425391425376745,0.4963213602701823,I_STOKES,K_CMB_to_uK,TMASK,COM_CMB_IQU-nilc_2048_R3.00_full.fits
NILC,2,40,2-40,mask_ge_0.70_abs_b_gt_30deg,0.7,30.0,abs_b_gt_30deg,0.2523141912768606,0.25113840524726877,0.001175786029591841,10.967482865225364,10.916374312561475,0.05110855266388903,0.9676452546900838,0.9679510800686294,43.46756244554991,0.4963213602701823,I_STOKES,K_CMB_to_uK,TMASK,COM_CMB_IQU-nilc_2048_R3.00_full.fits
NILC,2,64,2-64,mask_ge_0.70_abs_b_gt_30deg,0.7,30.0,abs_b_gt_30deg,0.23532571008559727,0.23452633912599113,0.0007993709596061382,11.96374263812091,11.923103353830056,0.040639284290854505,0.9719165353262109,0.9721097356373578,50.839080157324176,0.4963213602701823,I_STOKES,K_CMB_to_uK,TMASK,COM_CMB_IQU-nilc_2048_R3.00_full.fits
NILC,2,95,2-95,mask_ge_0.70_abs_b_gt_30deg,0.7,30.0,abs_b_gt_30deg,0.2154688668862445,0.21500846820084538,0.0004603986853991271,12.550059811247959,12.523243728153089,0.026816083094869825,0.9765107006041709,0.9766121746500815,58.24535113870389,0.4963213602701823,I_STOKES,K_CMB_to_uK,TMASK,COM_CMB_IQU-nilc_2048_R3.00_full.fits
NILC,2,30,2-30,mask_ge_0.70_abs_b_gt_40deg,0.7,40.0,abs_b_gt_40deg,0.2284069896892924,0.2272269334953232,0.0011800561939692145,8.861450568374677,8.815668214494055,0.045782353880621685,0.9735649563926666,0.9738410617974875,38.79675740409312,0.35778554280598956,I_STOKES,K_CMB_to_uK,TMASK,COM_CMB_IQU-nilc_2048_R3.00_full.fits
NILC,2,40,2-40,mask_ge_0.70_abs_b_gt_40deg,0.7,40.0,abs_b_gt_40deg,0.22337314113747772,0.22236674410591845,0.0010063970315592752,9.511701185772715,9.468846669828254,0.04285451594446066,0.9747328002794868,0.9749628848859396,42.58211679943482,0.35778554280598956,I_STOKES,K_CMB_to_uK,TMASK,COM_CMB_IQU-nilc_2048_R3.00_full.fits
NILC,2,64,2-64,mask_ge_0.70_abs_b_gt_40deg,0.7,40.0,abs_b_gt_40deg,0.21389376586228895,0.21331767915659947,0.0005760867056894825,10.75117598470206,10.722219509367934,0.028956475334126708,0.9768568180609252,0.9769827813103684,50.26409227664906,0.35778554280598956,I_STOKES,K_CMB_to_uK,TMASK,COM_CMB_IQU-nilc_2048_R3.00_full.fits
NILC,2,95,2-95,mask_ge_0.70_abs_b_gt_40deg,0.7,40.0,abs_b_gt_40deg,0.19675825825559,0.1965200441688051,0.0002382140867848992,11.362102441724153,11.348346409926007,0.01375603179814533,0.9804520160201763,0.9804997910389108,57.74650854534767,0.35778554280598956,I_STOKES,K_CMB_to_uK,TMASK,COM_CMB_IQU-nilc_2048_R3.00_full.fits
NILC,2,30,2-30,mask_ge_0.80_no_galactic_cut,0.8,-1.0,no_galactic_cut,0.24524673314210618,0.24401341159989334,0.0012333215422128396,10.523917850572365,10.47099410954105,0.05292374103131614,0.969460655422955,0.9697718176285496,42.9115516269665,0.7843360900878906,I_STOKES,K_CMB_to_uK,TMASK,COM_CMB_IQU-nilc_2048_R3.00_full.fits
NILC,2,40,2-40,mask_ge_0.80_no_galactic_cut,0.8,-1.0,no_galactic_cut,0.2367087410800792,0.23561131626547355,0.0010974248146056464,11.078045335469495,11.026685500623524,0.05135983484597162,0.9715805880313675,0.9718473007730107,46.80032213817471,0.7843360900878906,I_STOKES,K_CMB_to_uK,TMASK,COM_CMB_IQU-nilc_2048_R3.00_full.fits
NILC,2,64,2-64,mask_ge_0.80_no_galactic_cut,0.8,-1.0,no_galactic_cut,0.21613081653494298,0.2152888879202975,0.000841928614645493,11.571096605076418,11.526021879080247,0.04507472599617124,0.9763643703580211,0.9765503617176371,53.53746768085549,0.7843360900878906,I_STOKES,K_CMB_to_uK,TMASK,COM_CMB_IQU-nilc_2048_R3.00_full.fits
NILC,2,95,2-95,mask_ge_0.80_no_galactic_cut,0.8,-1.0,no_galactic_cut,0.196878849369072,0.19631196012614766,0.0005668892429243344,11.943226962929808,11.908837860632705,0.034389102297103236,0.9804278191505648,0.9805414852329151,60.66282386962176,0.7843360900878906,I_STOKES,K_CMB_to_uK,TMASK,COM_CMB_IQU-nilc_2048_R3.00_full.fits
NILC,2,30,2-30,mask_ge_0.80_abs_b_gt_10deg,0.8,10.0,abs_b_gt_10deg,0.25158352191356564,0.2502938840595411,0.001289637854024528,10.641763878149625,10.587213320042851,0.054550558106774005,0.9678355847099686,0.9681699020622531,42.29912912104682,0.7682940165201823,I_STOKES,K_CMB_to_uK,TMASK,COM_CMB_IQU-nilc_2048_R3.00_full.fits
NILC,2,40,2-40,mask_ge_0.80_abs_b_gt_10deg,0.8,10.0,abs_b_gt_10deg,0.24344084370962493,0.24229534547069548,0.0011454982389294543,11.250836166261262,11.197895941364948,0.05294022489631445,0.9699157116184207,0.9702025037236855,46.215893745756176,0.7682940165201823,I_STOKES,K_CMB_to_uK,TMASK,COM_CMB_IQU-nilc_2048_R3.00_full.fits
NILC,2,64,2-64,mask_ge_0.80_abs_b_gt_10deg,0.8,10.0,abs_b_gt_10deg,0.22297489136366397,0.22210638004405242,0.0008685113196115479,11.82941453330413,11.783337684185744,0.04607684911838561,0.9748241817389571,0.9750224323176996,53.052675397476854,0.7682940165201823,I_STOKES,K_CMB_to_uK,TMASK,COM_CMB_IQU-nilc_2048_R3.00_full.fits
NILC,2,95,2-95,mask_ge_0.80_abs_b_gt_10deg,0.8,10.0,abs_b_gt_10deg,0.2030968341219586,0.202516532653411,0.0005803014685476227,12.223791620376629,12.18886500884577,0.03492661153085841,0.9791586563382854,0.9792788429881593,60.18701213745313,0.7682940165201823,I_STOKES,K_CMB_to_uK,TMASK,COM_CMB_IQU-nilc_2048_R3.00_full.fits
NILC,2,30,2-30,mask_ge_0.80_abs_b_gt_20deg,0.8,20.0,abs_b_gt_20deg,0.2668780455392553,0.2655408200501147,0.0013372254891406143,10.99243514101159,10.937356183772586,0.05507895723900447,0.9637301776266752,0.9640994875430328,41.188982476247574,0.6437759399414062,I_STOKES,K_CMB_to_uK,TMASK,COM_CMB_IQU-nilc_2048_R3.00_full.fits
NILC,2,40,2-40,mask_ge_0.80_abs_b_gt_20deg,0.8,20.0,abs_b_gt_20deg,0.25625396080870483,0.25505993610730016,0.0011940247014046723,11.536395915522355,11.48264165687657,0.05375425864578531,0.9666094463924436,0.9669252008687726,45.01938576525787,0.6437759399414062,I_STOKES,K_CMB_to_uK,TMASK,COM_CMB_IQU-nilc_2048_R3.00_full.fits
NILC,2,64,2-64,mask_ge_0.80_abs_b_gt_20deg,0.8,20.0,abs_b_gt_20deg,0.23611580935904347,0.23524667438061175,0.0008691349784317182,12.308652875457181,12.263345105594272,0.04530776986290874,0.9717248880209932,0.9719356645944949,52.129727818184094,0.6437759399414062,I_STOKES,K_CMB_to_uK,TMASK,COM_CMB_IQU-nilc_2048_R3.00_full.fits
NILC,2,95,2-95,mask_ge_0.80_abs_b_gt_20deg,0.8,20.0,abs_b_gt_20deg,0.21531457009773314,0.21474546324294347,0.0005691068547896694,12.771586784520142,12.737829674714186,0.03375710980595592,0.976544736672404,0.9766700430058796,59.31594308143202,0.6437759399414062,I_STOKES,K_CMB_to_uK,TMASK,COM_CMB_IQU-nilc_2048_R3.00_full.fits
NILC,2,30,2-30,mask_ge_0.80_abs_b_gt_30deg,0.8,30.0,abs_b_gt_30deg,0.2596995549739863,0.25835037139429534,0.001349183579690938,10.23822688298897,10.185037544266143,0.05318933872282727,0.9656891365344347,0.96605096109465,39.423351665021215,0.49622217814127606,I_STOKES,K_CMB_to_uK,TMASK,COM_CMB_IQU-nilc_2048_R3.00_full.fits
NILC,2,40,2-40,mask_ge_0.80_abs_b_gt_30deg,0.8,30.0,abs_b_gt_30deg,0.25231551675428826,0.25113959625911314,0.00117592049517512,10.966880082379035,10.91576876261999,0.051111319759044704,0.9676449139428152,0.9679507758816774,43.464945095148,0.49622217814127606,I_STOKES,K_CMB_to_uK,TMASK,COM_CMB_IQU-nilc_2048_R3.00_full.fits
NILC,2,64,2-64,mask_ge_0.80_abs_b_gt_30deg,0.8,30.0,abs_b_gt_30deg,0.2353338863982781,0.2345345863869675,0.0007993000113105941,11.963903034001847,11.923268223704223,0.0406348102976235,0.9719145576070273,0.9721077479037507,50.837995399243894,0.49622217814127606,I_STOKES,K_CMB_to_uK,TMASK,COM_CMB_IQU-nilc_2048_R3.00_full.fits
NILC,2,95,2-95,mask_ge_0.80_abs_b_gt_30deg,0.8,30.0,abs_b_gt_30deg,0.21547150425361536,0.2150109753483558,0.0004605289052595496,12.549509960804084,12.522687796528523,0.026822164275561278,0.9765101201765394,0.9766116241888518,58.24208636903094,0.49622217814127606,I_STOKES,K_CMB_to_uK,TMASK,COM_CMB_IQU-nilc_2048_R3.00_full.fits
NILC,2,30,2-30,mask_ge_0.80_abs_b_gt_40deg,0.8,40.0,abs_b_gt_40deg,0.22840729420643563,0.2272273168058546,0.0011799774005810393,8.861306494014743,8.81552800240007,0.045778491614672845,0.9735648884310484,0.97384097580279,38.79607490120631,0.3577728271484375,I_STOKES,K_CMB_to_uK,TMASK,COM_CMB_IQU-nilc_2048_R3.00_full.fits
NILC,2,40,2-40,mask_ge_0.80_abs_b_gt_40deg,0.8,40.0,abs_b_gt_40deg,0.22337144917592844,0.22236512503157063,0.0010063241443578064,9.511511336502927,9.468660454966509,0.042850881536418584,0.9747331903673716,0.974963256490204,42.58158941795473,0.3577728271484375,I_STOKES,K_CMB_to_uK,TMASK,COM_CMB_IQU-nilc_2048_R3.00_full.fits
NILC,2,64,2-64,mask_ge_0.80_abs_b_gt_40deg,0.8,40.0,abs_b_gt_40deg,0.21388539794770672,0.2133093114890379,0.0005760864586688286,10.750497326128214,10.721541558259235,0.02895576786897891,0.9768586521792135,0.9769846101938073,50.26288577566489,0.3577728271484375,I_STOKES,K_CMB_to_uK,TMASK,COM_CMB_IQU-nilc_2048_R3.00_full.fits
NILC,2,95,2-95,mask_ge_0.80_abs_b_gt_40deg,0.8,40.0,abs_b_gt_40deg,0.1967512395371406,0.19651300654587225,0.00023823299126835007,11.361327577795258,11.347570901801728,0.013756675993530365,0.9804534254537469,0.9805012024851963,57.74463024742768,0.3577728271484375,I_STOKES,K_CMB_to_uK,TMASK,COM_CMB_IQU-nilc_2048_R3.00_full.fits
NILC,2,30,2-30,mask_ge_0.90_no_galactic_cut,0.9,-1.0,no_galactic_cut,0.24545751950566347,0.2442227336264821,0.0012347858791813549,10.527216377103178,10.474258707866918,0.05295766923626033,0.9694073074683796,0.969719123675113,42.88813965978452,0.7835426330566406,I_STOKES,K_CMB_to_uK,TMASK,COM_CMB_IQU-nilc_2048_R3.00_full.fits
NILC,2,40,2-40,mask_ge_0.90_no_galactic_cut,0.9,-1.0,no_galactic_cut,0.2369104448133015,0.23581174986518635,0.0010986949481151531,11.08216437629453,11.03076977432157,0.05139460197296053,0.9715314183647737,0.9717986806391739,46.7778631922619,0.7835426330566406,I_STOKES,K_CMB_to_uK,TMASK,COM_CMB_IQU-nilc_2048_R3.00_full.fits
NILC,2,64,2-64,mask_ge_0.90_no_galactic_cut,0.9,-1.0,no_galactic_cut,0.2163010057642826,0.21545806784817642,0.000842937916106179,11.575288913125284,11.53017932207054,0.04510959105474477,0.9763266770913451,0.9765130450890799,53.514725334840264,0.7835426330566406,I_STOKES,K_CMB_to_uK,TMASK,COM_CMB_IQU-nilc_2048_R3.00_full.fits
NILC,2,95,2-95,mask_ge_0.90_no_galactic_cut,0.9,-1.0,no_galactic_cut,0.19702366862977025,0.19645659008597244,0.000567078543797811,11.948501855073978,11.914111372551428,0.03439048252255006,0.9803987256688741,0.9805125167881934,60.64500746621749,0.7835426330566406,I_STOKES,K_CMB_to_uK,TMASK,COM_CMB_IQU-nilc_2048_R3.00_full.fits
NILC,2,30,2-30,mask_ge_0.90_abs_b_gt_10deg,0.9,10.0,abs_b_gt_10deg,0.25166133930993184,0.2503707200388003,0.0012906192711315545,10.641268884206653,10.586696232209691,0.054572651996961596,0.9678153529604957,0.9681500347612677,42.284082701719505,0.7677357991536459,I_STOKES,K_CMB_to_uK,TMASK,COM_CMB_IQU-nilc_2048_R3.00_full.fits
NILC,2,40,2-40,mask_ge_0.90_abs_b_gt_10deg,0.9,10.0,abs_b_gt_10deg,0.2435039282621826,0.2423575830707973,0.0011463451913852896,11.250400611607647,11.197437019872945,0.05296359173470222,0.9698998717239589,0.9701869546066333,46.20213189946674,0.7677357991536459,I_STOKES,K_CMB_to_uK,TMASK,COM_CMB_IQU-nilc_2048_R3.00_full.fits
NILC,2,64,2-64,mask_ge_0.90_abs_b_gt_10deg,0.9,10.0,abs_b_gt_10deg,0.22303102032980207,0.22216194908095327,0.0008690712488488017,11.829475895227915,11.783380704638327,0.04609519058958789,0.974811339693421,0.9750097704787619,53.03959905548271,0.7677357991536459,I_STOKES,K_CMB_to_uK,TMASK,COM_CMB_IQU-nilc_2048_R3.00_full.fits
NILC,2,95,2-95,mask_ge_0.90_abs_b_gt_10deg,0.9,10.0,abs_b_gt_10deg,0.2031439305612754,0.20256358132875046,0.0005803492325249238,12.22486691481633,12.18994245454754,0.03492446026879037,0.9791488857352124,0.9792691113769522,60.17835177767655,0.7677357991536459,I_STOKES,K_CMB_to_uK,TMASK,COM_CMB_IQU-nilc_2048_R3.00_full.fits
NILC,2,30,2-30,mask_ge_0.90_abs_b_gt_20deg,0.9,20.0,abs_b_gt_20deg,0.2670273537701874,0.26568953809586354,0.001337815674323839,10.994741353357666,10.939657343760965,0.05508400959670112,0.9636888047623934,0.964058500418941,41.17458828888409,0.6435038248697916,I_STOKES,K_CMB_to_uK,TMASK,COM_CMB_IQU-nilc_2048_R3.00_full.fits
NILC,2,40,2-40,mask_ge_0.90_abs_b_gt_20deg,0.9,20.0,abs_b_gt_20deg,0.25639705970266174,0.2552025683030869,0.0011944913995748374,11.539282118561447,11.485523416086956,0.053758702474491216,0.9665714889866786,0.9668875558453461,45.00551656849461,0.6435038248697916,I_STOKES,K_CMB_to_uK,TMASK,COM_CMB_IQU-nilc_2048_R3.00_full.fits
NILC,2,64,2-64,mask_ge_0.90_abs_b_gt_20deg,0.9,20.0,abs_b_gt_20deg,0.23624455867031083,0.23537507438227767,0.0008694842880331566,12.31201786334384,12.266704201321678,0.045313662022161694,0.9716935882018516,0.9719045713417394,52.11556165628253,0.6435038248697916,I_STOKES,K_CMB_to_uK,TMASK,COM_CMB_IQU-nilc_2048_R3.00_full.fits
NILC,2,95,2-95,mask_ge_0.90_abs_b_gt_20deg,0.9,20.0,abs_b_gt_20deg,0.21543116781867297,0.21486209433364803,0.0005690734850249402,12.776038765370421,12.742290144042133,0.0337486213282876,0.976519018916048,0.976644389163242,59.30450498288126,0.6435038248697916,I_STOKES,K_CMB_to_uK,TMASK,COM_CMB_IQU-nilc_2048_R3.00_full.fits
NILC,2,30,2-30,mask_ge_0.90_abs_b_gt_30deg,0.9,30.0,abs_b_gt_30deg,0.25971559818092654,0.25836632849771207,0.0013492696832144713,10.237886792756367,10.184699112207333,0.053187680549033445,0.965684822917584,0.9660466945174904,39.4196069256661,0.4961077372233073,I_STOKES,K_CMB_to_uK,TMASK,COM_CMB_IQU-nilc_2048_R3.00_full.fits
NILC,2,40,2-40,mask_ge_0.90_abs_b_gt_30deg,0.9,30.0,abs_b_gt_30deg,0.25233699002536614,0.25116110388425356,0.001175886141112581,10.967211665372556,10.916104642963104,0.051107022409452085,0.9676393125571038,0.9679451934567063,43.46256038113983,0.4961077372233073,I_STOKES,K_CMB_to_uK,TMASK,COM_CMB_IQU-nilc_2048_R3.00_full.fits
NILC,2,64,2-64,mask_ge_0.90_abs_b_gt_30deg,0.9,30.0,abs_b_gt_30deg,0.23534943446071346,0.23455016434487794,0.0007992701158355264,11.964034266717062,11.923403214952987,0.04063105176407511,0.9719107917865119,0.9721039884091693,50.835194459386734,0.4961077372233073,I_STOKES,K_CMB_to_uK,TMASK,COM_CMB_IQU-nilc_2048_R3.00_full.fits
NILC,2,95,2-95,mask_ge_0.90_abs_b_gt_30deg,0.9,30.0,abs_b_gt_30deg,0.21548195163281852,0.2150213195926672,0.0004606320401513153,12.549388742141202,12.522562130932506,0.026826611208695894,0.9765078146845891,0.9766093465711588,58.23870002590924,0.4961077372233073,I_STOKES,K_CMB_to_uK,TMASK,COM_CMB_IQU-nilc_2048_R3.00_full.fits
NILC,2,30,2-30,mask_ge_0.90_abs_b_gt_40deg,0.9,40.0,abs_b_gt_40deg,0.22839433496614991,0.22721439928163606,0.0011799356845138553,8.860607979727634,8.814832117803045,0.04577586192458938,0.9735679335371021,0.9738439945604658,38.795217845665285,0.3577562967936198,I_STOKES,K_CMB_to_uK,TMASK,COM_CMB_IQU-nilc_2048_R3.00_full.fits
NILC,2,40,2-40,mask_ge_0.90_abs_b_gt_40deg,0.9,40.0,abs_b_gt_40deg,0.22336281582422995,0.22235658078732629,0.0010062350369036688,9.51108381056907,9.468236993233758,0.04284681733531315,0.9747351702620495,0.9749652066706603,42.58132122606115,0.3577562967936198,I_STOKES,K_CMB_to_uK,TMASK,COM_CMB_IQU-nilc_2048_R3.00_full.fits
NILC,2,64,2-64,mask_ge_0.90_abs_b_gt_40deg,0.9,40.0,abs_b_gt_40deg,0.213868312034105,0.21329220489170958,0.0005761071423954212,10.749331770380321,10.720375789244104,0.028955981136217446,0.9768623945566598,0.9769883465213665,50.261451395689484,0.3577562967936198,I_STOKES,K_CMB_to_uK,TMASK,COM_CMB_IQU-nilc_2048_R3.00_full.fits
NILC,2,95,2-95,mask_ge_0.90_abs_b_gt_40deg,0.9,40.0,abs_b_gt_40deg,0.19673190309032043,0.19649348410500006,0.0002384189853203711,11.359600675464671,11.345833998966627,0.01376667649804375,0.9804573061964317,0.9805051156124106,57.7415279221359,0.3577562967936198,I_STOKES,K_CMB_to_uK,TMASK,COM_CMB_IQU-nilc_2048_R3.00_full.fits
NILC,2,30,2-30,mask_ge_0.95_no_galactic_cut,0.95,-1.0,no_galactic_cut,0.2455672889672833,0.24433170338011032,0.0012355855871729882,10.527203825312425,10.474235608843165,0.0529682164692602,0.9693795062458186,0.969691672678024,42.868917393614886,0.7829602559407552,I_STOKES,K_CMB_to_uK,TMASK,COM_CMB_IQU-nilc_2048_R3.00_full.fits
NILC,2,40,2-40,mask_ge_0.95_no_galactic_cut,0.95,-1.0,no_galactic_cut,0.23700850037865326,0.2359090748044346,0.0010994255742186598,11.081832567758388,11.030426605040859,0.05140596271752962,0.9715075010314755,0.9717750581231188,46.75711018825762,0.7829602559407552,I_STOKES,K_CMB_to_uK,TMASK,COM_CMB_IQU-nilc_2048_R3.00_full.fits
NILC,2,64,2-64,mask_ge_0.95_no_galactic_cut,0.95,-1.0,no_galactic_cut,0.21637573633492801,0.2155322031471979,0.0008435331877301167,11.574818234701105,11.529694213457795,0.04512402124331061,0.9763101164844015,0.9764966835514487,53.494067453036614,0.7829602559407552,I_STOKES,K_CMB_to_uK,TMASK,COM_CMB_IQU-nilc_2048_R3.00_full.fits
NILC,2,95,2-95,mask_ge_0.95_no_galactic_cut,0.95,-1.0,no_galactic_cut,0.19710297952721337,0.19653616127542498,0.0005668182517883924,11.949895281045865,11.915530408589325,0.03436487245654085,0.9803827837499987,0.9804965704154539,60.6276744761029,0.7829602559407552,I_STOKES,K_CMB_to_uK,TMASK,COM_CMB_IQU-nilc_2048_R3.00_full.fits
NILC,2,30,2-30,mask_ge_0.95_abs_b_gt_10deg,0.95,10.0,abs_b_gt_10deg,0.2517637920958045,0.25047262317833274,0.0012911689174717744,10.641792012688981,10.587215653798761,0.05457635889021972,0.96778870605703,0.9681236758583277,42.26895346666618,0.7673136393229166,I_STOKES,K_CMB_to_uK,TMASK,COM_CMB_IQU-nilc_2048_R3.00_full.fits
NILC,2,40,2-40,mask_ge_0.95_abs_b_gt_10deg,0.95,10.0,abs_b_gt_10deg,0.2435881275053833,0.24244125739088143,0.0011468701145018745,11.250512446814009,11.1975423918683,0.05297005494570861,0.9698787267600951,0.9701660465843432,46.18662067824045,0.7673136393229166,I_STOKES,K_CMB_to_uK,TMASK,COM_CMB_IQU-nilc_2048_R3.00_full.fits
NILC,2,64,2-64,mask_ge_0.95_abs_b_gt_10deg,0.95,10.0,abs_b_gt_10deg,0.22310365466117912,0.22223419529533606,0.0008694593658430672,11.82989796966622,11.783795562234506,0.046102407431714454,0.9747947177152178,0.9749933050985242,53.02422314700283,0.7673136393229166,I_STOKES,K_CMB_to_uK,TMASK,COM_CMB_IQU-nilc_2048_R3.00_full.fits
NILC,2,95,2-95,mask_ge_0.95_abs_b_gt_10deg,0.95,10.0,abs_b_gt_10deg,0.20322091647379445,0.20264079786876135,0.0005801186050330975,12.227003365362837,12.192099910250409,0.03490345511242765,0.9791329101328087,0.9792531356376148,60.166067437942694,0.7673136393229166,I_STOKES,K_CMB_to_uK,TMASK,COM_CMB_IQU-nilc_2048_R3.00_full.fits
NILC,2,30,2-30,mask_ge_0.95_abs_b_gt_20deg,0.95,20.0,abs_b_gt_20deg,0.2671610641706795,0.26582297410151734,0.0013380900691621345,10.996788053604877,10.941710069345131,0.055077984259746415,0.9636517349318371,0.9640217061243607,41.1616419022026,0.6433054606119791,I_STOKES,K_CMB_to_uK,TMASK,COM_CMB_IQU-nilc_2048_R3.00_full.fits
NILC,2,40,2-40,mask_ge_0.95_abs_b_gt_20deg,0.95,20.0,abs_b_gt_20deg,0.2565293066477377,0.25533461888390163,0.0011946877638360776,11.54197737208675,11.488224998460918,0.05375237362583185,0.9665363907587066,0.9668526844075752,44.99282176728457,0.6433054606119791,I_STOKES,K_CMB_to_uK,TMASK,COM_CMB_IQU-nilc_2048_R3.00_full.fits
NILC,2,64,2-64,mask_ge_0.95_abs_b_gt_20deg,0.95,20.0,abs_b_gt_20deg,0.23635591579801424,0.23548619971192908,0.0008697160860851594,12.314537197706448,12.269223539880798,0.04531365782565011,0.9716665010830401,0.971877645940485,52.10166691249752,0.6433054606119791,I_STOKES,K_CMB_to_uK,TMASK,COM_CMB_IQU-nilc_2048_R3.00_full.fits
NILC,2,95,2-95,mask_ge_0.95_abs_b_gt_20deg,0.95,20.0,abs_b_gt_20deg,0.21554088982008582,0.2149719354431916,0.0005689543768942207,12.77980107294569,12.746066760340971,0.03373431260471804,0.9764948048033719,0.9766202158848534,59.29177096565353,0.6433054606119791,I_STOKES,K_CMB_to_uK,TMASK,COM_CMB_IQU-nilc_2048_R3.00_full.fits
NILC,2,30,2-30,mask_ge_0.95_abs_b_gt_30deg,0.95,30.0,abs_b_gt_30deg,0.25979841027760725,0.2584492085392736,0.0013492017383336385,10.239773512752667,10.186595665325555,0.0531778474271114,0.9656625404619691,0.9660245179656985,39.41430396672162,0.4960072835286458,I_STOKES,K_CMB_to_uK,TMASK,COM_CMB_IQU-nilc_2048_R3.00_full.fits
NILC,2,40,2-40,mask_ge_0.95_abs_b_gt_30deg,0.95,30.0,abs_b_gt_30deg,0.25239955068047687,0.2512236252586684,0.0011759254218084436,10.968400928354296,10.91729932594072,0.051101602413575975,0.9676229920500651,0.9679289643413919,43.45649942237676,0.4960072835286458,I_STOKES,K_CMB_to_uK,TMASK,COM_CMB_IQU-nilc_2048_R3.00_full.fits
NILC,2,64,2-64,mask_ge_0.95_abs_b_gt_30deg,0.95,30.0,abs_b_gt_30deg,0.2354024483457854,0.23460318092448432,0.0007992674213010698,11.965423138142032,11.924796657986011,0.040626480156021216,0.9718979496479557,0.9720911917833721,50.82964609002657,0.4960072835286458,I_STOKES,K_CMB_to_uK,TMASK,COM_CMB_IQU-nilc_2048_R3.00_full.fits
NILC,2,95,2-95,mask_ge_0.95_abs_b_gt_30deg,0.95,30.0,abs_b_gt_30deg,0.21552775737258079,0.21506704410391816,0.0004607132686626214,12.55058592397428,12.523757725438953,0.02682819853532692,0.9764977051028979,0.9765992775368026,58.2318773088619,0.4960072835286458,I_STOKES,K_CMB_to_uK,TMASK,COM_CMB_IQU-nilc_2048_R3.00_full.fits
NILC,2,30,2-30,mask_ge_0.95_abs_b_gt_40deg,0.95,40.0,abs_b_gt_40deg,0.22838374346853202,0.2272038948890428,0.0011798485794892177,8.860053311436728,8.81428157149177,0.04577173994495709,0.9735704203360899,0.9738464474771819,38.79458834011763,0.3577435811360677,I_STOKES,K_CMB_to_uK,TMASK,COM_CMB_IQU-nilc_2048_R3.00_full.fits
NILC,2,40,2-40,mask_ge_0.95_abs_b_gt_40deg,0.95,40.0,abs_b_gt_40deg,0.22334976742375295,0.22234358723956574,0.0010061801841872164,9.510350488140855,9.467506807056166,0.04284368108468861,0.9747381617195148,0.9749681714328988,42.58052559373044,0.3577435811360677,I_STOKES,K_CMB_to_uK,TMASK,COM_CMB_IQU-nilc_2048_R3.00_full.fits
NILC,2,64,2-64,mask_ge_0.95_abs_b_gt_40deg,0.95,40.0,abs_b_gt_40deg,0.213855947178005,0.21327991110025796,0.000576036077747033,10.748536316244039,10.719584375543613,0.028951940700425283,0.9768651021129262,0.9769910309207164,50.26063786431618,0.3577435811360677,I_STOKES,K_CMB_to_uK,TMASK,COM_CMB_IQU-nilc_2048_R3.00_full.fits
NILC,2,95,2-95,mask_ge_0.95_abs_b_gt_40deg,0.95,40.0,abs_b_gt_40deg,0.1967198507551709,0.1964814899169315,0.00023836083823938758,11.358715970045052,11.344952879794885,0.01376309025016731,0.9804597248739606,0.9805075195884143,57.740568257047045,0.3577435811360677,I_STOKES,K_CMB_to_uK,TMASK,COM_CMB_IQU-nilc_2048_R3.00_full.fits
NILC,2,30,2-30,mask_ge_0.99_no_galactic_cut,0.99,-1.0,no_galactic_cut,0.24583599594807107,0.24459892372750172,0.0012370722205693463,10.530298999818863,10.477309443441134,0.052989556377728064,0.969311389271251,0.9696242951406423,42.834650634495446,0.7820383707682291,I_STOKES,K_CMB_to_uK,TMASK,COM_CMB_IQU-nilc_2048_R3.00_full.fits
NILC,2,40,2-40,mask_ge_0.99_no_galactic_cut,0.99,-1.0,no_galactic_cut,0.2372815120242765,0.23618101545003473,0.0011004965742417716,11.086902686372484,11.035482336252427,0.051420350120057634,0.9714408468455349,0.9717089915904217,46.7246798614389,0.7820383707682291,I_STOKES,K_CMB_to_uK,TMASK,COM_CMB_IQU-nilc_2048_R3.00_full.fits
NILC,2,64,2-64,mask_ge_0.99_no_galactic_cut,0.99,-1.0,no_galactic_cut,0.2166253369253801,0.21578165937879037,0.0008436775465897328,11.58286807811124,11.537756985100085,0.04511109301115468,0.9762547625970948,0.9764415877867593,53.469590595956625,0.7820383707682291,I_STOKES,K_CMB_to_uK,TMASK,COM_CMB_IQU-nilc_2048_R3.00_full.fits
NILC,2,95,2-95,mask_ge_0.99_no_galactic_cut,0.99,-1.0,no_galactic_cut,0.19734989007545592,0.19678412814127805,0.0005657619341778719,11.961426561946423,11.927135588565967,0.034290973380455725,0.9803331108495631,0.9804468340123969,60.61025196098676,0.7820383707682291,I_STOKES,K_CMB_to_uK,TMASK,COM_CMB_IQU-nilc_2048_R3.00_full.fits
NILC,2,30,2-30,mask_ge_0.99_abs_b_gt_10deg,0.99,10.0,abs_b_gt_10deg,0.25179724570924567,0.25050526422942326,0.0012919814798224016,10.637921868305439,10.583338276658376,0.054583591647062946,0.9677800021883528,0.9681152298788462,42.24796755953883,0.7666524251302084,I_STOKES,K_CMB_to_uK,TMASK,COM_CMB_IQU-nilc_2048_R3.00_full.fits
NILC,2,40,2-40,mask_ge_0.99_abs_b_gt_10deg,0.99,10.0,abs_b_gt_10deg,0.24362017414471132,0.24247270380861166,0.0011474703360996596,11.247153780658007,11.194178794599626,0.05297498605838058,0.9698706757164303,0.9701581858408385,46.16675864445099,0.7666524251302084,I_STOKES,K_CMB_to_uK,TMASK,COM_CMB_IQU-nilc_2048_R3.00_full.fits
NILC,2,64,2-64,mask_ge_0.99_abs_b_gt_10deg,0.99,10.0,abs_b_gt_10deg,0.22314634533296354,0.22227688207103327,0.00086946326193027,11.828733426001985,11.782644169493082,0.046089256508903276,0.9747849458007347,0.9749835741344638,53.00886020943775,0.7666524251302084,I_STOKES,K_CMB_to_uK,TMASK,COM_CMB_IQU-nilc_2048_R3.00_full.fits
NILC,2,95,2-95,mask_ge_0.99_abs_b_gt_10deg,0.99,10.0,abs_b_gt_10deg,0.20327678317366094,0.20269772711369838,0.0005790560599625572,12.22862574515771,12.19379117264926,0.034834572508451345,0.9791213132941631,0.9792413533781622,60.15751309243565,0.7666524251302084,I_STOKES,K_CMB_to_uK,TMASK,COM_CMB_IQU-nilc_2048_R3.00_full.fits
NILC,2,30,2-30,mask_ge_0.99_abs_b_gt_20deg,0.99,20.0,abs_b_gt_20deg,0.26739096065483703,0.2660521226725309,0.001338837982306107,11.001016939690583,10.945934377113371,0.055082562577212,0.9635879563951433,0.9639584777427217,41.14206745339945,0.6430040995279948,I_STOKES,K_CMB_to_uK,TMASK,COM_CMB_IQU-nilc_2048_R3.00_full.fits
NILC,2,40,2-40,mask_ge_0.99_abs_b_gt_20deg,0.99,20.0,abs_b_gt_20deg,0.25675990466859216,0.25556470990097985,0.0011951947676123176,11.54778862576681,11.494034685638095,0.05375394012871482,0.966475150680869,0.966791883411962,44.975046398587395,0.6430040995279948,I_STOKES,K_CMB_to_uK,TMASK,COM_CMB_IQU-nilc_2048_R3.00_full.fits
NILC,2,64,2-64,mask_ge_0.99_abs_b_gt_20deg,0.99,20.0,abs_b_gt_20deg,0.2365757920323426,0.2357059212378173,0.0008698707945253015,12.322325955068408,12.277017720540888,0.04530823452751953,0.9716129874754701,0.971824378277063,52.08616591415154,0.6430040995279948,I_STOKES,K_CMB_to_uK,TMASK,COM_CMB_IQU-nilc_2048_R3.00_full.fits
NILC,2,95,2-95,mask_ge_0.99_abs_b_gt_20deg,0.99,20.0,abs_b_gt_20deg,0.21575388000775647,0.21518549361612008,0.000568386391636394,12.790197923349526,12.756503166871884,0.033694756477641974,0.9764477669949684,0.9765731830532027,59.28142716548,0.6430040995279948,I_STOKES,K_CMB_to_uK,TMASK,COM_CMB_IQU-nilc_2048_R3.00_full.fits
NILC,2,30,2-30,mask_ge_0.99_abs_b_gt_30deg,0.99,30.0,abs_b_gt_30deg,0.25980929017709425,0.25846024714525345,0.001349043031840802,10.238054275543744,10.18489383709054,0.053160438453204506,0.9656596130952374,0.9660215644309169,39.40603612967482,0.49588902791341144,I_STOKES,K_CMB_to_uK,TMASK,COM_CMB_IQU-nilc_2048_R3.00_full.fits
NILC,2,40,2-40,mask_ge_0.99_abs_b_gt_30deg,0.99,30.0,abs_b_gt_30deg,0.25241012923775297,0.25123438087612004,0.0011757483616329223,10.966748412647053,10.91566434356651,0.051084069080543415,0.9676202325973027,0.9679261726551639,43.44813120521456,0.49588902791341144,I_STOKES,K_CMB_to_uK,TMASK,COM_CMB_IQU-nilc_2048_R3.00_full.fits
NILC,2,64,2-64,mask_ge_0.99_abs_b_gt_30deg,0.99,30.0,abs_b_gt_30deg,0.23542741356729985,0.23462867274187582,0.0007987408254240269,11.965522323702348,11.924926578998507,0.04059574470384142,0.9718919032883819,0.972085040044791,50.82467730667166,0.49588902791341144,I_STOKES,K_CMB_to_uK,TMASK,COM_CMB_IQU-nilc_2048_R3.00_full.fits
NILC,2,95,2-95,mask_ge_0.99_abs_b_gt_30deg,0.99,30.0,abs_b_gt_30deg,0.2155639525397178,0.21510391031096923,0.0004600422287485695,12.551630902500872,12.524844047895614,0.026786854605257204,0.9764897163423429,0.9765911588761602,58.22694729160816,0.49588902791341144,I_STOKES,K_CMB_to_uK,TMASK,COM_CMB_IQU-nilc_2048_R3.00_full.fits
NILC,2,30,2-30,mask_ge_0.99_abs_b_gt_40deg,0.99,40.0,abs_b_gt_40deg,0.2283871225888308,0.22720741518157334,0.001179707407257452,8.859815743388232,8.814051384430796,0.04576435895743636,0.9735696317246034,0.9738456302032278,38.79297415265706,0.35772069295247394,I_STOKES,K_CMB_to_uK,TMASK,COM_CMB_IQU-nilc_2048_R3.00_full.fits
NILC,2,40,2-40,mask_ge_0.99_abs_b_gt_40deg,0.99,40.0,abs_b_gt_40deg,0.2233427415256743,0.22233662133490986,0.0010061201907644313,9.509527262086532,9.46668849635073,0.04283876573580159,0.9747397752793121,0.9749697636468825,42.57817915695894,0.35772069295247394,I_STOKES,K_CMB_to_uK,TMASK,COM_CMB_IQU-nilc_2048_R3.00_full.fits
NILC,2,64,2-64,mask_ge_0.99_abs_b_gt_40deg,0.99,40.0,abs_b_gt_40deg,0.21384493770851376,0.2132689823924971,0.0005759553160166742,10.747524075924725,10.718577430323117,0.0289466456016072,0.9768675153035054,0.9769934196630087,50.258491929205185,0.35772069295247394,I_STOKES,K_CMB_to_uK,TMASK,COM_CMB_IQU-nilc_2048_R3.00_full.fits
NILC,2,95,2-95,mask_ge_0.99_abs_b_gt_40deg,0.99,40.0,abs_b_gt_40deg,0.1967121893456076,0.1964739661880033,0.00023822315760430035,11.357848355009109,11.344093729493924,0.013754625515185026,0.9804612631976557,0.980509028383426,57.73840651559358,0.35772069295247394,I_STOKES,K_CMB_to_uK,TMASK,COM_CMB_IQU-nilc_2048_R3.00_full.fits
SEVEM,2,30,2-30,mask_ge_0.50_no_galactic_cut,0.5,-1.0,no_galactic_cut,0.24831702433822192,0.24710840290644126,0.0012086214317806598,10.609167512280724,10.557530024827473,0.051637487453250586,0.9686785850934606,0.9689876095278963,42.72428578167252,0.8378855387369791,I_STOKES,K_CMB_to_uK,TMASK,COM_CMB_IQU-sevem_2048_R3.00_full.fits
SEVEM,2,40,2-40,mask_ge_0.50_no_galactic_cut,0.5,-1.0,no_galactic_cut,0.23872233198076767,0.2376432721738427,0.0010790598069249646,11.133127623395604,11.082804260499081,0.05032336289652228,0.9710877031272745,0.9713523341391962,46.63630558155124,0.8378855387369791,I_STOKES,K_CMB_to_uK,TMASK,COM_CMB_IQU-sevem_2048_R3.00_full.fits
SEVEM,2,64,2-64,mask_ge_0.50_no_galactic_cut,0.5,-1.0,no_galactic_cut,0.21819229975449442,0.21735946686248792,0.000832832892006502,11.609172834930035,11.564861000842413,0.044311834087622515,0.9759057857426242,0.9760916169182399,53.20615277437583,0.8378855387369791,I_STOKES,K_CMB_to_uK,TMASK,COM_CMB_IQU-sevem_2048_R3.00_full.fits
SEVEM,2,95,2-95,mask_ge_0.50_no_galactic_cut,0.5,-1.0,no_galactic_cut,0.19880622247208316,0.19825481090424696,0.0005514115678361964,12.002523966614165,11.969233607408473,0.0332903592056919,0.9800388036313347,0.9801504990726139,60.37297936335764,0.8378855387369791,I_STOKES,K_CMB_to_uK,TMASK,COM_CMB_IQU-sevem_2048_R3.00_full.fits
SEVEM,2,30,2-30,mask_ge_0.50_abs_b_gt_10deg,0.5,10.0,abs_b_gt_10deg,0.25502029787081204,0.25375507815320275,0.0012652197176092894,10.70517169720013,10.652060653001792,0.053111044198338675,0.9669349438123472,0.9672677564535855,41.97772407364667,0.7909393310546875,I_STOKES,K_CMB_to_uK,TMASK,COM_CMB_IQU-sevem_2048_R3.00_full.fits
SEVEM,2,40,2-40,mask_ge_0.50_abs_b_gt_10deg,0.5,10.0,abs_b_gt_10deg,0.24678028650103384,0.2456541254142696,0.001126161086764249,11.319795696653959,11.268138760824767,0.0516569358291914,0.9690708568218986,0.9693569500546996,45.86993498204945,0.7909393310546875,I_STOKES,K_CMB_to_uK,TMASK,COM_CMB_IQU-sevem_2048_R3.00_full.fits
SEVEM,2,64,2-64,mask_ge_0.50_abs_b_gt_10deg,0.5,10.0,abs_b_gt_10deg,0.22636337820457378,0.2255158328681033,0.0008475453364704677,11.925572665290666,11.880921169198961,0.0446514960917046,0.974042813532133,0.9742393917021057,52.683312821533534,0.7909393310546875,I_STOKES,K_CMB_to_uK,TMASK,COM_CMB_IQU-sevem_2048_R3.00_full.fits
SEVEM,2,95,2-95,mask_ge_0.50_abs_b_gt_10deg,0.5,10.0,abs_b_gt_10deg,0.20618192660207318,0.20562195469748945,0.0005599719045837337,12.33290412932611,12.299409050838092,0.03349507848801814,0.978513617531336,0.9786314418172873,59.81564113099184,0.7909393310546875,I_STOKES,K_CMB_to_uK,TMASK,COM_CMB_IQU-sevem_2048_R3.00_full.fits
SEVEM,2,30,2-30,mask_ge_0.50_abs_b_gt_20deg,0.5,20.0,abs_b_gt_20deg,0.2734237374746592,0.2720955537521559,0.0013281837225033177,11.201524994698921,11.147112443314088,0.05441255138483392,0.961893458934663,0.9622700142813242,40.96763908706747,0.6464653015136719,I_STOKES,K_CMB_to_uK,TMASK,COM_CMB_IQU-sevem_2048_R3.00_full.fits
SEVEM,2,40,2-40,mask_ge_0.50_abs_b_gt_20deg,0.5,20.0,abs_b_gt_20deg,0.26225427032440174,0.2610677744953823,0.0011864958290194183,11.755942164766486,11.702755704437601,0.05318646032888452,0.9649987218445992,0.9653203893374153,44.826504255677854,0.6464653015136719,I_STOKES,K_CMB_to_uK,TMASK,COM_CMB_IQU-sevem_2048_R3.00_full.fits
SEVEM,2,64,2-64,mask_ge_0.50_abs_b_gt_20deg,0.5,20.0,abs_b_gt_20deg,0.24157415748166147,0.2407123198037312,0.0008618376779302717,12.548873931624783,12.50410468775112,0.0447692438736631,0.9703823078806655,0.9705964541656967,51.946259742528134,0.6464653015136719,I_STOKES,K_CMB_to_uK,TMASK,COM_CMB_IQU-sevem_2048_R3.00_full.fits
SEVEM,2,95,2-95,mask_ge_0.50_abs_b_gt_20deg,0.5,20.0,abs_b_gt_20deg,0.21998809523879803,0.21942174133487677,0.0005663539039212628,13.00577469796366,12.97229165304836,0.0334830449153003,0.9755025391101126,0.9756300863863392,59.12035687133813,0.6464653015136719,I_STOKES,K_CMB_to_uK,TMASK,COM_CMB_IQU-sevem_2048_R3.00_full.fits
SEVEM,2,30,2-30,mask_ge_0.50_abs_b_gt_30deg,0.5,30.0,abs_b_gt_30deg,0.26382103875167584,0.2624753283960206,0.0013457103556552275,10.347394080695585,10.29461362226693,0.05278045842865531,0.9645712667561123,0.9649383288894178,39.2212619950874,0.4966697692871094,I_STOKES,K_CMB_to_uK,TMASK,COM_CMB_IQU-sevem_2048_R3.00_full.fits
SEVEM,2,40,2-40,mask_ge_0.50_abs_b_gt_30deg,0.5,30.0,abs_b_gt_30deg,0.2561649766735068,0.2549927307454967,0.0011722459280100739,11.087092173431257,11.03635612503561,0.05073604839564716,0.9666329984871355,0.9669428926693673,43.281061749367204,0.4966697692871094,I_STOKES,K_CMB_to_uK,TMASK,COM_CMB_IQU-sevem_2048_R3.00_full.fits
SEVEM,2,64,2-64,mask_ge_0.50_abs_b_gt_30deg,0.5,30.0,abs_b_gt_30deg,0.23888192871433195,0.23808544491534317,0.0007964837989887785,12.098847470763099,12.05850730753366,0.04034016322943934,0.9710486143985062,0.9712442063636413,50.647813904883364,0.4966697692871094,I_STOKES,K_CMB_to_uK,TMASK,COM_CMB_IQU-sevem_2048_R3.00_full.fits
SEVEM,2,95,2-95,mask_ge_0.50_abs_b_gt_30deg,0.5,30.0,abs_b_gt_30deg,0.2186718165964484,0.218214406201996,0.0004574103944524066,12.693441198246752,12.666889482365765,0.026551715880987814,0.9757984601125506,0.9759008510424275,58.04790665672329,0.4966697692871094,I_STOKES,K_CMB_to_uK,TMASK,COM_CMB_IQU-sevem_2048_R3.00_full.fits
SEVEM,2,30,2-30,mask_ge_0.50_abs_b_gt_40deg,0.5,40.0,abs_b_gt_40deg,0.23538187169952468,0.2341835903126327,0.0011982813868919862,9.106263854118216,9.059905711064419,0.04635814305379782,0.9719019161732266,0.9721913530421578,38.68719280872557,0.3572133382161458,I_STOKES,K_CMB_to_uK,TMASK,COM_CMB_IQU-sevem_2048_R3.00_full.fits
SEVEM,2,40,2-40,mask_ge_0.50_abs_b_gt_40deg,0.5,40.0,abs_b_gt_40deg,0.2297976016177626,0.22877519440077118,0.0010224072169914278,9.766043051028435,9.722592323838388,0.043450727190046834,0.9732381578584555,0.9734790007670648,42.498455085153296,0.3572133382161458,I_STOKES,K_CMB_to_uK,TMASK,COM_CMB_IQU-sevem_2048_R3.00_full.fits
SEVEM,2,64,2-64,mask_ge_0.50_abs_b_gt_40deg,0.5,40.0,abs_b_gt_40deg,0.2191085841090797,0.21851302109216517,0.0005955630169145465,10.992771912593007,10.96289225985764,0.0298796527353673,0.9757003961125371,0.9758339485360867,50.17043014216381,0.3572133382161458,I_STOKES,K_CMB_to_uK,TMASK,COM_CMB_IQU-sevem_2048_R3.00_full.fits
SEVEM,2,95,2-95,mask_ge_0.50_abs_b_gt_40deg,0.5,40.0,abs_b_gt_40deg,0.20114338138160406,0.20088064214334472,0.00026273923825934076,11.586553538766669,11.571418851112934,0.015134687653734602,0.9795618055547146,0.9796157197653574,57.603454109111134,0.3572133382161458,I_STOKES,K_CMB_to_uK,TMASK,COM_CMB_IQU-sevem_2048_R3.00_full.fits
SEVEM,2,30,2-30,mask_ge_0.70_no_galactic_cut,0.7,-1.0,no_galactic_cut,0.24831324528352466,0.24710463454852732,0.0012086107349973396,10.609003069956495,10.55736605404408,0.05163701591241576,0.9686795539177064,0.9689885706009089,42.72427376092286,0.8378829956054688,I_STOKES,K_CMB_to_uK,TMASK,COM_CMB_IQU-sevem_2048_R3.00_full.fits
SEVEM,2,40,2-40,mask_ge_0.70_no_galactic_cut,0.7,-1.0,no_galactic_cut,0.23871858819507738,0.23763953777540459,0.0010790504196727946,11.132938579842271,11.08261572003651,0.05032285980576212,0.9710886235971635,0.9713532479015551,46.63624506167318,0.8378829956054688,I_STOKES,K_CMB_to_uK,TMASK,COM_CMB_IQU-sevem_2048_R3.00_full.fits
SEVEM,2,64,2-64,mask_ge_0.70_no_galactic_cut,0.7,-1.0,no_galactic_cut,0.21818919852527355,0.21735637777697317,0.000832820748300378,11.60899188537941,11.564680758273479,0.04431112710593155,0.9759064791621802,0.9760923048551388,53.2060796952545,0.8378829956054688,I_STOKES,K_CMB_to_uK,TMASK,COM_CMB_IQU-sevem_2048_R3.00_full.fits
SEVEM,2,95,2-95,mask_ge_0.70_no_galactic_cut,0.7,-1.0,no_galactic_cut,0.19880391943402687,0.19825250549825169,0.0005514139357751802,12.002325812227399,11.969035474021705,0.033290338205693715,0.9800392709577272,0.980150965528265,60.372682019533194,0.8378829956054688,I_STOKES,K_CMB_to_uK,TMASK,COM_CMB_IQU-sevem_2048_R3.00_full.fits
SEVEM,2,30,2-30,mask_ge_0.70_abs_b_gt_10deg,0.7,10.0,abs_b_gt_10deg,0.25502029787081204,0.25375507815320275,0.0012652197176092894,10.70517169720013,10.652060653001792,0.053111044198338675,0.9669349438123472,0.9672677564535855,41.97772407364667,0.7909393310546875,I_STOKES,K_CMB_to_uK,TMASK,COM_CMB_IQU-sevem_2048_R3.00_full.fits
SEVEM,2,40,2-40,mask_ge_0.70_abs_b_gt_10deg,0.7,10.0,abs_b_gt_10deg,0.24678028650103384,0.2456541254142696,0.001126161086764249,11.319795696653959,11.268138760824767,0.0516569358291914,0.9690708568218986,0.9693569500546996,45.86993498204945,0.7909393310546875,I_STOKES,K_CMB_to_uK,TMASK,COM_CMB_IQU-sevem_2048_R3.00_full.fits
SEVEM,2,64,2-64,mask_ge_0.70_abs_b_gt_10deg,0.7,10.0,abs_b_gt_10deg,0.22636337820457378,0.2255158328681033,0.0008475453364704677,11.925572665290666,11.880921169198961,0.0446514960917046,0.974042813532133,0.9742393917021057,52.683312821533534,0.7909393310546875,I_STOKES,K_CMB_to_uK,TMASK,COM_CMB_IQU-sevem_2048_R3.00_full.fits
SEVEM,2,95,2-95,mask_ge_0.70_abs_b_gt_10deg,0.7,10.0,abs_b_gt_10deg,0.20618192660207318,0.20562195469748945,0.0005599719045837337,12.33290412932611,12.299409050838092,0.03349507848801814,0.978513617531336,0.9786314418172873,59.81564113099184,0.7909393310546875,I_STOKES,K_CMB_to_uK,TMASK,COM_CMB_IQU-sevem_2048_R3.00_full.fits
SEVEM,2,30,2-30,mask_ge_0.70_abs_b_gt_20deg,0.7,20.0,abs_b_gt_20deg,0.2734237374746592,0.2720955537521559,0.0013281837225033177,11.201524994698921,11.147112443314088,0.05441255138483392,0.961893458934663,0.9622700142813242,40.96763908706747,0.6464653015136719,I_STOKES,K_CMB_to_uK,TMASK,COM_CMB_IQU-sevem_2048_R3.00_full.fits
SEVEM,2,40,2-40,mask_ge_0.70_abs_b_gt_20deg,0.7,20.0,abs_b_gt_20deg,0.26225427032440174,0.2610677744953823,0.0011864958290194183,11.755942164766486,11.702755704437601,0.05318646032888452,0.9649987218445992,0.9653203893374153,44.826504255677854,0.6464653015136719,I_STOKES,K_CMB_to_uK,TMASK,COM_CMB_IQU-sevem_2048_R3.00_full.fits
SEVEM,2,64,2-64,mask_ge_0.70_abs_b_gt_20deg,0.7,20.0,abs_b_gt_20deg,0.24157415748166147,0.2407123198037312,0.0008618376779302717,12.548873931624783,12.50410468775112,0.0447692438736631,0.9703823078806655,0.9705964541656967,51.946259742528134,0.6464653015136719,I_STOKES,K_CMB_to_uK,TMASK,COM_CMB_IQU-sevem_2048_R3.00_full.fits
SEVEM,2,95,2-95,mask_ge_0.70_abs_b_gt_20deg,0.7,20.0,abs_b_gt_20deg,0.21998809523879803,0.21942174133487677,0.0005663539039212628,13.00577469796366,12.97229165304836,0.0334830449153003,0.9755025391101126,0.9756300863863392,59.12035687133813,0.6464653015136719,I_STOKES,K_CMB_to_uK,TMASK,COM_CMB_IQU-sevem_2048_R3.00_full.fits
SEVEM,2,30,2-30,mask_ge_0.70_abs_b_gt_30deg,0.7,30.0,abs_b_gt_30deg,0.26382103875167584,0.2624753283960206,0.0013457103556552275,10.347394080695585,10.29461362226693,0.05278045842865531,0.9645712667561123,0.9649383288894178,39.2212619950874,0.4966697692871094,I_STOKES,K_CMB_to_uK,TMASK,COM_CMB_IQU-sevem_2048_R3.00_full.fits
SEVEM,2,40,2-40,mask_ge_0.70_abs_b_gt_30deg,0.7,30.0,abs_b_gt_30deg,0.2561649766735068,0.2549927307454967,0.0011722459280100739,11.087092173431257,11.03635612503561,0.05073604839564716,0.9666329984871355,0.9669428926693673,43.281061749367204,0.4966697692871094,I_STOKES,K_CMB_to_uK,TMASK,COM_CMB_IQU-sevem_2048_R3.00_full.fits
SEVEM,2,64,2-64,mask_ge_0.70_abs_b_gt_30deg,0.7,30.0,abs_b_gt_30deg,0.23888192871433195,0.23808544491534317,0.0007964837989887785,12.098847470763099,12.05850730753366,0.04034016322943934,0.9710486143985062,0.9712442063636413,50.647813904883364,0.4966697692871094,I_STOKES,K_CMB_to_uK,TMASK,COM_CMB_IQU-sevem_2048_R3.00_full.fits
SEVEM,2,95,2-95,mask_ge_0.70_abs_b_gt_30deg,0.7,30.0,abs_b_gt_30deg,0.2186718165964484,0.218214406201996,0.0004574103944524066,12.693441198246752,12.666889482365765,0.026551715880987814,0.9757984601125506,0.9759008510424275,58.04790665672329,0.4966697692871094,I_STOKES,K_CMB_to_uK,TMASK,COM_CMB_IQU-sevem_2048_R3.00_full.fits
SEVEM,2,30,2-30,mask_ge_0.70_abs_b_gt_40deg,0.7,40.0,abs_b_gt_40deg,0.23538187169952468,0.2341835903126327,0.0011982813868919862,9.106263854118216,9.059905711064419,0.04635814305379782,0.9719019161732266,0.9721913530421578,38.68719280872557,0.3572133382161458,I_STOKES,K_CMB_to_uK,TMASK,COM_CMB_IQU-sevem_2048_R3.00_full.fits
SEVEM,2,40,2-40,mask_ge_0.70_abs_b_gt_40deg,0.7,40.0,abs_b_gt_40deg,0.2297976016177626,0.22877519440077118,0.0010224072169914278,9.766043051028435,9.722592323838388,0.043450727190046834,0.9732381578584555,0.9734790007670648,42.498455085153296,0.3572133382161458,I_STOKES,K_CMB_to_uK,TMASK,COM_CMB_IQU-sevem_2048_R3.00_full.fits
SEVEM,2,64,2-64,mask_ge_0.70_abs_b_gt_40deg,0.7,40.0,abs_b_gt_40deg,0.2191085841090797,0.21851302109216517,0.0005955630169145465,10.992771912593007,10.96289225985764,0.0298796527353673,0.9757003961125371,0.9758339485360867,50.17043014216381,0.3572133382161458,I_STOKES,K_CMB_to_uK,TMASK,COM_CMB_IQU-sevem_2048_R3.00_full.fits
SEVEM,2,95,2-95,mask_ge_0.70_abs_b_gt_40deg,0.7,40.0,abs_b_gt_40deg,0.20114338138160406,0.20088064214334472,0.00026273923825934076,11.586553538766669,11.571418851112934,0.015134687653734602,0.9795618055547146,0.9796157197653574,57.603454109111134,0.3572133382161458,I_STOKES,K_CMB_to_uK,TMASK,COM_CMB_IQU-sevem_2048_R3.00_full.fits
SEVEM,2,30,2-30,mask_ge_0.80_no_galactic_cut,0.8,-1.0,no_galactic_cut,0.24831324528352466,0.24710463454852732,0.0012086107349973396,10.609003069956495,10.55736605404408,0.05163701591241576,0.9686795539177064,0.9689885706009089,42.72427376092286,0.8378829956054688,I_STOKES,K_CMB_to_uK,TMASK,COM_CMB_IQU-sevem_2048_R3.00_full.fits
SEVEM,2,40,2-40,mask_ge_0.80_no_galactic_cut,0.8,-1.0,no_galactic_cut,0.23871858819507738,0.23763953777540459,0.0010790504196727946,11.132938579842271,11.08261572003651,0.05032285980576212,0.9710886235971635,0.9713532479015551,46.63624506167318,0.8378829956054688,I_STOKES,K_CMB_to_uK,TMASK,COM_CMB_IQU-sevem_2048_R3.00_full.fits
SEVEM,2,64,2-64,mask_ge_0.80_no_galactic_cut,0.8,-1.0,no_galactic_cut,0.21818919852527355,0.21735637777697317,0.000832820748300378,11.60899188537941,11.564680758273479,0.04431112710593155,0.9759064791621802,0.9760923048551388,53.2060796952545,0.8378829956054688,I_STOKES,K_CMB_to_uK,TMASK,COM_CMB_IQU-sevem_2048_R3.00_full.fits
SEVEM,2,95,2-95,mask_ge_0.80_no_galactic_cut,0.8,-1.0,no_galactic_cut,0.19880391943402687,0.19825250549825169,0.0005514139357751802,12.002325812227399,11.969035474021705,0.033290338205693715,0.9800392709577272,0.980150965528265,60.372682019533194,0.8378829956054688,I_STOKES,K_CMB_to_uK,TMASK,COM_CMB_IQU-sevem_2048_R3.00_full.fits
SEVEM,2,30,2-30,mask_ge_0.80_abs_b_gt_10deg,0.8,10.0,abs_b_gt_10deg,0.25502029787081204,0.25375507815320275,0.0012652197176092894,10.70517169720013,10.652060653001792,0.053111044198338675,0.9669349438123472,0.9672677564535855,41.97772407364667,0.7909393310546875,I_STOKES,K_CMB_to_uK,TMASK,COM_CMB_IQU-sevem_2048_R3.00_full.fits
SEVEM,2,40,2-40,mask_ge_0.80_abs_b_gt_10deg,0.8,10.0,abs_b_gt_10deg,0.24678028650103384,0.2456541254142696,0.001126161086764249,11.319795696653959,11.268138760824767,0.0516569358291914,0.9690708568218986,0.9693569500546996,45.86993498204945,0.7909393310546875,I_STOKES,K_CMB_to_uK,TMASK,COM_CMB_IQU-sevem_2048_R3.00_full.fits
SEVEM,2,64,2-64,mask_ge_0.80_abs_b_gt_10deg,0.8,10.0,abs_b_gt_10deg,0.22636337820457378,0.2255158328681033,0.0008475453364704677,11.925572665290666,11.880921169198961,0.0446514960917046,0.974042813532133,0.9742393917021057,52.683312821533534,0.7909393310546875,I_STOKES,K_CMB_to_uK,TMASK,COM_CMB_IQU-sevem_2048_R3.00_full.fits
SEVEM,2,95,2-95,mask_ge_0.80_abs_b_gt_10deg,0.8,10.0,abs_b_gt_10deg,0.20618192660207318,0.20562195469748945,0.0005599719045837337,12.33290412932611,12.299409050838092,0.03349507848801814,0.978513617531336,0.9786314418172873,59.81564113099184,0.7909393310546875,I_STOKES,K_CMB_to_uK,TMASK,COM_CMB_IQU-sevem_2048_R3.00_full.fits
SEVEM,2,30,2-30,mask_ge_0.80_abs_b_gt_20deg,0.8,20.0,abs_b_gt_20deg,0.2734237374746592,0.2720955537521559,0.0013281837225033177,11.201524994698921,11.147112443314088,0.05441255138483392,0.961893458934663,0.9622700142813242,40.96763908706747,0.6464653015136719,I_STOKES,K_CMB_to_uK,TMASK,COM_CMB_IQU-sevem_2048_R3.00_full.fits
SEVEM,2,40,2-40,mask_ge_0.80_abs_b_gt_20deg,0.8,20.0,abs_b_gt_20deg,0.26225427032440174,0.2610677744953823,0.0011864958290194183,11.755942164766486,11.702755704437601,0.05318646032888452,0.9649987218445992,0.9653203893374153,44.826504255677854,0.6464653015136719,I_STOKES,K_CMB_to_uK,TMASK,COM_CMB_IQU-sevem_2048_R3.00_full.fits
SEVEM,2,64,2-64,mask_ge_0.80_abs_b_gt_20deg,0.8,20.0,abs_b_gt_20deg,0.24157415748166147,0.2407123198037312,0.0008618376779302717,12.548873931624783,12.50410468775112,0.0447692438736631,0.9703823078806655,0.9705964541656967,51.946259742528134,0.6464653015136719,I_STOKES,K_CMB_to_uK,TMASK,COM_CMB_IQU-sevem_2048_R3.00_full.fits
SEVEM,2,95,2-95,mask_ge_0.80_abs_b_gt_20deg,0.8,20.0,abs_b_gt_20deg,0.21998809523879803,0.21942174133487677,0.0005663539039212628,13.00577469796366,12.97229165304836,0.0334830449153003,0.9755025391101126,0.9756300863863392,59.12035687133813,0.6464653015136719,I_STOKES,K_CMB_to_uK,TMASK,COM_CMB_IQU-sevem_2048_R3.00_full.fits
SEVEM,2,30,2-30,mask_ge_0.80_abs_b_gt_30deg,0.8,30.0,abs_b_gt_30deg,0.26382103875167584,0.2624753283960206,0.0013457103556552275,10.347394080695585,10.29461362226693,0.05278045842865531,0.9645712667561123,0.9649383288894178,39.2212619950874,0.4966697692871094,I_STOKES,K_CMB_to_uK,TMASK,COM_CMB_IQU-sevem_2048_R3.00_full.fits
SEVEM,2,40,2-40,mask_ge_0.80_abs_b_gt_30deg,0.8,30.0,abs_b_gt_30deg,0.2561649766735068,0.2549927307454967,0.0011722459280100739,11.087092173431257,11.03635612503561,0.05073604839564716,0.9666329984871355,0.9669428926693673,43.281061749367204,0.4966697692871094,I_STOKES,K_CMB_to_uK,TMASK,COM_CMB_IQU-sevem_2048_R3.00_full.fits
SEVEM,2,64,2-64,mask_ge_0.80_abs_b_gt_30deg,0.8,30.0,abs_b_gt_30deg,0.23888192871433195,0.23808544491534317,0.0007964837989887785,12.098847470763099,12.05850730753366,0.04034016322943934,0.9710486143985062,0.9712442063636413,50.647813904883364,0.4966697692871094,I_STOKES,K_CMB_to_uK,TMASK,COM_CMB_IQU-sevem_2048_R3.00_full.fits
SEVEM,2,95,2-95,mask_ge_0.80_abs_b_gt_30deg,0.8,30.0,abs_b_gt_30deg,0.2186718165964484,0.218214406201996,0.0004574103944524066,12.693441198246752,12.666889482365765,0.026551715880987814,0.9757984601125506,0.9759008510424275,58.04790665672329,0.4966697692871094,I_STOKES,K_CMB_to_uK,TMASK,COM_CMB_IQU-sevem_2048_R3.00_full.fits
SEVEM,2,30,2-30,mask_ge_0.80_abs_b_gt_40deg,0.8,40.0,abs_b_gt_40deg,0.23538187169952468,0.2341835903126327,0.0011982813868919862,9.106263854118216,9.059905711064419,0.04635814305379782,0.9719019161732266,0.9721913530421578,38.68719280872557,0.3572133382161458,I_STOKES,K_CMB_to_uK,TMASK,COM_CMB_IQU-sevem_2048_R3.00_full.fits
SEVEM,2,40,2-40,mask_ge_0.80_abs_b_gt_40deg,0.8,40.0,abs_b_gt_40deg,0.2297976016177626,0.22877519440077118,0.0010224072169914278,9.766043051028435,9.722592323838388,0.043450727190046834,0.9732381578584555,0.9734790007670648,42.498455085153296,0.3572133382161458,I_STOKES,K_CMB_to_uK,TMASK,COM_CMB_IQU-sevem_2048_R3.00_full.fits
SEVEM,2,64,2-64,mask_ge_0.80_abs_b_gt_40deg,0.8,40.0,abs_b_gt_40deg,0.2191085841090797,0.21851302109216517,0.0005955630169145465,10.992771912593007,10.96289225985764,0.0298796527353673,0.9757003961125371,0.9758339485360867,50.17043014216381,0.3572133382161458,I_STOKES,K_CMB_to_uK,TMASK,COM_CMB_IQU-sevem_2048_R3.00_full.fits
SEVEM,2,95,2-95,mask_ge_0.80_abs_b_gt_40deg,0.8,40.0,abs_b_gt_40deg,0.20114338138160406,0.20088064214334472,0.00026273923825934076,11.586553538766669,11.571418851112934,0.015134687653734602,0.9795618055547146,0.9796157197653574,57.603454109111134,0.3572133382161458,I_STOKES,K_CMB_to_uK,TMASK,COM_CMB_IQU-sevem_2048_R3.00_full.fits
SEVEM,2,30,2-30,mask_ge_0.90_no_galactic_cut,0.9,-1.0,no_galactic_cut,0.2483078601788354,0.24709926154166462,0.0012085986371707935,10.608768232020207,10.557131756162995,0.05163647585721165,0.9686809342857092,0.9689899407273487,42.724254578085436,0.8378804524739584,I_STOKES,K_CMB_to_uK,TMASK,COM_CMB_IQU-sevem_2048_R3.00_full.fits
SEVEM,2,40,2-40,mask_ge_0.90_no_galactic_cut,0.9,-1.0,no_galactic_cut,0.23871305135433477,0.2376340104863907,0.0010790408679440533,11.132662232143684,11.082339899747751,0.050322332395932534,0.9710899846973899,0.9713546001433574,46.63616911175446,0.8378804524739584,I_STOKES,K_CMB_to_uK,TMASK,COM_CMB_IQU-sevem_2048_R3.00_full.fits
SEVEM,2,64,2-64,mask_ge_0.90_no_galactic_cut,0.9,-1.0,no_galactic_cut,0.21818459411996996,0.21735178803568087,0.000832806084289095,11.608729633350992,11.564419352377596,0.044310280973395066,0.9759075086161653,0.9760933269190273,53.20600054359415,0.8378804524739584,I_STOKES,K_CMB_to_uK,TMASK,COM_CMB_IQU-sevem_2048_R3.00_full.fits
SEVEM,2,95,2-95,mask_ge_0.90_no_galactic_cut,0.9,-1.0,no_galactic_cut,0.19880034821080622,0.1982489357780342,0.0005514124327720138,12.002054063820486,11.968763972081941,0.0332900917385448,0.9800399955022232,0.9801516876764405,60.37239960512347,0.8378804524739584,I_STOKES,K_CMB_to_uK,TMASK,COM_CMB_IQU-sevem_2048_R3.00_full.fits
SEVEM,2,30,2-30,mask_ge_0.90_abs_b_gt_10deg,0.9,10.0,abs_b_gt_10deg,0.25502029787081204,0.25375507815320275,0.0012652197176092894,10.70517169720013,10.652060653001792,0.053111044198338675,0.9669349438123472,0.9672677564535855,41.97772407364667,0.7909393310546875,I_STOKES,K_CMB_to_uK,TMASK,COM_CMB_IQU-sevem_2048_R3.00_full.fits
SEVEM,2,40,2-40,mask_ge_0.90_abs_b_gt_10deg,0.9,10.0,abs_b_gt_10deg,0.24678028650103384,0.2456541254142696,0.001126161086764249,11.319795696653959,11.268138760824767,0.0516569358291914,0.9690708568218986,0.9693569500546996,45.86993498204945,0.7909393310546875,I_STOKES,K_CMB_to_uK,TMASK,COM_CMB_IQU-sevem_2048_R3.00_full.fits
SEVEM,2,64,2-64,mask_ge_0.90_abs_b_gt_10deg,0.9,10.0,abs_b_gt_10deg,0.22636337820457378,0.2255158328681033,0.0008475453364704677,11.925572665290666,11.880921169198961,0.0446514960917046,0.974042813532133,0.9742393917021057,52.683312821533534,0.7909393310546875,I_STOKES,K_CMB_to_uK,TMASK,COM_CMB_IQU-sevem_2048_R3.00_full.fits
SEVEM,2,95,2-95,mask_ge_0.90_abs_b_gt_10deg,0.9,10.0,abs_b_gt_10deg,0.20618192660207318,0.20562195469748945,0.0005599719045837337,12.33290412932611,12.299409050838092,0.03349507848801814,0.978513617531336,0.9786314418172873,59.81564113099184,0.7909393310546875,I_STOKES,K_CMB_to_uK,TMASK,COM_CMB_IQU-sevem_2048_R3.00_full.fits
SEVEM,2,30,2-30,mask_ge_0.90_abs_b_gt_20deg,0.9,20.0,abs_b_gt_20deg,0.2734237374746592,0.2720955537521559,0.0013281837225033177,11.201524994698921,11.147112443314088,0.05441255138483392,0.961893458934663,0.9622700142813242,40.96763908706747,0.6464653015136719,I_STOKES,K_CMB_to_uK,TMASK,COM_CMB_IQU-sevem_2048_R3.00_full.fits
SEVEM,2,40,2-40,mask_ge_0.90_abs_b_gt_20deg,0.9,20.0,abs_b_gt_20deg,0.26225427032440174,0.2610677744953823,0.0011864958290194183,11.755942164766486,11.702755704437601,0.05318646032888452,0.9649987218445992,0.9653203893374153,44.826504255677854,0.6464653015136719,I_STOKES,K_CMB_to_uK,TMASK,COM_CMB_IQU-sevem_2048_R3.00_full.fits
SEVEM,2,64,2-64,mask_ge_0.90_abs_b_gt_20deg,0.9,20.0,abs_b_gt_20deg,0.24157415748166147,0.2407123198037312,0.0008618376779302717,12.548873931624783,12.50410468775112,0.0447692438736631,0.9703823078806655,0.9705964541656967,51.946259742528134,0.6464653015136719,I_STOKES,K_CMB_to_uK,TMASK,COM_CMB_IQU-sevem_2048_R3.00_full.fits
SEVEM,2,95,2-95,mask_ge_0.90_abs_b_gt_20deg,0.9,20.0,abs_b_gt_20deg,0.21998809523879803,0.21942174133487677,0.0005663539039212628,13.00577469796366,12.97229165304836,0.0334830449153003,0.9755025391101126,0.9756300863863392,59.12035687133813,0.6464653015136719,I_STOKES,K_CMB_to_uK,TMASK,COM_CMB_IQU-sevem_2048_R3.00_full.fits
SEVEM,2,30,2-30,mask_ge_0.90_abs_b_gt_30deg,0.9,30.0,abs_b_gt_30deg,0.26382103875167584,0.2624753283960206,0.0013457103556552275,10.347394080695585,10.29461362226693,0.05278045842865531,0.9645712667561123,0.9649383288894178,39.2212619950874,0.4966697692871094,I_STOKES,K_CMB_to_uK,TMASK,COM_CMB_IQU-sevem_2048_R3.00_full.fits
SEVEM,2,40,2-40,mask_ge_0.90_abs_b_gt_30deg,0.9,30.0,abs_b_gt_30deg,0.2561649766735068,0.2549927307454967,0.0011722459280100739,11.087092173431257,11.03635612503561,0.05073604839564716,0.9666329984871355,0.9669428926693673,43.281061749367204,0.4966697692871094,I_STOKES,K_CMB_to_uK,TMASK,COM_CMB_IQU-sevem_2048_R3.00_full.fits
SEVEM,2,64,2-64,mask_ge_0.90_abs_b_gt_30deg,0.9,30.0,abs_b_gt_30deg,0.23888192871433195,0.23808544491534317,0.0007964837989887785,12.098847470763099,12.05850730753366,0.04034016322943934,0.9710486143985062,0.9712442063636413,50.647813904883364,0.4966697692871094,I_STOKES,K_CMB_to_uK,TMASK,COM_CMB_IQU-sevem_2048_R3.00_full.fits
SEVEM,2,95,2-95,mask_ge_0.90_abs_b_gt_30deg,0.9,30.0,abs_b_gt_30deg,0.2186718165964484,0.218214406201996,0.0004574103944524066,12.693441198246752,12.666889482365765,0.026551715880987814,0.9757984601125506,0.9759008510424275,58.04790665672329,0.4966697692871094,I_STOKES,K_CMB_to_uK,TMASK,COM_CMB_IQU-sevem_2048_R3.00_full.fits
SEVEM,2,30,2-30,mask_ge_0.90_abs_b_gt_40deg,0.9,40.0,abs_b_gt_40deg,0.23538187169952468,0.2341835903126327,0.0011982813868919862,9.106263854118216,9.059905711064419,0.04635814305379782,0.9719019161732266,0.9721913530421578,38.68719280872557,0.3572133382161458,I_STOKES,K_CMB_to_uK,TMASK,COM_CMB_IQU-sevem_2048_R3.00_full.fits
SEVEM,2,40,2-40,mask_ge_0.90_abs_b_gt_40deg,0.9,40.0,abs_b_gt_40deg,0.2297976016177626,0.22877519440077118,0.0010224072169914278,9.766043051028435,9.722592323838388,0.043450727190046834,0.9732381578584555,0.9734790007670648,42.498455085153296,0.3572133382161458,I_STOKES,K_CMB_to_uK,TMASK,COM_CMB_IQU-sevem_2048_R3.00_full.fits
SEVEM,2,64,2-64,mask_ge_0.90_abs_b_gt_40deg,0.9,40.0,abs_b_gt_40deg,0.2191085841090797,0.21851302109216517,0.0005955630169145465,10.992771912593007,10.96289225985764,0.0298796527353673,0.9757003961125371,0.9758339485360867,50.17043014216381,0.3572133382161458,I_STOKES,K_CMB_to_uK,TMASK,COM_CMB_IQU-sevem_2048_R3.00_full.fits
SEVEM,2,95,2-95,mask_ge_0.90_abs_b_gt_40deg,0.9,40.0,abs_b_gt_40deg,0.20114338138160406,0.20088064214334472,0.00026273923825934076,11.586553538766669,11.571418851112934,0.015134687653734602,0.9795618055547146,0.9796157197653574,57.603454109111134,0.3572133382161458,I_STOKES,K_CMB_to_uK,TMASK,COM_CMB_IQU-sevem_2048_R3.00_full.fits
SEVEM,2,30,2-30,mask_ge_0.95_no_galactic_cut,0.95,-1.0,no_galactic_cut,0.2483078601788354,0.24709926154166462,0.0012085986371707935,10.608768232020207,10.557131756162995,0.05163647585721165,0.9686809342857092,0.9689899407273487,42.724254578085436,0.8378804524739584,I_STOKES,K_CMB_to_uK,TMASK,COM_CMB_IQU-sevem_2048_R3.00_full.fits
SEVEM,2,40,2-40,mask_ge_0.95_no_galactic_cut,0.95,-1.0,no_galactic_cut,0.23871305135433477,0.2376340104863907,0.0010790408679440533,11.132662232143684,11.082339899747751,0.050322332395932534,0.9710899846973899,0.9713546001433574,46.63616911175446,0.8378804524739584,I_STOKES,K_CMB_to_uK,TMASK,COM_CMB_IQU-sevem_2048_R3.00_full.fits
SEVEM,2,64,2-64,mask_ge_0.95_no_galactic_cut,0.95,-1.0,no_galactic_cut,0.21818459411996996,0.21735178803568087,0.000832806084289095,11.608729633350992,11.564419352377596,0.044310280973395066,0.9759075086161653,0.9760933269190273,53.20600054359415,0.8378804524739584,I_STOKES,K_CMB_to_uK,TMASK,COM_CMB_IQU-sevem_2048_R3.00_full.fits
SEVEM,2,95,2-95,mask_ge_0.95_no_galactic_cut,0.95,-1.0,no_galactic_cut,0.19880034821080622,0.1982489357780342,0.0005514124327720138,12.002054063820486,11.968763972081941,0.0332900917385448,0.9800399955022232,0.9801516876764405,60.37239960512347,0.8378804524739584,I_STOKES,K_CMB_to_uK,TMASK,COM_CMB_IQU-sevem_2048_R3.00_full.fits
SEVEM,2,30,2-30,mask_ge_0.95_abs_b_gt_10deg,0.95,10.0,abs_b_gt_10deg,0.25502029787081204,0.25375507815320275,0.0012652197176092894,10.70517169720013,10.652060653001792,0.053111044198338675,0.9669349438123472,0.9672677564535855,41.97772407364667,0.7909393310546875,I_STOKES,K_CMB_to_uK,TMASK,COM_CMB_IQU-sevem_2048_R3.00_full.fits
SEVEM,2,40,2-40,mask_ge_0.95_abs_b_gt_10deg,0.95,10.0,abs_b_gt_10deg,0.24678028650103384,0.2456541254142696,0.001126161086764249,11.319795696653959,11.268138760824767,0.0516569358291914,0.9690708568218986,0.9693569500546996,45.86993498204945,0.7909393310546875,I_STOKES,K_CMB_to_uK,TMASK,COM_CMB_IQU-sevem_2048_R3.00_full.fits
SEVEM,2,64,2-64,mask_ge_0.95_abs_b_gt_10deg,0.95,10.0,abs_b_gt_10deg,0.22636337820457378,0.2255158328681033,0.0008475453364704677,11.925572665290666,11.880921169198961,0.0446514960917046,0.974042813532133,0.9742393917021057,52.683312821533534,0.7909393310546875,I_STOKES,K_CMB_to_uK,TMASK,COM_CMB_IQU-sevem_2048_R3.00_full.fits
SEVEM,2,95,2-95,mask_ge_0.95_abs_b_gt_10deg,0.95,10.0,abs_b_gt_10deg,0.20618192660207318,0.20562195469748945,0.0005599719045837337,12.33290412932611,12.299409050838092,0.03349507848801814,0.978513617531336,0.9786314418172873,59.81564113099184,0.7909393310546875,I_STOKES,K_CMB_to_uK,TMASK,COM_CMB_IQU-sevem_2048_R3.00_full.fits
SEVEM,2,30,2-30,mask_ge_0.95_abs_b_gt_20deg,0.95,20.0,abs_b_gt_20deg,0.2734237374746592,0.2720955537521559,0.0013281837225033177,11.201524994698921,11.147112443314088,0.05441255138483392,0.961893458934663,0.9622700142813242,40.96763908706747,0.6464653015136719,I_STOKES,K_CMB_to_uK,TMASK,COM_CMB_IQU-sevem_2048_R3.00_full.fits
SEVEM,2,40,2-40,mask_ge_0.95_abs_b_gt_20deg,0.95,20.0,abs_b_gt_20deg,0.26225427032440174,0.2610677744953823,0.0011864958290194183,11.755942164766486,11.702755704437601,0.05318646032888452,0.9649987218445992,0.9653203893374153,44.826504255677854,0.6464653015136719,I_STOKES,K_CMB_to_uK,TMASK,COM_CMB_IQU-sevem_2048_R3.00_full.fits
SEVEM,2,64,2-64,mask_ge_0.95_abs_b_gt_20deg,0.95,20.0,abs_b_gt_20deg,0.24157415748166147,0.2407123198037312,0.0008618376779302717,12.548873931624783,12.50410468775112,0.0447692438736631,0.9703823078806655,0.9705964541656967,51.946259742528134,0.6464653015136719,I_STOKES,K_CMB_to_uK,TMASK,COM_CMB_IQU-sevem_2048_R3.00_full.fits
SEVEM,2,95,2-95,mask_ge_0.95_abs_b_gt_20deg,0.95,20.0,abs_b_gt_20deg,0.21998809523879803,0.21942174133487677,0.0005663539039212628,13.00577469796366,12.97229165304836,0.0334830449153003,0.9755025391101126,0.9756300863863392,59.12035687133813,0.6464653015136719,I_STOKES,K_CMB_to_uK,TMASK,COM_CMB_IQU-sevem_2048_R3.00_full.fits
SEVEM,2,30,2-30,mask_ge_0.95_abs_b_gt_30deg,0.95,30.0,abs_b_gt_30deg,0.26382103875167584,0.2624753283960206,0.0013457103556552275,10.347394080695585,10.29461362226693,0.05278045842865531,0.9645712667561123,0.9649383288894178,39.2212619950874,0.4966697692871094,I_STOKES,K_CMB_to_uK,TMASK,COM_CMB_IQU-sevem_2048_R3.00_full.fits
SEVEM,2,40,2-40,mask_ge_0.95_abs_b_gt_30deg,0.95,30.0,abs_b_gt_30deg,0.2561649766735068,0.2549927307454967,0.0011722459280100739,11.087092173431257,11.03635612503561,0.05073604839564716,0.9666329984871355,0.9669428926693673,43.281061749367204,0.4966697692871094,I_STOKES,K_CMB_to_uK,TMASK,COM_CMB_IQU-sevem_2048_R3.00_full.fits
SEVEM,2,64,2-64,mask_ge_0.95_abs_b_gt_30deg,0.95,30.0,abs_b_gt_30deg,0.23888192871433195,0.23808544491534317,0.0007964837989887785,12.098847470763099,12.05850730753366,0.04034016322943934,0.9710486143985062,0.9712442063636413,50.647813904883364,0.4966697692871094,I_STOKES,K_CMB_to_uK,TMASK,COM_CMB_IQU-sevem_2048_R3.00_full.fits
SEVEM,2,95,2-95,mask_ge_0.95_abs_b_gt_30deg,0.95,30.0,abs_b_gt_30deg,0.2186718165964484,0.218214406201996,0.0004574103944524066,12.693441198246752,12.666889482365765,0.026551715880987814,0.9757984601125506,0.9759008510424275,58.04790665672329,0.4966697692871094,I_STOKES,K_CMB_to_uK,TMASK,COM_CMB_IQU-sevem_2048_R3.00_full.fits
SEVEM,2,30,2-30,mask_ge_0.95_abs_b_gt_40deg,0.95,40.0,abs_b_gt_40deg,0.23538187169952468,0.2341835903126327,0.0011982813868919862,9.106263854118216,9.059905711064419,0.04635814305379782,0.9719019161732266,0.9721913530421578,38.68719280872557,0.3572133382161458,I_STOKES,K_CMB_to_uK,TMASK,COM_CMB_IQU-sevem_2048_R3.00_full.fits
SEVEM,2,40,2-40,mask_ge_0.95_abs_b_gt_40deg,0.95,40.0,abs_b_gt_40deg,0.2297976016177626,0.22877519440077118,0.0010224072169914278,9.766043051028435,9.722592323838388,0.043450727190046834,0.9732381578584555,0.9734790007670648,42.498455085153296,0.3572133382161458,I_STOKES,K_CMB_to_uK,TMASK,COM_CMB_IQU-sevem_2048_R3.00_full.fits
SEVEM,2,64,2-64,mask_ge_0.95_abs_b_gt_40deg,0.95,40.0,abs_b_gt_40deg,0.2191085841090797,0.21851302109216517,0.0005955630169145465,10.992771912593007,10.96289225985764,0.0298796527353673,0.9757003961125371,0.9758339485360867,50.17043014216381,0.3572133382161458,I_STOKES,K_CMB_to_uK,TMASK,COM_CMB_IQU-sevem_2048_R3.00_full.fits
SEVEM,2,95,2-95,mask_ge_0.95_abs_b_gt_40deg,0.95,40.0,abs_b_gt_40deg,0.20114338138160406,0.20088064214334472,0.00026273923825934076,11.586553538766669,11.571418851112934,0.015134687653734602,0.9795618055547146,0.9796157197653574,57.603454109111134,0.3572133382161458,I_STOKES,K_CMB_to_uK,TMASK,COM_CMB_IQU-sevem_2048_R3.00_full.fits
SEVEM,2,30,2-30,mask_ge_0.99_no_galactic_cut,0.99,-1.0,no_galactic_cut,0.24828597671003066,0.24707741906040845,0.0012085576496222161,10.607796006156416,10.55616146288197,0.05163454327444583,0.9686865426467154,0.9689955095630113,42.72410446501011,0.8378740946451823,I_STOKES,K_CMB_to_uK,TMASK,COM_CMB_IQU-sevem_2048_R3.00_full.fits
SEVEM,2,40,2-40,mask_ge_0.99_no_galactic_cut,0.99,-1.0,no_galactic_cut,0.2386911227696231,0.2376121144944506,0.0010790082751724883,11.131553198064221,11.081232776102711,0.05032042196151032,0.9710953742003317,0.9713599558523498,46.63580726798975,0.8378740946451823,I_STOKES,K_CMB_to_uK,TMASK,COM_CMB_IQU-sevem_2048_R3.00_full.fits
SEVEM,2,64,2-64,mask_ge_0.99_no_galactic_cut,0.99,-1.0,no_galactic_cut,0.21816797945082458,0.2173352327912033,0.0008327466596212973,11.607776408274605,11.563469553281704,0.04430685499290021,0.9759112229847541,0.976097013173849,53.20568324230649,0.8378740946451823,I_STOKES,K_CMB_to_uK,TMASK,COM_CMB_IQU-sevem_2048_R3.00_full.fits
SEVEM,2,95,2-95,mask_ge_0.99_no_galactic_cut,0.99,-1.0,no_galactic_cut,0.19878609661331628,0.19823472645483256,0.0005513701584837216,12.001059492405286,11.9677723250076,0.033287167397686446,0.9800428864251945,0.9801545617018675,60.37172466719365,0.8378740946451823,I_STOKES,K_CMB_to_uK,TMASK,COM_CMB_IQU-sevem_2048_R3.00_full.fits
SEVEM,2,30,2-30,mask_ge_0.99_abs_b_gt_10deg,0.99,10.0,abs_b_gt_10deg,0.25502029787081204,0.25375507815320275,0.0012652197176092894,10.70517169720013,10.652060653001792,0.053111044198338675,0.9669349438123472,0.9672677564535855,41.97772407364667,0.7909393310546875,I_STOKES,K_CMB_to_uK,TMASK,COM_CMB_IQU-sevem_2048_R3.00_full.fits
SEVEM,2,40,2-40,mask_ge_0.99_abs_b_gt_10deg,0.99,10.0,abs_b_gt_10deg,0.24678028650103384,0.2456541254142696,0.001126161086764249,11.319795696653959,11.268138760824767,0.0516569358291914,0.9690708568218986,0.9693569500546996,45.86993498204945,0.7909393310546875,I_STOKES,K_CMB_to_uK,TMASK,COM_CMB_IQU-sevem_2048_R3.00_full.fits
SEVEM,2,64,2-64,mask_ge_0.99_abs_b_gt_10deg,0.99,10.0,abs_b_gt_10deg,0.22636337820457378,0.2255158328681033,0.0008475453364704677,11.925572665290666,11.880921169198961,0.0446514960917046,0.974042813532133,0.9742393917021057,52.683312821533534,0.7909393310546875,I_STOKES,K_CMB_to_uK,TMASK,COM_CMB_IQU-sevem_2048_R3.00_full.fits
SEVEM,2,95,2-95,mask_ge_0.99_abs_b_gt_10deg,0.99,10.0,abs_b_gt_10deg,0.20618192660207318,0.20562195469748945,0.0005599719045837337,12.33290412932611,12.299409050838092,0.03349507848801814,0.978513617531336,0.9786314418172873,59.81564113099184,0.7909393310546875,I_STOKES,K_CMB_to_uK,TMASK,COM_CMB_IQU-sevem_2048_R3.00_full.fits
SEVEM,2,30,2-30,mask_ge_0.99_abs_b_gt_20deg,0.99,20.0,abs_b_gt_20deg,0.2734237374746592,0.2720955537521559,0.0013281837225033177,11.201524994698921,11.147112443314088,0.05441255138483392,0.961893458934663,0.9622700142813242,40.96763908706747,0.6464653015136719,I_STOKES,K_CMB_to_uK,TMASK,COM_CMB_IQU-sevem_2048_R3.00_full.fits
SEVEM,2,40,2-40,mask_ge_0.99_abs_b_gt_20deg,0.99,20.0,abs_b_gt_20deg,0.26225427032440174,0.2610677744953823,0.0011864958290194183,11.755942164766486,11.702755704437601,0.05318646032888452,0.9649987218445992,0.9653203893374153,44.826504255677854,0.6464653015136719,I_STOKES,K_CMB_to_uK,TMASK,COM_CMB_IQU-sevem_2048_R3.00_full.fits
SEVEM,2,64,2-64,mask_ge_0.99_abs_b_gt_20deg,0.99,20.0,abs_b_gt_20deg,0.24157415748166147,0.2407123198037312,0.0008618376779302717,12.548873931624783,12.50410468775112,0.0447692438736631,0.9703823078806655,0.9705964541656967,51.946259742528134,0.6464653015136719,I_STOKES,K_CMB_to_uK,TMASK,COM_CMB_IQU-sevem_2048_R3.00_full.fits
SEVEM,2,95,2-95,mask_ge_0.99_abs_b_gt_20deg,0.99,20.0,abs_b_gt_20deg,0.21998809523879803,0.21942174133487677,0.0005663539039212628,13.00577469796366,12.97229165304836,0.0334830449153003,0.9755025391101126,0.9756300863863392,59.12035687133813,0.6464653015136719,I_STOKES,K_CMB_to_uK,TMASK,COM_CMB_IQU-sevem_2048_R3.00_full.fits
SEVEM,2,30,2-30,mask_ge_0.99_abs_b_gt_30deg,0.99,30.0,abs_b_gt_30deg,0.26382103875167584,0.2624753283960206,0.0013457103556552275,10.347394080695585,10.29461362226693,0.05278045842865531,0.9645712667561123,0.9649383288894178,39.2212619950874,0.4966697692871094,I_STOKES,K_CMB_to_uK,TMASK,COM_CMB_IQU-sevem_2048_R3.00_full.fits
SEVEM,2,40,2-40,mask_ge_0.99_abs_b_gt_30deg,0.99,30.0,abs_b_gt_30deg,0.2561649766735068,0.2549927307454967,0.0011722459280100739,11.087092173431257,11.03635612503561,0.05073604839564716,0.9666329984871355,0.9669428926693673,43.281061749367204,0.4966697692871094,I_STOKES,K_CMB_to_uK,TMASK,COM_CMB_IQU-sevem_2048_R3.00_full.fits
SEVEM,2,64,2-64,mask_ge_0.99_abs_b_gt_30deg,0.99,30.0,abs_b_gt_30deg,0.23888192871433195,0.23808544491534317,0.0007964837989887785,12.098847470763099,12.05850730753366,0.04034016322943934,0.9710486143985062,0.9712442063636413,50.647813904883364,0.4966697692871094,I_STOKES,K_CMB_to_uK,TMASK,COM_CMB_IQU-sevem_2048_R3.00_full.fits
SEVEM,2,95,2-95,mask_ge_0.99_abs_b_gt_30deg,0.99,30.0,abs_b_gt_30deg,0.2186718165964484,0.218214406201996,0.0004574103944524066,12.693441198246752,12.666889482365765,0.026551715880987814,0.9757984601125506,0.9759008510424275,58.04790665672329,0.4966697692871094,I_STOKES,K_CMB_to_uK,TMASK,COM_CMB_IQU-sevem_2048_R3.00_full.fits
SEVEM,2,30,2-30,mask_ge_0.99_abs_b_gt_40deg,0.99,40.0,abs_b_gt_40deg,0.23538187169952468,0.2341835903126327,0.0011982813868919862,9.106263854118216,9.059905711064419,0.04635814305379782,0.9719019161732266,0.9721913530421578,38.68719280872557,0.3572133382161458,I_STOKES,K_CMB_to_uK,TMASK,COM_CMB_IQU-sevem_2048_R3.00_full.fits
SEVEM,2,40,2-40,mask_ge_0.99_abs_b_gt_40deg,0.99,40.0,abs_b_gt_40deg,0.2297976016177626,0.22877519440077118,0.0010224072169914278,9.766043051028435,9.722592323838388,0.043450727190046834,0.9732381578584555,0.9734790007670648,42.498455085153296,0.3572133382161458,I_STOKES,K_CMB_to_uK,TMASK,COM_CMB_IQU-sevem_2048_R3.00_full.fits
SEVEM,2,64,2-64,mask_ge_0.99_abs_b_gt_40deg,0.99,40.0,abs_b_gt_40deg,0.2191085841090797,0.21851302109216517,0.0005955630169145465,10.992771912593007,10.96289225985764,0.0298796527353673,0.9757003961125371,0.9758339485360867,50.17043014216381,0.3572133382161458,I_STOKES,K_CMB_to_uK,TMASK,COM_CMB_IQU-sevem_2048_R3.00_full.fits
SEVEM,2,95,2-95,mask_ge_0.99_abs_b_gt_40deg,0.99,40.0,abs_b_gt_40deg,0.20114338138160406,0.20088064214334472,0.00026273923825934076,11.586553538766669,11.571418851112934,0.015134687653734602,0.9795618055547146,0.9796157197653574,57.603454109111134,0.3572133382161458,I_STOKES,K_CMB_to_uK,TMASK,COM_CMB_IQU-sevem_2048_R3.00_full.fits
COMMANDER,2,30,2-30,mask_ge_0.50_no_galactic_cut,0.5,-1.0,no_galactic_cut,0.23615839605477498,0.234984009458601,0.0011743865961739708,10.294383668054264,10.243190966894357,0.05119270115990737,0.9717144484867465,0.971999112721003,43.59101281186957,0.8879966735839844,I_STOKES,K_CMB_to_uK,TMASK,COM_CMB_IQU-commander_2048_R3.00_full.fits
COMMANDER,2,40,2-40,mask_ge_0.50_no_galactic_cut,0.5,-1.0,no_galactic_cut,0.22819781190516192,0.22715122995692555,0.0010465819482363692,10.826395437826607,10.776742419968544,0.049653017858062753,0.9736147105235192,0.9738594180092698,47.44302913091039,0.8879966735839844,I_STOKES,K_CMB_to_uK,TMASK,COM_CMB_IQU-commander_2048_R3.00_full.fits
COMMANDER,2,64,2-64,mask_ge_0.50_no_galactic_cut,0.5,-1.0,no_galactic_cut,0.20896384467877707,0.20815352853187521,0.0008103161469018572,11.275351283054231,11.23162793358823,0.04372334946600098,0.9779233433046837,0.9780961418392231,53.958383568156975,0.8879966735839844,I_STOKES,K_CMB_to_uK,TMASK,COM_CMB_IQU-commander_2048_R3.00_full.fits
COMMANDER,2,95,2-95,mask_ge_0.50_no_galactic_cut,0.5,-1.0,no_galactic_cut,0.19049167428240393,0.1899413847201803,0.0005502895622236381,11.617879287397496,11.584317727654202,0.03356155974329411,0.981688790597912,0.981795411560073,60.988908471527154,0.8879966735839844,I_STOKES,K_CMB_to_uK,TMASK,COM_CMB_IQU-commander_2048_R3.00_full.fits
COMMANDER,2,30,2-30,mask_ge_0.50_abs_b_gt_10deg,0.5,10.0,abs_b_gt_10deg,0.24764808949522824,0.24640163282342614,0.001246456671802093,10.470380426334286,10.417681148236435,0.05269927809785102,0.9688494224784149,0.9691671823079492,42.279269941777734,0.8131891886393229,I_STOKES,K_CMB_to_uK,TMASK,COM_CMB_IQU-commander_2048_R3.00_full.fits
COMMANDER,2,40,2-40,mask_ge_0.50_abs_b_gt_10deg,0.5,10.0,abs_b_gt_10deg,0.24015717210830315,0.23905069111345656,0.001106480994846587,11.081402865875566,11.030347294394234,0.05105557148133144,0.9707337162269791,0.9710067907023018,46.14229410095739,0.8131891886393229,I_STOKES,K_CMB_to_uK,TMASK,COM_CMB_IQU-commander_2048_R3.00_full.fits
COMMANDER,2,64,2-64,mask_ge_0.50_abs_b_gt_10deg,0.5,10.0,abs_b_gt_10deg,0.2206770200681645,0.2198467874005659,0.0008302326675986016,11.679155837110265,11.635216433256847,0.04393940385341821,0.975346885195706,0.975534358449521,52.924204946680504,0.8131891886393229,I_STOKES,K_CMB_to_uK,TMASK,COM_CMB_IQU-commander_2048_R3.00_full.fits
COMMANDER,2,95,2-95,mask_ge_0.50_abs_b_gt_10deg,0.5,10.0,abs_b_gt_10deg,0.20120167698442706,0.20065413235716026,0.000547544627266805,12.072802773475026,12.039948185015609,0.03285458845941669,0.9795497983382231,0.9796621059510338,60.00348980396151,0.8131891886393229,I_STOKES,K_CMB_to_uK,TMASK,COM_CMB_IQU-commander_2048_R3.00_full.fits
COMMANDER,2,30,2-30,mask_ge_0.50_abs_b_gt_20deg,0.5,20.0,abs_b_gt_20deg,0.2683095311432193,0.26698399825334357,0.0013255328898757468,11.073700300609852,11.018992762273282,0.054707538336570494,0.9633326374817821,0.9637008466504532,41.272109318766205,0.6550153096516927,I_STOKES,K_CMB_to_uK,TMASK,COM_CMB_IQU-commander_2048_R3.00_full.fits
COMMANDER,2,40,2-40,mask_ge_0.50_abs_b_gt_20deg,0.5,20.0,abs_b_gt_20deg,0.2572261695066356,0.2560408450366041,0.0011853244700315013,11.600624134198538,11.547167272945746,0.053456861252792365,0.966351221056028,0.9666659560204937,45.098926584525756,0.6550153096516927,I_STOKES,K_CMB_to_uK,TMASK,COM_CMB_IQU-commander_2048_R3.00_full.fits
COMMANDER,2,64,2-64,mask_ge_0.50_abs_b_gt_20deg,0.5,20.0,abs_b_gt_20deg,0.23709820078086802,0.2362363994761932,0.0008618013046748085,12.36896564134808,12.324007093826062,0.04495854752201822,0.9714856793555054,0.9716956034167518,52.168112624269895,0.6550153096516927,I_STOKES,K_CMB_to_uK,TMASK,COM_CMB_IQU-commander_2048_R3.00_full.fits
COMMANDER,2,95,2-95,mask_ge_0.50_abs_b_gt_20deg,0.5,20.0,abs_b_gt_20deg,0.21601463596250522,0.21544308499415699,0.0005715509683482389,12.807121972568153,12.773235736422349,0.033886236145804105,0.9763901229764953,0.9765163963547449,59.28821403930774,0.6550153096516927,I_STOKES,K_CMB_to_uK,TMASK,COM_CMB_IQU-commander_2048_R3.00_full.fits
COMMANDER,2,30,2-30,mask_ge_0.50_abs_b_gt_30deg,0.5,30.0,abs_b_gt_30deg,0.2635747766887811,0.26222571305498393,0.001349063633797165,10.421725488055149,10.368383620392473,0.05334186766267557,0.9646384824611695,0.9650060879153356,39.53991963487735,0.4991658528645833,I_STOKES,K_CMB_to_uK,TMASK,COM_CMB_IQU-commander_2048_R3.00_full.fits
COMMANDER,2,40,2-40,mask_ge_0.50_abs_b_gt_30deg,0.5,30.0,abs_b_gt_30deg,0.2553909546606477,0.25421059760659426,0.0011803570540534492,11.124365856463953,11.072951648282634,0.0514142081813187,0.9668377830634569,0.9671488055286975,43.55818267426708,0.4991658528645833,I_STOKES,K_CMB_to_uK,TMASK,COM_CMB_IQU-commander_2048_R3.00_full.fits
COMMANDER,2,64,2-64,mask_ge_0.50_abs_b_gt_30deg,0.5,30.0,abs_b_gt_30deg,0.23763637167642934,0.23682718823732657,0.000809183439102773,12.094568603890227,12.053384989831828,0.04118361405839899,0.9713541631488238,0.9715517683710136,50.895275494100055,0.4991658528645833,I_STOKES,K_CMB_to_uK,TMASK,COM_CMB_IQU-commander_2048_R3.00_full.fits
COMMANDER,2,95,2-95,mask_ge_0.50_abs_b_gt_30deg,0.5,30.0,abs_b_gt_30deg,0.2172994798174571,0.21682492346100177,0.00047455635645532457,12.663509312977464,12.635853706785708,0.027655606191755666,0.9761049728893348,0.9762104971125684,58.276758525218156,0.4991658528645833,I_STOKES,K_CMB_to_uK,TMASK,COM_CMB_IQU-commander_2048_R3.00_full.fits
COMMANDER,2,30,2-30,mask_ge_0.50_abs_b_gt_40deg,0.5,40.0,abs_b_gt_40deg,0.2325143587973622,0.23132196480272565,0.0011923939946365536,9.031283399467126,8.984968633595955,0.04631476587117156,0.972591817249093,0.9728761182389896,38.841830870918166,0.35765838623046875,I_STOKES,K_CMB_to_uK,TMASK,COM_CMB_IQU-commander_2048_R3.00_full.fits
COMMANDER,2,40,2-40,mask_ge_0.50_abs_b_gt_40deg,0.5,40.0,abs_b_gt_40deg,0.2267893622273484,0.22576941338283385,0.0010199488445145621,9.666554602216808,9.623080820641972,0.04347378157483561,0.973943509479796,0.9741804514933589,42.623492157125185,0.35765838623046875,I_STOKES,K_CMB_to_uK,TMASK,COM_CMB_IQU-commander_2048_R3.00_full.fits
COMMANDER,2,64,2-64,mask_ge_0.50_abs_b_gt_40deg,0.5,40.0,abs_b_gt_40deg,0.21632815579752243,0.21573393246244268,0.0005942233350797466,10.8759737352588,10.846098949143329,0.029874786115470897,0.9763205627535321,0.9764520388678031,50.27534994306719,0.35765838623046875,I_STOKES,K_CMB_to_uK,TMASK,COM_CMB_IQU-commander_2048_R3.00_full.fits
COMMANDER,2,95,2-95,mask_ge_0.50_abs_b_gt_40deg,0.5,40.0,abs_b_gt_40deg,0.1987991579161592,0.19854170210721603,0.00025745580894318,11.479252024406552,11.464385763668906,0.014866260737646186,0.9800402308865487,0.9800924201186019,57.742961010165686,0.35765838623046875,I_STOKES,K_CMB_to_uK,TMASK,COM_CMB_IQU-commander_2048_R3.00_full.fits
COMMANDER,2,30,2-30,mask_ge_0.70_no_galactic_cut,0.7,-1.0,no_galactic_cut,0.2362041107970898,0.23502820505265465,0.0011759057444351573,10.2828839103723,10.23169215837966,0.05119175199263992,0.9717033122019136,0.9719884025144043,43.53389056469796,0.8855260213216146,I_STOKES,K_CMB_to_uK,TMASK,COM_CMB_IQU-commander_2048_R3.00_full.fits
COMMANDER,2,40,2-40,mask_ge_0.70_no_galactic_cut,0.7,-1.0,no_galactic_cut,0.2282375288831849,0.22718990993073898,0.0010476189524459278,10.815946625519315,10.76630101846695,0.04964560705236565,0.9736053903930527,0.9738503849228259,47.38899285513674,0.8855260213216146,I_STOKES,K_CMB_to_uK,TMASK,COM_CMB_IQU-commander_2048_R3.00_full.fits
COMMANDER,2,64,2-64,mask_ge_0.70_no_galactic_cut,0.7,-1.0,no_galactic_cut,0.20897619868933015,0.20816582429744734,0.0008103743918828066,11.266530746958443,11.222841044207803,0.043689702750640436,0.9779207024801247,0.978093524119398,53.91298539077927,0.8855260213216146,I_STOKES,K_CMB_to_uK,TMASK,COM_CMB_IQU-commander_2048_R3.00_full.fits
COMMANDER,2,95,2-95,mask_ge_0.70_no_galactic_cut,0.7,-1.0,no_galactic_cut,0.19051241423960627,0.18996304710603668,0.0005493671335695949,11.61110879246106,11.577626661754048,0.03348213070701256,0.9816847674390912,0.9817912219769092,60.94673063067607,0.8855260213216146,I_STOKES,K_CMB_to_uK,TMASK,COM_CMB_IQU-commander_2048_R3.00_full.fits
COMMANDER,2,30,2-30,mask_ge_0.70_abs_b_gt_10deg,0.7,10.0,abs_b_gt_10deg,0.24788368658616092,0.24663603611907728,0.0012476504670836386,10.475950760214191,10.423223107825564,0.05272765238862753,0.9687891325923268,0.9691075194167815,42.261557847909835,0.812066396077474,I_STOKES,K_CMB_to_uK,TMASK,COM_CMB_IQU-commander_2048_R3.00_full.fits
COMMANDER,2,40,2-40,mask_ge_0.70_abs_b_gt_10deg,0.7,10.0,abs_b_gt_10deg,0.24033975282511424,0.23923197641167332,0.0011077764134409251,11.084928250054555,11.033835486931714,0.05109276312284017,0.9706885012299179,0.9709621159071417,46.12190917130808,0.812066396077474,I_STOKES,K_CMB_to_uK,TMASK,COM_CMB_IQU-commander_2048_R3.00_full.fits
COMMANDER,2,64,2-64,mask_ge_0.70_abs_b_gt_10deg,0.7,10.0,abs_b_gt_10deg,0.22083661060336837,0.22000534550397335,0.0008312650993950177,11.683029453403822,11.63905262087916,0.04397683252466322,0.9753107570445211,0.9754986059602935,52.90349920460889,0.812066396077474,I_STOKES,K_CMB_to_uK,TMASK,COM_CMB_IQU-commander_2048_R3.00_full.fits
COMMANDER,2,95,2-95,mask_ge_0.70_abs_b_gt_10deg,0.7,10.0,abs_b_gt_10deg,0.20132912886953783,0.20078046693620646,0.0005486619333313625,12.075908849825693,12.042999595544003,0.032909254281689115,0.9795236091149627,0.9796362199730207,59.980932305384066,0.812066396077474,I_STOKES,K_CMB_to_uK,TMASK,COM_CMB_IQU-commander_2048_R3.00_full.fits
COMMANDER,2,30,2-30,mask_ge_0.70_abs_b_gt_20deg,0.7,20.0,abs_b_gt_20deg,0.2684072195961645,0.267081411135661,0.001325808460503508,11.073827542447107,11.019127917496547,0.05469962495056002,0.9633054109377777,0.9636738413800107,41.257562144223904,0.6547228495279948,I_STOKES,K_CMB_to_uK,TMASK,COM_CMB_IQU-commander_2048_R3.00_full.fits
COMMANDER,2,40,2-40,mask_ge_0.70_abs_b_gt_20deg,0.7,20.0,abs_b_gt_20deg,0.25730563780560994,0.2561200347114788,0.0011856030941311269,11.600145485281212,11.546694777799589,0.05345070748162328,0.9663300615104812,0.9666449746611419,45.08313764210999,0.6547228495279948,I_STOKES,K_CMB_to_uK,TMASK,COM_CMB_IQU-commander_2048_R3.00_full.fits
COMMANDER,2,64,2-64,mask_ge_0.70_abs_b_gt_20deg,0.7,20.0,abs_b_gt_20deg,0.23717275694007903,0.2363107499329308,0.0008620070071482244,12.368813431497617,12.323858842338147,0.04495458915947026,0.9714674769986743,0.9716775211687391,52.15107161157873,0.6547228495279948,I_STOKES,K_CMB_to_uK,TMASK,COM_CMB_IQU-commander_2048_R3.00_full.fits
COMMANDER,2,95,2-95,mask_ge_0.70_abs_b_gt_20deg,0.7,20.0,abs_b_gt_20deg,0.216085323939512,0.2155137733884277,0.0005715505510842933,12.807576162094819,12.7736998345403,0.03387632755451797,0.9763744808335746,0.9765007975196014,59.270920988970076,0.6547228495279948,I_STOKES,K_CMB_to_uK,TMASK,COM_CMB_IQU-commander_2048_R3.00_full.fits
COMMANDER,2,30,2-30,mask_ge_0.70_abs_b_gt_30deg,0.7,30.0,abs_b_gt_30deg,0.26353351996544666,0.2621847339578441,0.001348786007602576,10.417538713346609,10.364220902192786,0.05331781115382306,0.9646497520378229,0.9650172201190317,39.53022262485816,0.4990832010904948,I_STOKES,K_CMB_to_uK,TMASK,COM_CMB_IQU-commander_2048_R3.00_full.fits
COMMANDER,2,40,2-40,mask_ge_0.70_abs_b_gt_30deg,0.7,30.0,abs_b_gt_30deg,0.25533219782493954,0.25415196033866616,0.0011802374862733833,11.118470406843556,11.067076827514502,0.05139357932905497,0.9668533006543925,0.9671642150115496,43.54511691653782,0.4990832010904948,I_STOKES,K_CMB_to_uK,TMASK,COM_CMB_IQU-commander_2048_R3.00_full.fits
COMMANDER,2,64,2-64,mask_ge_0.70_abs_b_gt_30deg,0.7,30.0,abs_b_gt_30deg,0.23758533739523136,0.2367763531195226,0.0008089842757087462,12.088787010134437,12.04762437480176,0.041162635332677056,0.9713666458262029,0.971564157475281,50.88187319415392,0.4990832010904948,I_STOKES,K_CMB_to_uK,TMASK,COM_CMB_IQU-commander_2048_R3.00_full.fits
COMMANDER,2,95,2-95,mask_ge_0.70_abs_b_gt_30deg,0.7,30.0,abs_b_gt_30deg,0.21727508860210304,0.2168011779839152,0.0004739106181878283,12.65935846882358,12.63174644741597,0.027612021407609433,0.9761104025066247,0.9762157708784884,58.26419655502581,0.4990832010904948,I_STOKES,K_CMB_to_uK,TMASK,COM_CMB_IQU-commander_2048_R3.00_full.fits
COMMANDER,2,30,2-30,mask_ge_0.70_abs_b_gt_40deg,0.7,40.0,abs_b_gt_40deg,0.2324850619598452,0.23129282585884564,0.0011922361009995552,9.030433748744024,8.98412363732363,0.046310111420392985,0.9725988150340302,0.9728830405920691,38.843070916546715,0.3576342264811198,I_STOKES,K_CMB_to_uK,TMASK,COM_CMB_IQU-commander_2048_R3.00_full.fits
COMMANDER,2,40,2-40,mask_ge_0.70_abs_b_gt_40deg,0.7,40.0,abs_b_gt_40deg,0.2267463115537112,0.2257264028184261,0.0010199087352850966,9.664702301496973,9.62123030747121,0.043471994025763294,0.9739535320844106,0.9741904173036265,42.623415725144525,0.3576342264811198,I_STOKES,K_CMB_to_uK,TMASK,COM_CMB_IQU-commander_2048_R3.00_full.fits
COMMANDER,2,64,2-64,mask_ge_0.70_abs_b_gt_40deg,0.7,40.0,abs_b_gt_40deg,0.21629458042872857,0.21570044933926807,0.0005941310894604923,10.8742609282426,10.844390847912486,0.029870080330114845,0.9763280006781485,0.9764594349866742,50.27523531420977,0.3576342264811198,I_STOKES,K_CMB_to_uK,TMASK,COM_CMB_IQU-commander_2048_R3.00_full.fits
COMMANDER,2,95,2-95,mask_ge_0.70_abs_b_gt_40deg,0.7,40.0,abs_b_gt_40deg,0.1987671999507855,0.19850979303581345,0.00025740691497205814,11.477168008996752,11.462304880620726,0.014863128376026324,0.9800467133463279,0.9800988839343326,57.741760269493575,0.3576342264811198,I_STOKES,K_CMB_to_uK,TMASK,COM_CMB_IQU-commander_2048_R3.00_full.fits
COMMANDER,2,30,2-30,mask_ge_0.80_no_galactic_cut,0.8,-1.0,no_galactic_cut,0.2362267200933886,0.23504997996107505,0.0011767401323135585,10.276392272603672,10.225201436961587,0.051190835642085375,0.9716977926484809,0.9719831139419054,43.50224338949065,0.884131113688151,I_STOKES,K_CMB_to_uK,TMASK,COM_CMB_IQU-commander_2048_R3.00_full.fits
COMMANDER,2,40,2-40,mask_ge_0.80_no_galactic_cut,0.8,-1.0,no_galactic_cut,0.22825980425538098,0.22721149701129958,0.0010483072440813923,10.810293953287264,10.760646537270025,0.049647416017238655,0.973600153146106,0.9738453336829795,47.359604064115125,0.884131113688151,I_STOKES,K_CMB_to_uK,TMASK,COM_CMB_IQU-commander_2048_R3.00_full.fits
COMMANDER,2,64,2-64,mask_ge_0.80_no_galactic_cut,0.8,-1.0,no_galactic_cut,0.20898170830455215,0.2081710100096067,0.0008106982949454555,11.261501262110588,11.21781475985263,0.04368650225795889,0.9779195217460199,0.9780924171222731,53.88749739617898,0.884131113688151,I_STOKES,K_CMB_to_uK,TMASK,COM_CMB_IQU-commander_2048_R3.00_full.fits
COMMANDER,2,95,2-95,mask_ge_0.80_no_galactic_cut,0.8,-1.0,no_galactic_cut,0.1905217544336552,0.18997256202641313,0.0005491924072420773,11.607000720349594,11.573542721364555,0.033457998985038984,0.9816829532387579,0.9817893793995681,60.92218053971083,0.884131113688151,I_STOKES,K_CMB_to_uK,TMASK,COM_CMB_IQU-commander_2048_R3.00_full.fits
COMMANDER,2,30,2-30,mask_ge_0.80_abs_b_gt_10deg,0.8,10.0,abs_b_gt_10deg,0.24799908351547711,0.24675098081025063,0.0012481027052264893,10.47856821242778,10.425832818621313,0.052735393806466746,0.9687595698130547,0.9690782303595893,42.25244732315244,0.811407725016276,I_STOKES,K_CMB_to_uK,TMASK,COM_CMB_IQU-commander_2048_R3.00_full.fits
COMMANDER,2,40,2-40,mask_ge_0.80_abs_b_gt_10deg,0.8,10.0,abs_b_gt_10deg,0.2404321163608231,0.23932374212479737,0.001108374236025722,11.086759662395304,11.035650522082422,0.05110914031288161,0.9706656022334936,0.9709394763337506,46.11180831498026,0.811407725016276,I_STOKES,K_CMB_to_uK,TMASK,COM_CMB_IQU-commander_2048_R3.00_full.fits
COMMANDER,2,64,2-64,mask_ge_0.80_abs_b_gt_10deg,0.8,10.0,abs_b_gt_10deg,0.22089965636314113,0.22006758930131382,0.0008320670618273129,11.683844612740522,11.639834846415726,0.04400976632479647,0.9752964735406868,0.9754845598997235,52.89209048624878,0.811407725016276,I_STOKES,K_CMB_to_uK,TMASK,COM_CMB_IQU-commander_2048_R3.00_full.fits
COMMANDER,2,95,2-95,mask_ge_0.80_abs_b_gt_10deg,0.8,10.0,abs_b_gt_10deg,0.20137952609435356,0.20083015183926858,0.0005493742550849723,12.076595258468675,12.043649652464143,0.03294560600453167,0.9795132461825494,0.9796260325059954,59.96933001426548,0.811407725016276,I_STOKES,K_CMB_to_uK,TMASK,COM_CMB_IQU-commander_2048_R3.00_full.fits
COMMANDER,2,30,2-30,mask_ge_0.80_abs_b_gt_20deg,0.8,20.0,abs_b_gt_20deg,0.26838412227405184,0.26705815498221336,0.0013259672918384813,11.070859118382893,11.016162898058287,0.054696220324606415,0.9633118416217756,0.963680281890732,41.250052441918456,0.6545422871907552,I_STOKES,K_CMB_to_uK,TMASK,COM_CMB_IQU-commander_2048_R3.00_full.fits
COMMANDER,2,40,2-40,mask_ge_0.80_abs_b_gt_20deg,0.8,20.0,abs_b_gt_20deg,0.25729430822009236,0.2561087030933004,0.0011856051267919443,11.598316507301876,11.54487178243276,0.053444724869116556,0.9663330768966198,0.966647975719422,45.07801430795954,0.6545422871907552,I_STOKES,K_CMB_to_uK,TMASK,COM_CMB_IQU-commander_2048_R3.00_full.fits
COMMANDER,2,64,2-64,mask_ge_0.80_abs_b_gt_20deg,0.8,20.0,abs_b_gt_20deg,0.23715421360256186,0.23629211105899506,0.0008621025435668062,12.366340339022312,12.321386242281065,0.04495409674124673,0.9714720031940868,0.9716820531733674,52.14472115493007,0.6545422871907552,I_STOKES,K_CMB_to_uK,TMASK,COM_CMB_IQU-commander_2048_R3.00_full.fits
COMMANDER,2,95,2-95,mask_ge_0.80_abs_b_gt_20deg,0.8,20.0,abs_b_gt_20deg,0.21607819041413398,0.21550694206208287,0.0005712483520511069,12.806346500783052,12.772490217923838,0.03385628285921349,0.9763760591982819,0.9765023048136589,59.267186920801656,0.6545422871907552,I_STOKES,K_CMB_to_uK,TMASK,COM_CMB_IQU-commander_2048_R3.00_full.fits
COMMANDER,2,30,2-30,mask_ge_0.80_abs_b_gt_30deg,0.8,30.0,abs_b_gt_30deg,0.26335328734278296,0.2620047465800827,0.0013485407627002455,10.409051930801626,10.355750789314529,0.05330114148709697,0.9646989784553457,0.9650661092516203,39.52505030724417,0.4990374247233073,I_STOKES,K_CMB_to_uK,TMASK,COM_CMB_IQU-commander_2048_R3.00_full.fits
COMMANDER,2,40,2-40,mask_ge_0.80_abs_b_gt_30deg,0.8,30.0,abs_b_gt_30deg,0.2551620882986643,0.25398210919210057,0.0011799791065637555,11.109586901340961,11.058211399151181,0.05137550218977971,0.9668982087864619,0.9672088332772687,43.53933209833788,0.4990374247233073,I_STOKES,K_CMB_to_uK,TMASK,COM_CMB_IQU-commander_2048_R3.00_full.fits
COMMANDER,2,64,2-64,mask_ge_0.80_abs_b_gt_30deg,0.8,30.0,abs_b_gt_30deg,0.23744403621854085,0.23663546857755724,0.0008085676409836096,12.080145639113768,12.039009146415477,0.041136492698290894,0.9714011950351844,0.9715984805405047,50.87575932206331,0.4990374247233073,I_STOKES,K_CMB_to_uK,TMASK,COM_CMB_IQU-commander_2048_R3.00_full.fits
COMMANDER,2,95,2-95,mask_ge_0.80_abs_b_gt_30deg,0.8,30.0,abs_b_gt_30deg,0.21716085778751296,0.2166876224189177,0.00047323536859525395,12.651609482309015,12.624039186549075,0.027570295759939967,0.9761358222065348,0.976240982504114,58.25916148612901,0.4990374247233073,I_STOKES,K_CMB_to_uK,TMASK,COM_CMB_IQU-commander_2048_R3.00_full.fits
COMMANDER,2,30,2-30,mask_ge_0.80_abs_b_gt_40deg,0.8,40.0,abs_b_gt_40deg,0.23240029159293216,0.23120821094636868,0.0011920806465634814,9.027498929974895,8.981193020943829,0.046305909031065795,0.97261907595402,0.9729031547533515,38.84461102909151,0.35761769612630206,I_STOKES,K_CMB_to_uK,TMASK,COM_CMB_IQU-commander_2048_R3.00_full.fits
COMMANDER,2,40,2-40,mask_ge_0.80_abs_b_gt_40deg,0.8,40.0,abs_b_gt_40deg,0.22663446052465955,0.2256144996437906,0.0010199608808689475,9.659862386016565,9.616388495393288,0.043473890623277,0.9739795636536369,0.9742163375393142,42.62309608015458,0.35761769612630206,I_STOKES,K_CMB_to_uK,TMASK,COM_CMB_IQU-commander_2048_R3.00_full.fits
COMMANDER,2,64,2-64,mask_ge_0.80_abs_b_gt_40deg,0.8,40.0,abs_b_gt_40deg,0.2161899914061573,0.215595857520324,0.0005941338858332923,10.868730096842425,10.838860625066655,0.02986947177577015,0.9763511643537852,0.9764825325315134,50.27397441550975,0.35761769612630206,I_STOKES,K_CMB_to_uK,TMASK,COM_CMB_IQU-commander_2048_R3.00_full.fits
COMMANDER,2,95,2-95,mask_ge_0.80_abs_b_gt_40deg,0.8,40.0,abs_b_gt_40deg,0.19867440323784089,0.19841713298804273,0.00025727024979815827,11.471544572604705,11.456689678921036,0.01485489368366899,0.980065528824662,0.9801176463743734,57.74042546825557,0.35761769612630206,I_STOKES,K_CMB_to_uK,TMASK,COM_CMB_IQU-commander_2048_R3.00_full.fits
COMMANDER,2,30,2-30,mask_ge_0.90_no_galactic_cut,0.9,-1.0,no_galactic_cut,0.2362720584106281,0.23509474834058372,0.001177310070044374,10.271731442811863,10.22054886563468,0.05118257717718322,0.9716867474745328,0.97197226497234,43.47416919253375,0.882696787516276,I_STOKES,K_CMB_to_uK,TMASK,COM_CMB_IQU-commander_2048_R3.00_full.fits
COMMANDER,2,40,2-40,mask_ge_0.90_no_galactic_cut,0.9,-1.0,no_galactic_cut,0.22826071378882498,0.22721175052699952,0.001048963261825464,10.803815980979227,10.754167463442151,0.049648517537075776,0.9735999286866192,0.9738452634209002,47.33103564625825,0.882696787516276,I_STOKES,K_CMB_to_uK,TMASK,COM_CMB_IQU-commander_2048_R3.00_full.fits
COMMANDER,2,64,2-64,mask_ge_0.90_no_galactic_cut,0.9,-1.0,no_galactic_cut,0.2089756136807058,0.20816514235475816,0.000810471325947637,11.257010986878306,11.213352856343123,0.043658130535183304,0.9779208229270793,0.9780936647259724,53.86758190875761,0.882696787516276,I_STOKES,K_CMB_to_uK,TMASK,COM_CMB_IQU-commander_2048_R3.00_full.fits
COMMANDER,2,95,2-95,mask_ge_0.90_no_galactic_cut,0.9,-1.0,no_galactic_cut,0.1905160770762944,0.18996780689090206,0.00054827018539233,11.603770551771433,11.570377037012456,0.033393514758977005,0.9816840549567839,0.9817902993814146,60.907041179126146,0.882696787516276,I_STOKES,K_CMB_to_uK,TMASK,COM_CMB_IQU-commander_2048_R3.00_full.fits
COMMANDER,2,30,2-30,mask_ge_0.90_abs_b_gt_10deg,0.9,10.0,abs_b_gt_10deg,0.24807493079465545,0.24682648020092957,0.001248450593725886,10.479379780670305,10.426641731456108,0.05273804921419689,0.9687401245674091,0.9690589780609856,42.24280037931214,0.810675303141276,I_STOKES,K_CMB_to_uK,TMASK,COM_CMB_IQU-commander_2048_R3.00_full.fits
COMMANDER,2,40,2-40,mask_ge_0.90_abs_b_gt_10deg,0.9,10.0,abs_b_gt_10deg,0.24046606642278398,0.23935709707035285,0.0011089693524311273,11.085265267131216,11.034142796390567,0.05112247074064946,0.97065717131199,0.9709312334503251,46.09908346752453,0.810675303141276,I_STOKES,K_CMB_to_uK,TMASK,COM_CMB_IQU-commander_2048_R3.00_full.fits
COMMANDER,2,64,2-64,mask_ge_0.90_abs_b_gt_10deg,0.9,10.0,abs_b_gt_10deg,0.22093203881046297,0.2200998622584092,0.0008321765520537816,11.683578983682821,11.63957087817382,0.04400810550900047,0.9752891343231358,0.975477274455146,52.88313567642461,0.810675303141276,I_STOKES,K_CMB_to_uK,TMASK,COM_CMB_IQU-commander_2048_R3.00_full.fits
COMMANDER,2,95,2-95,mask_ge_0.90_abs_b_gt_10deg,0.9,10.0,abs_b_gt_10deg,0.20139866640867485,0.20084932887768756,0.0005493375309872928,12.076293818404483,12.043354367771688,0.0329394506327958,0.9795093089418476,0.9796220989337286,59.962133979077436,0.810675303141276,I_STOKES,K_CMB_to_uK,TMASK,COM_CMB_IQU-commander_2048_R3.00_full.fits
COMMANDER,2,30,2-30,mask_ge_0.90_abs_b_gt_20deg,0.9,20.0,abs_b_gt_20deg,0.26835547792224307,0.26702953226605547,0.0013259456561875993,11.066534210418869,11.011854413758977,0.05467979665989198,0.9633198088102849,0.9636882007520892,41.23833914665023,0.6543248494466146,I_STOKES,K_CMB_to_uK,TMASK,COM_CMB_IQU-commander_2048_R3.00_full.fits
COMMANDER,2,40,2-40,mask_ge_0.90_abs_b_gt_20deg,0.9,20.0,abs_b_gt_20deg,0.2572626519059618,0.25607703233566387,0.0011856195702979466,11.593379078452303,11.539949880628747,0.05342919782355615,0.9663415014756671,0.9666563625871416,45.064369011830266,0.6543248494466146,I_STOKES,K_CMB_to_uK,TMASK,COM_CMB_IQU-commander_2048_R3.00_full.fits
COMMANDER,2,64,2-64,mask_ge_0.90_abs_b_gt_20deg,0.9,20.0,abs_b_gt_20deg,0.23714074558350812,0.23627897120812916,0.0008617743753789597,12.362968594560149,12.31804131092447,0.04492728363567977,0.9714752876221456,0.9716852451672624,52.13346430255943,0.6543248494466146,I_STOKES,K_CMB_to_uK,TMASK,COM_CMB_IQU-commander_2048_R3.00_full.fits
COMMANDER,2,95,2-95,mask_ge_0.90_abs_b_gt_20deg,0.9,20.0,abs_b_gt_20deg,0.21606765052861096,0.2154970685637764,0.00057058196483456,12.803678115423361,12.76986672441534,0.033811391008020664,0.9763783904084948,0.9765044825039243,59.25772823511098,0.6543248494466146,I_STOKES,K_CMB_to_uK,TMASK,COM_CMB_IQU-commander_2048_R3.00_full.fits
COMMANDER,2,30,2-30,mask_ge_0.90_abs_b_gt_30deg,0.9,30.0,abs_b_gt_30deg,0.2632616237831704,0.2619133095800472,0.001348314203123202,10.40340506816524,10.350123246786657,0.05328182137858306,0.9647239946881603,0.9650909264240771,39.517362685317835,0.4989636739095052,I_STOKES,K_CMB_to_uK,TMASK,COM_CMB_IQU-commander_2048_R3.00_full.fits
COMMANDER,2,40,2-40,mask_ge_0.90_abs_b_gt_30deg,0.9,30.0,abs_b_gt_30deg,0.25505638961226434,0.2538764466170278,0.0011799429952365492,11.102174082404108,11.050813155668088,0.05136092673602022,0.9669260949728046,0.9672365720946612,43.528311912834596,0.4989636739095052,I_STOKES,K_CMB_to_uK,TMASK,COM_CMB_IQU-commander_2048_R3.00_full.fits
COMMANDER,2,64,2-64,mask_ge_0.90_abs_b_gt_30deg,0.9,30.0,abs_b_gt_30deg,0.23737981377075543,0.2365718075022549,0.0008080062685005274,12.07503415218029,12.033932496852756,0.04110165532753385,0.9714168900061536,0.9716139822011611,50.86799067018184,0.4989636739095052,I_STOKES,K_CMB_to_uK,TMASK,COM_CMB_IQU-commander_2048_R3.00_full.fits
COMMANDER,2,95,2-95,mask_ge_0.90_abs_b_gt_30deg,0.9,30.0,abs_b_gt_30deg,0.21712578607872218,0.21665364594360398,0.0004721401351182042,12.648488306437617,12.620984162015649,0.027504144421968135,0.9761436237390027,0.9762485231373529,58.25419695591439,0.4989636739095052,I_STOKES,K_CMB_to_uK,TMASK,COM_CMB_IQU-commander_2048_R3.00_full.fits
COMMANDER,2,30,2-30,mask_ge_0.90_abs_b_gt_40deg,0.9,40.0,abs_b_gt_40deg,0.2323796665575209,0.23118769936076425,0.0011919671967566547,9.027225194908226,8.980920987360866,0.046304207547359866,0.9726239917191531,0.9729080169780172,38.846880747518924,0.3575884501139323,I_STOKES,K_CMB_to_uK,TMASK,COM_CMB_IQU-commander_2048_R3.00_full.fits
COMMANDER,2,40,2-40,mask_ge_0.90_abs_b_gt_40deg,0.9,40.0,abs_b_gt_40deg,0.22660428890481057,0.2255843492853969,0.0010199396194136845,9.658938021684614,9.615463409542937,0.04347461214167758,0.973986580071818,0.9742233157744985,42.62469200546347,0.3575884501139323,I_STOKES,K_CMB_to_uK,TMASK,COM_CMB_IQU-commander_2048_R3.00_full.fits
COMMANDER,2,64,2-64,mask_ge_0.90_abs_b_gt_40deg,0.9,40.0,abs_b_gt_40deg,0.21617582829919837,0.21558181834034898,0.0005940099588493952,10.86853636811154,10.838671702429123,0.029864665682417524,0.9763542987789073,0.9764856305662076,50.276372032995894,0.3575884501139323,I_STOKES,K_CMB_to_uK,TMASK,COM_CMB_IQU-commander_2048_R3.00_full.fits
COMMANDER,2,95,2-95,mask_ge_0.90_abs_b_gt_40deg,0.9,40.0,abs_b_gt_40deg,0.1986735167873198,0.19841657426957848,0.0002569425177413043,11.472213152758304,11.457376251599051,0.014836901159252847,0.9800657084460528,0.9801177594071222,57.74404831741777,0.3575884501139323,I_STOKES,K_CMB_to_uK,TMASK,COM_CMB_IQU-commander_2048_R3.00_full.fits
COMMANDER,2,30,2-30,mask_ge_0.95_no_galactic_cut,0.95,-1.0,no_galactic_cut,0.23627638948700871,0.23509806129156072,0.0011783281954479974,10.267171475056788,10.215968315643249,0.05120315941353937,0.9716856833558262,0.9719714527853445,43.45407299200885,0.8817418416341146,I_STOKES,K_CMB_to_uK,TMASK,COM_CMB_IQU-commander_2048_R3.00_full.fits
COMMANDER,2,40,2-40,mask_ge_0.95_no_galactic_cut,0.95,-1.0,no_galactic_cut,0.2282702658602279,0.2272206199446686,0.001049645915559283,10.800634989485115,10.75097086718063,0.04966412230448469,0.9735976856399967,0.9738431905406085,47.3151198592744,0.8817418416341146,I_STOKES,K_CMB_to_uK,TMASK,COM_CMB_IQU-commander_2048_R3.00_full.fits
COMMANDER,2,64,2-64,mask_ge_0.95_no_galactic_cut,0.95,-1.0,no_galactic_cut,0.20896588874546887,0.20815485000634873,0.0008110387391201401,11.253200590773428,11.209524650776716,0.04367593999671193,0.9779229007495751,0.9780958548803838,53.85185428268822,0.8817418416341146,I_STOKES,K_CMB_to_uK,TMASK,COM_CMB_IQU-commander_2048_R3.00_full.fits
COMMANDER,2,95,2-95,mask_ge_0.95_no_galactic_cut,0.95,-1.0,no_galactic_cut,0.19049425053745192,0.18994580413950585,0.000548446397946073,11.59981565781482,11.56641896948214,0.03339668833268128,0.9816882914849603,0.9817945573488371,60.89325858962999,0.8817418416341146,I_STOKES,K_CMB_to_uK,TMASK,COM_CMB_IQU-commander_2048_R3.00_full.fits
COMMANDER,2,30,2-30,mask_ge_0.95_abs_b_gt_10deg,0.95,10.0,abs_b_gt_10deg,0.24822088320768393,0.24697172078845586,0.001249162419228067,10.48349675473509,10.430738944840595,0.0527578098944943,0.9687027339204785,0.9690219692123817,42.23454779170878,0.8102277119954427,I_STOKES,K_CMB_to_uK,TMASK,COM_CMB_IQU-commander_2048_R3.00_full.fits
COMMANDER,2,40,2-40,mask_ge_0.95_abs_b_gt_10deg,0.95,10.0,abs_b_gt_10deg,0.240586593604839,0.2394768751348073,0.0011097184700316898,11.088813775264788,11.037666031440937,0.05114774382385079,0.9706272998512746,0.9709016929053345,46.09073851171462,0.8102277119954427,I_STOKES,K_CMB_to_uK,TMASK,COM_CMB_IQU-commander_2048_R3.00_full.fits
COMMANDER,2,64,2-64,mask_ge_0.95_abs_b_gt_10deg,0.95,10.0,abs_b_gt_10deg,0.22102585097684033,0.2201928808540858,0.0008329701227545172,11.68647576331356,11.642433470938652,0.04404229237490753,0.9752678780978407,0.9754562814998546,52.87379603636545,0.8102277119954427,I_STOKES,K_CMB_to_uK,TMASK,COM_CMB_IQU-commander_2048_R3.00_full.fits
COMMANDER,2,95,2-95,mask_ge_0.95_abs_b_gt_10deg,0.95,10.0,abs_b_gt_10deg,0.20147013810101952,0.20092018478173782,0.0005499533192817041,12.078831537829387,12.045859934395319,0.0329716034340688,0.9794946116116242,0.9796075696709673,59.95345837194452,0.8102277119954427,I_STOKES,K_CMB_to_uK,TMASK,COM_CMB_IQU-commander_2048_R3.00_full.fits
COMMANDER,2,30,2-30,mask_ge_0.95_abs_b_gt_20deg,0.95,20.0,abs_b_gt_20deg,0.2684035888881958,0.26707735187368786,0.0013262370145079583,11.066681469549227,11.011998733549005,0.05468273600022222,0.9633064039415421,0.9636749479645105,41.23149588047826,0.6541926066080729,I_STOKES,K_CMB_to_uK,TMASK,COM_CMB_IQU-commander_2048_R3.00_full.fits
COMMANDER,2,40,2-40,mask_ge_0.95_abs_b_gt_20deg,0.95,20.0,abs_b_gt_20deg,0.2573135936010688,0.2561278113828817,0.0011857822181871036,11.594303915990777,11.540873705703659,0.05343021028711803,0.9663279382230953,0.9666429093298927,45.059041590963254,0.6541926066080729,I_STOKES,K_CMB_to_uK,TMASK,COM_CMB_IQU-commander_2048_R3.00_full.fits
COMMANDER,2,64,2-64,mask_ge_0.95_abs_b_gt_20deg,0.95,20.0,abs_b_gt_20deg,0.23716585971173956,0.23630364632213147,0.0008622133896080963,12.362230351371396,12.317287624170579,0.0449427272008176,0.9714691568829921,0.9716792447903854,52.124830978611016,0.6541926066080729,I_STOKES,K_CMB_to_uK,TMASK,COM_CMB_IQU-commander_2048_R3.00_full.fits
COMMANDER,2,95,2-95,mask_ge_0.95_abs_b_gt_20deg,0.95,20.0,abs_b_gt_20deg,0.21608954516277395,0.21551880732079193,0.0005707378419820275,12.80336202487993,12.769545658582846,0.03381636629708318,0.9763735449410916,0.9764996848586799,59.25026134529336,0.6541926066080729,I_STOKES,K_CMB_to_uK,TMASK,COM_CMB_IQU-commander_2048_R3.00_full.fits
COMMANDER,2,30,2-30,mask_ge_0.95_abs_b_gt_30deg,0.95,30.0,abs_b_gt_30deg,0.263212321873957,0.26186405536664065,0.0013482665073163425,10.400573752164908,10.347298338813884,0.053275413351023815,0.9647374527706477,0.9651042975145951,39.5140078477989,0.49892934163411456,I_STOKES,K_CMB_to_uK,TMASK,COM_CMB_IQU-commander_2048_R3.00_full.fits
COMMANDER,2,40,2-40,mask_ge_0.95_abs_b_gt_30deg,0.95,30.0,abs_b_gt_30deg,0.2550165583905886,0.2538367455552764,0.0011798128353122106,11.09972414861251,11.048372200717031,0.05135194789547981,0.9669366025037219,0.9672469934888981,43.52550367185155,0.49892934163411456,I_STOKES,K_CMB_to_uK,TMASK,COM_CMB_IQU-commander_2048_R3.00_full.fits
COMMANDER,2,64,2-64,mask_ge_0.95_abs_b_gt_30deg,0.95,30.0,abs_b_gt_30deg,0.2373403979825032,0.23653246848448606,0.0008079294980171403,12.072044765391457,12.030950366164646,0.04109439922681091,0.9714265214930989,0.9716235602635194,50.863843104709936,0.49892934163411456,I_STOKES,K_CMB_to_uK,TMASK,COM_CMB_IQU-commander_2048_R3.00_full.fits
COMMANDER,2,95,2-95,mask_ge_0.95_abs_b_gt_30deg,0.95,30.0,abs_b_gt_30deg,0.21709604119417344,0.21662410331521328,0.00047193787896016026,12.645907072572173,12.618416554879964,0.027490517692209337,0.9761502399150009,0.9762550793360313,58.250288687952235,0.49892934163411456,I_STOKES,K_CMB_to_uK,TMASK,COM_CMB_IQU-commander_2048_R3.00_full.fits
COMMANDER,2,30,2-30,mask_ge_0.95_abs_b_gt_40deg,0.95,40.0,abs_b_gt_40deg,0.23237067637953585,0.23117868122236324,0.0011919951571726095,9.026600884147157,8.980297001457332,0.046303882689825215,0.9726261465599183,0.9729101667488259,38.84569699062985,0.3575706481933594,I_STOKES,K_CMB_to_uK,TMASK,COM_CMB_IQU-commander_2048_R3.00_full.fits
COMMANDER,2,40,2-40,mask_ge_0.95_abs_b_gt_40deg,0.95,40.0,abs_b_gt_40deg,0.22659556218054355,0.22557562439792334,0.0010199377826202172,9.658301769086394,9.614828424792078,0.04347334429431626,0.9739886132762594,0.9742253388972774,42.62352570431627,0.3575706481933594,I_STOKES,K_CMB_to_uK,TMASK,COM_CMB_IQU-commander_2048_R3.00_full.fits
COMMANDER,2,64,2-64,mask_ge_0.95_abs_b_gt_40deg,0.95,40.0,abs_b_gt_40deg,0.21615611545528896,0.21556200901624575,0.0005941064390432016,10.867006268964792,10.837138234077523,0.029868034887268635,0.9763586648548017,0.9764900053527471,50.27387842382183,0.3575706481933594,I_STOKES,K_CMB_to_uK,TMASK,COM_CMB_IQU-commander_2048_R3.00_full.fits
COMMANDER,2,95,2-95,mask_ge_0.95_abs_b_gt_40deg,0.95,40.0,abs_b_gt_40deg,0.19865564206011818,0.19839863843517588,0.000257003624942298,11.47058124956676,11.455741595727773,0.014839653838986777,0.9800693326427474,0.9801213910925861,57.741029303841636,0.3575706481933594,I_STOKES,K_CMB_to_uK,TMASK,COM_CMB_IQU-commander_2048_R3.00_full.fits
COMMANDER,2,30,2-30,mask_ge_0.99_no_galactic_cut,0.99,-1.0,no_galactic_cut,0.236226053147606,0.2350461495010772,0.0011799036465288126,10.257744399155591,10.206508941167554,0.05123545798803697,0.9716979113597686,0.9719839972577803,43.423425411701025,0.8803787231445312,I_STOKES,K_CMB_to_uK,TMASK,COM_CMB_IQU-commander_2048_R3.00_full.fits
COMMANDER,2,40,2-40,mask_ge_0.99_no_galactic_cut,0.99,-1.0,no_galactic_cut,0.22816376878595238,0.22711244161292282,0.0010513271730295537,10.788321241111756,10.73861109066805,0.049710150443706524,0.9736226466056493,0.9738684225347214,47.283235627268326,0.8803787231445312,I_STOKES,K_CMB_to_uK,TMASK,COM_CMB_IQU-commander_2048_R3.00_full.fits
COMMANDER,2,64,2-64,mask_ge_0.99_no_galactic_cut,0.99,-1.0,no_galactic_cut,0.20888090857525538,0.20806941888644168,0.0008114896888136991,11.243702125834659,11.200021023519268,0.04368110231539113,0.977941054686925,0.9781140310801039,53.82829001715009,0.8803787231445312,I_STOKES,K_CMB_to_uK,TMASK,COM_CMB_IQU-commander_2048_R3.00_full.fits
COMMANDER,2,95,2-95,mask_ge_0.99_no_galactic_cut,0.99,-1.0,no_galactic_cut,0.1904149447563579,0.18986667973305868,0.0005482650232992159,11.590681454723027,11.557308206389193,0.03337324833383448,0.9817036769997339,0.9818098618240446,60.87064998786561,0.8803787231445312,I_STOKES,K_CMB_to_uK,TMASK,COM_CMB_IQU-commander_2048_R3.00_full.fits
COMMANDER,2,30,2-30,mask_ge_0.99_abs_b_gt_10deg,0.99,10.0,abs_b_gt_10deg,0.24825555498519145,0.24700533366439706,0.0012502213207943869,10.482287406326552,10.429498339000887,0.052789067325665684,0.9686938308607904,0.9690133838869889,42.22377786048665,0.8096110026041666,I_STOKES,K_CMB_to_uK,TMASK,COM_CMB_IQU-commander_2048_R3.00_full.fits
COMMANDER,2,40,2-40,mask_ge_0.99_abs_b_gt_10deg,0.99,10.0,abs_b_gt_10deg,0.2405574020638688,0.23944638056902862,0.0011110214948401864,11.084234915200215,11.033042047556192,0.051192867644022755,0.9706345226746719,0.970909201794497,46.07729722761685,0.8096110026041666,I_STOKES,K_CMB_to_uK,TMASK,COM_CMB_IQU-commander_2048_R3.00_full.fits
COMMANDER,2,64,2-64,mask_ge_0.99_abs_b_gt_10deg,0.99,10.0,abs_b_gt_10deg,0.22101530486380033,0.22018164489123745,0.0008336599725628779,11.683591629205285,11.63952163738711,0.044069991818174614,0.9752702639721291,0.9754588136532839,52.863269520657155,0.8096110026041666,I_STOKES,K_CMB_to_uK,TMASK,COM_CMB_IQU-commander_2048_R3.00_full.fits
COMMANDER,2,95,2-95,mask_ge_0.99_abs_b_gt_10deg,0.99,10.0,abs_b_gt_10deg,0.2014460159228866,0.2008954852184164,0.0005505307044701979,12.075138202266483,12.042138123756052,0.03300007851043141,0.9794995716791514,0.9796126340398524,59.94230338558216,0.8096110026041666,I_STOKES,K_CMB_to_uK,TMASK,COM_CMB_IQU-commander_2048_R3.00_full.fits
COMMANDER,2,30,2-30,mask_ge_0.99_abs_b_gt_20deg,0.99,20.0,abs_b_gt_20deg,0.2684212538089279,0.26709498635255186,0.0013262674563760402,11.065286504839566,11.010613004963538,0.054673499876027876,0.9633014802230587,0.9636700588933647,41.22358549415108,0.6540209452311198,I_STOKES,K_CMB_to_uK,TMASK,COM_CMB_IQU-commander_2048_R3.00_full.fits
COMMANDER,2,40,2-40,mask_ge_0.99_abs_b_gt_20deg,0.99,20.0,abs_b_gt_20deg,0.25732232501227226,0.2561365015145824,0.001185823497689864,11.59256745739422,11.539145202294987,0.05342225509923182,0.9663256126530703,0.9666406061714372,45.05076447152941,0.6540209452311198,I_STOKES,K_CMB_to_uK,TMASK,COM_CMB_IQU-commander_2048_R3.00_full.fits
COMMANDER,2,64,2-64,mask_ge_0.99_abs_b_gt_20deg,0.99,20.0,abs_b_gt_20deg,0.23717319838903517,0.23631097518026906,0.0008622232087661108,12.36065401383328,12.315717896098874,0.0449361177344052,0.9714673648510347,0.9716774620487579,52.11657176186535,0.6540209452311198,I_STOKES,K_CMB_to_uK,TMASK,COM_CMB_IQU-commander_2048_R3.00_full.fits
COMMANDER,2,95,2-95,mask_ge_0.99_abs_b_gt_20deg,0.99,20.0,abs_b_gt_20deg,0.21610051074402586,0.21552997492038725,0.0005705358236386127,12.802418860870576,12.76861866963454,0.03380019123603617,0.9763711182939177,0.9764972203435116,59.2428903420558,0.6540209452311198,I_STOKES,K_CMB_to_uK,TMASK,COM_CMB_IQU-commander_2048_R3.00_full.fits
COMMANDER,2,30,2-30,mask_ge_0.99_abs_b_gt_30deg,0.99,30.0,abs_b_gt_30deg,0.26312775461449495,0.26177959229709585,0.001348162317399093,10.395569575732017,10.34230679776914,0.053262777962876484,0.9647605247268759,0.9651272142704376,39.50768930082055,0.49887720743815106,I_STOKES,K_CMB_to_uK,TMASK,COM_CMB_IQU-commander_2048_R3.00_full.fits
COMMANDER,2,40,2-40,mask_ge_0.99_abs_b_gt_30deg,0.99,30.0,abs_b_gt_30deg,0.2549331358442578,0.2537533893240674,0.0011797465201904278,11.094177504264458,11.042837307700026,0.051340196564432006,0.9669586001937271,0.9672688649699354,43.51798940347262,0.49887720743815106,I_STOKES,K_CMB_to_uK,TMASK,COM_CMB_IQU-commander_2048_R3.00_full.fits
COMMANDER,2,64,2-64,mask_ge_0.99_abs_b_gt_30deg,0.99,30.0,abs_b_gt_30deg,0.2372740896928771,0.236466375239262,0.0008077144536151049,12.066853014175397,12.025775745259038,0.04107726891635899,0.9714427189964059,0.9716396470154064,50.85617662592023,0.49887720743815106,I_STOKES,K_CMB_to_uK,TMASK,COM_CMB_IQU-commander_2048_R3.00_full.fits
COMMANDER,2,95,2-95,mask_ge_0.99_abs_b_gt_30deg,0.99,30.0,abs_b_gt_30deg,0.21705298165769912,0.2165817467447962,0.00047123491290293473,12.642336831694882,12.614889567666191,0.02744726402869091,0.9761598153686978,0.9762644769949634,58.24539582521069,0.49887720743815106,I_STOKES,K_CMB_to_uK,TMASK,COM_CMB_IQU-commander_2048_R3.00_full.fits
COMMANDER,2,30,2-30,mask_ge_0.99_abs_b_gt_40deg,0.99,40.0,abs_b_gt_40deg,0.23237453125191634,0.23118254782308004,0.0011919834288363074,9.026758100721196,8.980454635301792,0.04630346541940433,0.9726252276839656,0.9729092500553572,38.845729142903885,0.35755284627278644,I_STOKES,K_CMB_to_uK,TMASK,COM_CMB_IQU-commander_2048_R3.00_full.fits
COMMANDER,2,40,2-40,mask_ge_0.99_abs_b_gt_40deg,0.99,40.0,abs_b_gt_40deg,0.22658592113391585,0.22556590633628706,0.0010200147976287821,9.657739692319058,9.614263745761946,0.04347594655711262,0.9739908554195515,0.9742275882411159,42.622858666541696,0.35755284627278644,I_STOKES,K_CMB_to_uK,TMASK,COM_CMB_IQU-commander_2048_R3.00_full.fits
COMMANDER,2,64,2-64,mask_ge_0.99_abs_b_gt_40deg,0.99,40.0,abs_b_gt_40deg,0.21613502779482036,0.2155407697500332,0.0005942580447871604,10.865553788706293,10.835679210689554,0.02987457801673976,0.9763633324212613,0.9764946929299766,50.272063254000166,0.35755284627278644,I_STOKES,K_CMB_to_uK,TMASK,COM_CMB_IQU-commander_2048_R3.00_full.fits
COMMANDER,2,95,2-95,mask_ge_0.99_abs_b_gt_40deg,0.99,40.0,abs_b_gt_40deg,0.198633841868934,0.19837680190097726,0.000257039967956757,11.469008454328426,11.45416710837318,0.014841345955245444,0.9800737512052432,0.9801258110598365,57.73944835591563,0.35755284627278644,I_STOKES,K_CMB_to_uK,TMASK,COM_CMB_IQU-commander_2048_R3.00_full.fits
