masked_corr,observed_rms_uK,fit_rms_uK,residual_rms_uK,residual_fraction,amp_uK_per_template_sigma,offset_uK,valid_pixels,valid_sky_fraction,component,model,family,description,path,available_fields,temperature_field,temperature_unit_inference,temperature_scale_applied,raw_temperature_robust_std,mask_field,mask_source_used,nside,mask_threshold,rank
0.993330183832517,100.82086786492997,100.14841121042502,11.625107701235635,0.11530457877837183,100.14841121042501,4.731270531736384e-15,692358,0.8803787231445312,COMMANDER,observed_self_spectrum_control,data_control,Observed self-spectrum upper control,COM_CMB_IQU-commander_2048_R3.00_full.fits,I_STOKES|Q_STOKES|U_STOKES|TMASK|PMASK|I_STOKES_INP|Q_STOKES_INP|U_STOKES_INP,I_STOKES,K_CMB_to_uK,1000000.0,0.00011106410047772622,TMASK,COM_CMB_IQU-commander_2048_R3.00_full.fits,256,0.99,1
0.9838348122650549,100.82086786492997,99.19107960829317,18.054836559185247,0.1790783688092565,99.19107960829318,7.477657945772367e-15,692358,0.8803787231445312,COMMANDER,planck_tilt_plus_2p0pct,planck_perturbation,Planck endpoint-normalized tilt perturbation plus 2.0 percent,COM_CMB_IQU-commander_2048_R3.00_full.fits,I_STOKES|Q_STOKES|U_STOKES|TMASK|PMASK|I_STOKES_INP|Q_STOKES_INP|U_STOKES_INP,I_STOKES,K_CMB_to_uK,1000000.0,0.00011106410047772622,TMASK,COM_CMB_IQU-commander_2048_R3.00_full.fits,256,0.99,2
0.9838009265302794,100.82086786492997,99.18766321910459,18.073595717816517,0.17926443305397619,99.18766321910459,-7.25693338295226e-15,692358,0.8803787231445312,COMMANDER,planck_tilt_plus_1p0pct,planck_perturbation,Planck endpoint-normalized tilt perturbation plus 1.0 percent,COM_CMB_IQU-commander_2048_R3.00_full.fits,I_STOKES|Q_STOKES|U_STOKES|TMASK|PMASK|I_STOKES_INP|Q_STOKES_INP|U_STOKES_INP,I_STOKES,K_CMB_to_uK,1000000.0,0.00011106410047772622,TMASK,COM_CMB_IQU-commander_2048_R3.00_full.fits,256,0.99,3
0.9837870728258629,100.82086786492997,99.18626647660226,18.08125934414013,0.17934044535664628,99.18626647660224,3.930932879586912e-15,692358,0.8803787231445312,COMMANDER,cptg_tilt_plus_2p0pct,cptg_perturbation,CPTG endpoint-normalized tilt perturbation plus 2.0 percent,COM_CMB_IQU-commander_2048_R3.00_full.fits,I_STOKES|Q_STOKES|U_STOKES|TMASK|PMASK|I_STOKES_INP|Q_STOKES_INP|U_STOKES_INP,I_STOKES,K_CMB_to_uK,1000000.0,0.00011106410047772622,TMASK,COM_CMB_IQU-commander_2048_R3.00_full.fits,256,0.99,4
0.9837826241043093,100.82086786492997,99.1858179526342,18.083719587089664,0.17936484747697748,99.1858179526342,2.8327890472159933e-15,692358,0.8803787231445312,COMMANDER,planck_tilt_plus_0p5pct,planck_perturbation,Planck endpoint-normalized tilt perturbation plus 0.5 percent,COM_CMB_IQU-commander_2048_R3.00_full.fits,I_STOKES|Q_STOKES|U_STOKES|TMASK|PMASK|I_STOKES_INP|Q_STOKES_INP|U_STOKES_INP,I_STOKES,K_CMB_to_uK,1000000.0,0.00011106410047772622,TMASK,COM_CMB_IQU-commander_2048_R3.00_full.fits,256,0.99,5
0.9837722378253139,100.82086786492997,99.18477079897292,18.08946208688841,0.17942180492954019,99.18477079897293,4.585154995838971e-16,692358,0.8803787231445312,COMMANDER,planck_ripple_minus_1p0pct,planck_perturbation,Planck sinusoidal ripple perturbation minus 1.0 percent,COM_CMB_IQU-commander_2048_R3.00_full.fits,I_STOKES|Q_STOKES|U_STOKES|TMASK|PMASK|I_STOKES_INP|Q_STOKES_INP|U_STOKES_INP,I_STOKES,K_CMB_to_uK,1000000.0,0.00011106410047772622,TMASK,COM_CMB_IQU-commander_2048_R3.00_full.fits,256,0.99,6
0.9837698624122286,100.82086786492997,99.18453130776413,18.09077517125567,0.1794348288639207,99.18453130776413,4.81151852807904e-15,692358,0.8803787231445312,COMMANDER,planck_ripple_minus_2p0pct,planck_perturbation,Planck sinusoidal ripple perturbation minus 2.0 percent,COM_CMB_IQU-commander_2048_R3.00_full.fits,I_STOKES|Q_STOKES|U_STOKES|TMASK|PMASK|I_STOKES_INP|Q_STOKES_INP|U_STOKES_INP,I_STOKES,K_CMB_to_uK,1000000.0,0.00011106410047772622,TMASK,COM_CMB_IQU-commander_2048_R3.00_full.fits,256,0.99,7
0.9837692248801088,100.82086786492997,99.18446703122218,18.091127570444637,0.17943832416401512,99.1844670312222,-1.7138731636000448e-15,692358,0.8803787231445312,COMMANDER,planck_ripple_minus_0p5pct,planck_perturbation,Planck sinusoidal ripple perturbation minus 0.5 percent,COM_CMB_IQU-commander_2048_R3.00_full.fits,I_STOKES|Q_STOKES|U_STOKES|TMASK|PMASK|I_STOKES_INP|Q_STOKES_INP|U_STOKES_INP,I_STOKES,K_CMB_to_uK,1000000.0,0.00011106410047772622,TMASK,COM_CMB_IQU-commander_2048_R3.00_full.fits,256,0.99,8
0.9837634173452984,100.82086786492997,99.18388151052228,18.09433738892763,0.17947016101040383,99.18388151052228,2.301541210115657e-15,692358,0.8803787231445312,COMMANDER,planck2018_baseline_lcdm,benchmark,Planck 2018 baseline LCDM TT envelope,COM_CMB_IQU-commander_2048_R3.00_full.fits,I_STOKES|Q_STOKES|U_STOKES|TMASK|PMASK|I_STOKES_INP|Q_STOKES_INP|U_STOKES_INP,I_STOKES,K_CMB_to_uK,1000000.0,0.00011106410047772622,TMASK,COM_CMB_IQU-commander_2048_R3.00_full.fits,256,0.99,9
0.9837560379067831,100.82086786492997,99.18313750912664,18.098415148385563,0.17951060660013426,99.18313750912664,5.417001722318733e-16,692358,0.8803787231445312,COMMANDER,cptg_tilt_plus_1p0pct,cptg_perturbation,CPTG endpoint-normalized tilt perturbation plus 1.0 percent,COM_CMB_IQU-commander_2048_R3.00_full.fits,I_STOKES|Q_STOKES|U_STOKES|TMASK|PMASK|I_STOKES_INP|Q_STOKES_INP|U_STOKES_INP,I_STOKES,K_CMB_to_uK,1000000.0,0.00011106410047772622,TMASK,COM_CMB_IQU-commander_2048_R3.00_full.fits,256,0.99,10
0.9837548193465763,100.82086786492997,99.18301465282964,18.099088413904486,0.17951728443908946,99.18301465282966,-6.974858393759172e-15,692358,0.8803787231445312,COMMANDER,planck_ripple_plus_0p5pct,planck_perturbation,Planck sinusoidal ripple perturbation plus 0.5 percent,COM_CMB_IQU-commander_2048_R3.00_full.fits,I_STOKES|Q_STOKES|U_STOKES|TMASK|PMASK|I_STOKES_INP|Q_STOKES_INP|U_STOKES_INP,I_STOKES,K_CMB_to_uK,1000000.0,0.00011106410047772622,TMASK,COM_CMB_IQU-commander_2048_R3.00_full.fits,256,0.99,11
0.9837434348040353,100.82086786492997,99.18186685336961,18.10537722661572,0.17957966054082722,99.18186685336961,1.0890153230610382e-14,692358,0.8803787231445312,COMMANDER,planck_ripple_plus_1p0pct,planck_perturbation,Planck sinusoidal ripple perturbation plus 1.0 percent,COM_CMB_IQU-commander_2048_R3.00_full.fits,I_STOKES|Q_STOKES|U_STOKES|TMASK|PMASK|I_STOKES_INP|Q_STOKES_INP|U_STOKES_INP,I_STOKES,K_CMB_to_uK,1000000.0,0.00011106410047772622,TMASK,COM_CMB_IQU-commander_2048_R3.00_full.fits,256,0.99,12
0.9837433077387351,100.82086786492997,99.18185404253614,18.10544740465478,0.17958035660743074,99.18185404253614,3.5773624036880365e-15,692358,0.8803787231445312,COMMANDER,planck_tilt_minus_0p5pct,planck_perturbation,Planck endpoint-normalized tilt perturbation minus 0.5 percent,COM_CMB_IQU-commander_2048_R3.00_full.fits,I_STOKES|Q_STOKES|U_STOKES|TMASK|PMASK|I_STOKES_INP|Q_STOKES_INP|U_STOKES_INP,I_STOKES,K_CMB_to_uK,1000000.0,0.00011106410047772622,TMASK,COM_CMB_IQU-commander_2048_R3.00_full.fits,256,0.99,13
0.9837391627194455,100.82086786492997,99.18143613809397,18.107736540574024,0.179603061588728,99.18143613809397,-8.917022283722651e-17,692358,0.8803787231445312,COMMANDER,cptg_tilt_plus_0p5pct,cptg_perturbation,CPTG endpoint-normalized tilt perturbation plus 0.5 percent,COM_CMB_IQU-commander_2048_R3.00_full.fits,I_STOKES|Q_STOKES|U_STOKES|TMASK|PMASK|I_STOKES_INP|Q_STOKES_INP|U_STOKES_INP,I_STOKES,K_CMB_to_uK,1000000.0,0.00011106410047772622,TMASK,COM_CMB_IQU-commander_2048_R3.00_full.fits,256,0.99,14
0.9837286871245172,100.82086786492997,99.18037997952251,18.11352047933533,0.17966043005702026,99.18037997952251,-3.1142798728133097e-15,692358,0.8803787231445312,COMMANDER,cptg_ripple_minus_1p0pct,cptg_perturbation,CPTG sinusoidal ripple perturbation minus 1.0 percent,COM_CMB_IQU-commander_2048_R3.00_full.fits,I_STOKES|Q_STOKES|U_STOKES|TMASK|PMASK|I_STOKES_INP|Q_STOKES_INP|U_STOKES_INP,I_STOKES,K_CMB_to_uK,1000000.0,0.00011106410047772622,TMASK,COM_CMB_IQU-commander_2048_R3.00_full.fits,256,0.99,15
0.9837264333225539,100.82086786492997,99.18015274925264,18.114764631998266,0.17967277028666995,99.18015274925266,3.332160790348079e-15,692358,0.8803787231445312,COMMANDER,cptg_ripple_minus_0p5pct,cptg_perturbation,CPTG sinusoidal ripple perturbation minus 0.5 percent,COM_CMB_IQU-commander_2048_R3.00_full.fits,I_STOKES|Q_STOKES|U_STOKES|TMASK|PMASK|I_STOKES_INP|Q_STOKES_INP|U_STOKES_INP,I_STOKES,K_CMB_to_uK,1000000.0,0.00011106410047772622,TMASK,COM_CMB_IQU-commander_2048_R3.00_full.fits,256,0.99,16
0.9837247919229044,100.82086786492997,99.17998726191401,18.115670668348773,0.17968175688210097,99.17998726191401,8.107533175674375e-15,692358,0.8803787231445312,COMMANDER,cptg_ripple_minus_2p0pct,cptg_perturbation,CPTG sinusoidal ripple perturbation minus 2.0 percent,COM_CMB_IQU-commander_2048_R3.00_full.fits,I_STOKES|Q_STOKES|U_STOKES|TMASK|PMASK|I_STOKES_INP|Q_STOKES_INP|U_STOKES_INP,I_STOKES,K_CMB_to_uK,1000000.0,0.00011106410047772622,TMASK,COM_CMB_IQU-commander_2048_R3.00_full.fits,256,0.99,17
0.9837222967353159,100.82086786492997,99.17973569493618,18.117047897495993,0.17969541704171263,99.17973569493618,2.3863975147039184e-15,692358,0.8803787231445312,COMMANDER,planck_tilt_minus_1p0pct,planck_perturbation,Planck endpoint-normalized tilt perturbation minus 1.0 percent,COM_CMB_IQU-commander_2048_R3.00_full.fits,I_STOKES|Q_STOKES|U_STOKES|TMASK|PMASK|I_STOKES_INP|Q_STOKES_INP|U_STOKES_INP,I_STOKES,K_CMB_to_uK,1000000.0,0.00011106410047772622,TMASK,COM_CMB_IQU-commander_2048_R3.00_full.fits,256,0.99,18
0.9837213844016262,100.82086786492997,99.17964371266204,18.117551436853354,0.17970041143789295,99.17964371266204,1.0097316335183089e-14,692358,0.8803787231445312,COMMANDER,cptg_locked_pi_cmb,cptg,Locked CPTG geometric-pi CMB comparison envelope,COM_CMB_IQU-commander_2048_R3.00_full.fits,I_STOKES|Q_STOKES|U_STOKES|TMASK|PMASK|I_STOKES_INP|Q_STOKES_INP|U_STOKES_INP,I_STOKES,K_CMB_to_uK,1000000.0,0.00011106410047772622,TMASK,COM_CMB_IQU-commander_2048_R3.00_full.fits,256,0.99,19
0.9837135444660319,100.82086786492997,99.17885328355045,18.121877893788774,0.17974332375383548,99.17885328355045,7.085685002173043e-15,692358,0.8803787231445312,COMMANDER,cptg_ripple_plus_0p5pct,cptg_perturbation,CPTG sinusoidal ripple perturbation plus 0.5 percent,COM_CMB_IQU-commander_2048_R3.00_full.fits,I_STOKES|Q_STOKES|U_STOKES|TMASK|PMASK|I_STOKES_INP|Q_STOKES_INP|U_STOKES_INP,I_STOKES,K_CMB_to_uK,1000000.0,0.00011106410047772622,TMASK,COM_CMB_IQU-commander_2048_R3.00_full.fits,256,0.99,20
0.9837123207432352,100.82086786492997,99.17872990675735,18.122553107113475,0.1797500209122611,99.17872990675735,4.017624393159508e-15,692358,0.8803787231445312,COMMANDER,planck_ripple_plus_2p0pct,planck_perturbation,Planck sinusoidal ripple perturbation plus 2.0 percent,COM_CMB_IQU-commander_2048_R3.00_full.fits,I_STOKES|Q_STOKES|U_STOKES|TMASK|PMASK|I_STOKES_INP|Q_STOKES_INP|U_STOKES_INP,I_STOKES,K_CMB_to_uK,1000000.0,0.00011106410047772622,TMASK,COM_CMB_IQU-commander_2048_R3.00_full.fits,256,0.99,21
0.9837029174145563,100.82086786492997,99.1777818549976,18.127740713058525,0.17980147460488355,99.1777818549976,1.277830876496344e-14,692358,0.8803787231445312,COMMANDER,cptg_ripple_plus_1p0pct,cptg_perturbation,CPTG sinusoidal ripple perturbation plus 1.0 percent,COM_CMB_IQU-commander_2048_R3.00_full.fits,I_STOKES|Q_STOKES|U_STOKES|TMASK|PMASK|I_STOKES_INP|Q_STOKES_INP|U_STOKES_INP,I_STOKES,K_CMB_to_uK,1000000.0,0.00011106410047772622,TMASK,COM_CMB_IQU-commander_2048_R3.00_full.fits,256,0.99,22
0.9837027044253861,100.82086786492997,99.17776038124559,18.127858196648518,0.17980263987545184,99.1777603812456,-2.034480556125143e-15,692358,0.8803787231445312,COMMANDER,cptg_tilt_minus_0p5pct,cptg_perturbation,CPTG endpoint-normalized tilt perturbation minus 0.5 percent,COM_CMB_IQU-commander_2048_R3.00_full.fits,I_STOKES|Q_STOKES|U_STOKES|TMASK|PMASK|I_STOKES_INP|Q_STOKES_INP|U_STOKES_INP,I_STOKES,K_CMB_to_uK,1000000.0,0.00011106410047772622,TMASK,COM_CMB_IQU-commander_2048_R3.00_full.fits,256,0.99,23
0.9836831242280297,100.82086786492997,99.1757862887553,18.138655160863784,0.17990973044552838,99.1757862887553,-1.2176287374723168e-15,692358,0.8803787231445312,COMMANDER,cptg_tilt_minus_1p0pct,cptg_perturbation,CPTG endpoint-normalized tilt perturbation minus 1.0 percent,COM_CMB_IQU-commander_2048_R3.00_full.fits,I_STOKES|Q_STOKES|U_STOKES|TMASK|PMASK|I_STOKES_INP|Q_STOKES_INP|U_STOKES_INP,I_STOKES,K_CMB_to_uK,1000000.0,0.00011106410047772622,TMASK,COM_CMB_IQU-commander_2048_R3.00_full.fits,256,0.99,24
0.9836775761687913,100.82086786492997,99.17522692860845,18.141713278979967,0.17994006263945753,99.17522692860845,-4.511654540005576e-15,692358,0.8803787231445312,COMMANDER,planck_tilt_minus_2p0pct,planck_perturbation,Planck endpoint-normalized tilt perturbation minus 2.0 percent,COM_CMB_IQU-commander_2048_R3.00_full.fits,I_STOKES|Q_STOKES|U_STOKES|TMASK|PMASK|I_STOKES_INP|Q_STOKES_INP|U_STOKES_INP,I_STOKES,K_CMB_to_uK,1000000.0,0.00011106410047772622,TMASK,COM_CMB_IQU-commander_2048_R3.00_full.fits,256,0.99,25
0.9836733165348812,100.82086786492997,99.1747974686219,18.14406084909692,0.17996334720511012,99.1747974686219,-8.002173999209964e-15,692358,0.8803787231445312,COMMANDER,cptg_ripple_plus_2p0pct,cptg_perturbation,CPTG sinusoidal ripple perturbation plus 2.0 percent,COM_CMB_IQU-commander_2048_R3.00_full.fits,I_STOKES|Q_STOKES|U_STOKES|TMASK|PMASK|I_STOKES_INP|Q_STOKES_INP|U_STOKES_INP,I_STOKES,K_CMB_to_uK,1000000.0,0.00011106410047772622,TMASK,COM_CMB_IQU-commander_2048_R3.00_full.fits,256,0.99,26
0.983641268747457,100.82086786492997,99.17156638287913,18.161712975482356,0.18013843126021947,99.17156638287913,2.2508685861158324e-15,692358,0.8803787231445312,COMMANDER,cptg_tilt_minus_2p0pct,cptg_perturbation,CPTG endpoint-normalized tilt perturbation minus 2.0 percent,COM_CMB_IQU-commander_2048_R3.00_full.fits,I_STOKES|Q_STOKES|U_STOKES|TMASK|PMASK|I_STOKES_INP|Q_STOKES_INP|U_STOKES_INP,I_STOKES,K_CMB_to_uK,1000000.0,0.00011106410047772622,TMASK,COM_CMB_IQU-commander_2048_R3.00_full.fits,256,0.99,27
0.9803486774783176,100.82086786492997,98.83960447359956,19.88919265681536,0.19727257935788625,98.83960447359956,7.134408465132755e-15,692358,0.8803787231445312,COMMANDER,observed_smoothed_spectrum_control,data_control,Observed spectrum smoothed with width=31,COM_CMB_IQU-commander_2048_R3.00_full.fits,I_STOKES|Q_STOKES|U_STOKES|TMASK|PMASK|I_STOKES_INP|Q_STOKES_INP|U_STOKES_INP,I_STOKES,K_CMB_to_uK,1000000.0,0.00011106410047772622,TMASK,COM_CMB_IQU-commander_2048_R3.00_full.fits,256,0.99,28
0.92133535699265,100.82086786492997,92.88983028664424,39.196005234668156,0.38876877440867863,92.88983028664425,4.396745850829384e-15,692358,0.8803787231445312,COMMANDER,flat_dl_null,bad_null,Flat D_l null matched to mean observed D_l,COM_CMB_IQU-commander_2048_R3.00_full.fits,I_STOKES|Q_STOKES|U_STOKES|TMASK|PMASK|I_STOKES_INP|Q_STOKES_INP|U_STOKES_INP,I_STOKES,K_CMB_to_uK,1000000.0,0.00011106410047772622,TMASK,COM_CMB_IQU-commander_2048_R3.00_full.fits,256,0.99,29
0.8333390005316395,100.82086786492997,84.01796125929393,55.729970239266855,0.5527622546745825,84.01796125929393,5.983892181877992e-15,692358,0.8803787231445312,COMMANDER,powerlaw_dl_null,smooth_null,Fitted smooth power-law D_l null,COM_CMB_IQU-commander_2048_R3.00_full.fits,I_STOKES|Q_STOKES|U_STOKES|TMASK|PMASK|I_STOKES_INP|Q_STOKES_INP|U_STOKES_INP,I_STOKES,K_CMB_to_uK,1000000.0,0.00011106410047772622,TMASK,COM_CMB_IQU-commander_2048_R3.00_full.fits,256,0.99,30
0.6299501374352465,100.82086786492997,63.512119567853475,78.30107320488239,0.776635580143811,63.512119567853475,6.20778106046414e-15,692358,0.8803787231445312,COMMANDER,flat_cl_null,bad_null,Flat C_l null matched to mean observed C_l,COM_CMB_IQU-commander_2048_R3.00_full.fits,I_STOKES|Q_STOKES|U_STOKES|TMASK|PMASK|I_STOKES_INP|Q_STOKES_INP|U_STOKES_INP,I_STOKES,K_CMB_to_uK,1000000.0,0.00011106410047772622,TMASK,COM_CMB_IQU-commander_2048_R3.00_full.fits,256,0.99,31
0.36983872282735536,100.82086786492997,37.28746100551105,93.67226189646615,0.9290959687230542,37.287461005511055,-2.1193586339710686e-15,692358,0.8803787231445312,COMMANDER,shuffled_spectrum_null_seed_271844,shuffled_null,Observed spectrum values shuffled across ell,COM_CMB_IQU-commander_2048_R3.00_full.fits,I_STOKES|Q_STOKES|U_STOKES|TMASK|PMASK|I_STOKES_INP|Q_STOKES_INP|U_STOKES_INP,I_STOKES,K_CMB_to_uK,1000000.0,0.00011106410047772622,TMASK,COM_CMB_IQU-commander_2048_R3.00_full.fits,256,0.99,32
0.3390512255954044,100.82086786492997,34.18343881519661,94.84903746377904,0.9407679131551278,34.18343881519661,4.445819502477477e-15,692358,0.8803787231445312,COMMANDER,shuffled_spectrum_null_seed_271841,shuffled_null,Observed spectrum values shuffled across ell,COM_CMB_IQU-commander_2048_R3.00_full.fits,I_STOKES|Q_STOKES|U_STOKES|TMASK|PMASK|I_STOKES_INP|Q_STOKES_INP|U_STOKES_INP,I_STOKES,K_CMB_to_uK,1000000.0,0.00011106410047772622,TMASK,COM_CMB_IQU-commander_2048_R3.00_full.fits,256,0.99,33
0.33668802991938124,100.82086786492997,33.94517937620545,94.93456796212273,0.9416162543780804,33.94517937620545,1.695861144344825e-14,692358,0.8803787231445312,COMMANDER,shuffled_spectrum_null_seed_271843,shuffled_null,Observed spectrum values shuffled across ell,COM_CMB_IQU-commander_2048_R3.00_full.fits,I_STOKES|Q_STOKES|U_STOKES|TMASK|PMASK|I_STOKES_INP|Q_STOKES_INP|U_STOKES_INP,I_STOKES,K_CMB_to_uK,1000000.0,0.00011106410047772622,TMASK,COM_CMB_IQU-commander_2048_R3.00_full.fits,256,0.99,34
0.33326103643383964,100.82086786492997,33.59966691882583,95.05740255225592,0.9428345992776478,33.599666918825825,4.4422860533029375e-15,692358,0.8803787231445312,COMMANDER,shuffled_spectrum_null_seed_271845,shuffled_null,Observed spectrum values shuffled across ell,COM_CMB_IQU-commander_2048_R3.00_full.fits,I_STOKES|Q_STOKES|U_STOKES|TMASK|PMASK|I_STOKES_INP|Q_STOKES_INP|U_STOKES_INP,I_STOKES,K_CMB_to_uK,1000000.0,0.00011106410047772622,TMASK,COM_CMB_IQU-commander_2048_R3.00_full.fits,256,0.99,35
0.3289658114293487,100.82086786492997,33.166618606197765,95.20936302312225,0.9443418316005228,33.166618606197765,-3.184071291136959e-15,692358,0.8803787231445312,COMMANDER,shuffled_spectrum_null_seed_271831,shuffled_null,Observed spectrum values shuffled across ell,COM_CMB_IQU-commander_2048_R3.00_full.fits,I_STOKES|Q_STOKES|U_STOKES|TMASK|PMASK|I_STOKES_INP|Q_STOKES_INP|U_STOKES_INP,I_STOKES,K_CMB_to_uK,1000000.0,0.00011106410047772622,TMASK,COM_CMB_IQU-commander_2048_R3.00_full.fits,256,0.99,36
0.32284038217942734,100.82086786492997,32.54904751317562,95.42225580556513,0.9464534260248844,32.54904751317562,-2.162688200424527e-15,692358,0.8803787231445312,COMMANDER,shuffled_spectrum_null_seed_271835,shuffled_null,Observed spectrum values shuffled across ell,COM_CMB_IQU-commander_2048_R3.00_full.fits,I_STOKES|Q_STOKES|U_STOKES|TMASK|PMASK|I_STOKES_INP|Q_STOKES_INP|U_STOKES_INP,I_STOKES,K_CMB_to_uK,1000000.0,0.00011106410047772622,TMASK,COM_CMB_IQU-commander_2048_R3.00_full.fits,256,0.99,37
0.3175309067948626,100.82086786492997,32.01374159699622,95.60317853501743,0.9482479228714566,32.01374159699622,5.303677699974833e-15,692358,0.8803787231445312,COMMANDER,shuffled_spectrum_null_seed_271842,shuffled_null,Observed spectrum values shuffled across ell,COM_CMB_IQU-commander_2048_R3.00_full.fits,I_STOKES|Q_STOKES|U_STOKES|TMASK|PMASK|I_STOKES_INP|Q_STOKES_INP|U_STOKES_INP,I_STOKES,K_CMB_to_uK,1000000.0,0.00011106410047772622,TMASK,COM_CMB_IQU-commander_2048_R3.00_full.fits,256,0.99,38
0.3142144615469378,100.82086786492997,31.67937470887393,95.71449532381406,0.9493520275191747,31.679374708873926,6.023582876655105e-15,692358,0.8803787231445312,COMMANDER,shuffled_spectrum_null_seed_271829,shuffled_null,Observed spectrum values shuffled across ell,COM_CMB_IQU-commander_2048_R3.00_full.fits,I_STOKES|Q_STOKES|U_STOKES|TMASK|PMASK|I_STOKES_INP|Q_STOKES_INP|U_STOKES_INP,I_STOKES,K_CMB_to_uK,1000000.0,0.00011106410047772622,TMASK,COM_CMB_IQU-commander_2048_R3.00_full.fits,256,0.99,39
0.3060486658021903,100.82086786492997,30.85609209508095,95.9830660984403,0.9520158686496244,30.85609209508095,1.8018204605967076e-14,692358,0.8803787231445312,COMMANDER,shuffled_spectrum_null_seed_271846,shuffled_null,Observed spectrum values shuffled across ell,COM_CMB_IQU-commander_2048_R3.00_full.fits,I_STOKES|Q_STOKES|U_STOKES|TMASK|PMASK|I_STOKES_INP|Q_STOKES_INP|U_STOKES_INP,I_STOKES,K_CMB_to_uK,1000000.0,0.00011106410047772622,TMASK,COM_CMB_IQU-commander_2048_R3.00_full.fits,256,0.99,40
0.3057368696350008,100.82086786492997,30.82465653490785,95.99316614500553,0.9521160467851544,30.82465653490785,5.311647054757726e-15,692358,0.8803787231445312,COMMANDER,shuffled_spectrum_null_seed_271840,shuffled_null,Observed spectrum values shuffled across ell,COM_CMB_IQU-commander_2048_R3.00_full.fits,I_STOKES|Q_STOKES|U_STOKES|TMASK|PMASK|I_STOKES_INP|Q_STOKES_INP|U_STOKES_INP,I_STOKES,K_CMB_to_uK,1000000.0,0.00011106410047772622,TMASK,COM_CMB_IQU-commander_2048_R3.00_full.fits,256,0.99,41
0.30568597336659953,100.82086786492997,30.819525128956048,95.99481375503204,0.9521323887395673,30.81952512895605,3.2604544362079862e-15,692358,0.8803787231445312,COMMANDER,shuffled_spectrum_null_seed_271833,shuffled_null,Observed spectrum values shuffled across ell,COM_CMB_IQU-commander_2048_R3.00_full.fits,I_STOKES|Q_STOKES|U_STOKES|TMASK|PMASK|I_STOKES_INP|Q_STOKES_INP|U_STOKES_INP,I_STOKES,K_CMB_to_uK,1000000.0,0.00011106410047772622,TMASK,COM_CMB_IQU-commander_2048_R3.00_full.fits,256,0.99,42
0.30442705619908444,100.82086786492997,30.69260000755752,96.0354710605084,0.9525356515395942,30.692600007557516,5.074740341581983e-15,692358,0.8803787231445312,COMMANDER,shuffled_spectrum_null_seed_271838,shuffled_null,Observed spectrum values shuffled across ell,COM_CMB_IQU-commander_2048_R3.00_full.fits,I_STOKES|Q_STOKES|U_STOKES|TMASK|PMASK|I_STOKES_INP|Q_STOKES_INP|U_STOKES_INP,I_STOKES,K_CMB_to_uK,1000000.0,0.00011106410047772622,TMASK,COM_CMB_IQU-commander_2048_R3.00_full.fits,256,0.99,43
0.29401775340658015,100.82086786492997,29.643125066148436,96.36458132192735,0.9557999585068766,29.643125066148432,1.452825050399856e-15,692358,0.8803787231445312,COMMANDER,shuffled_spectrum_null_seed_271828,shuffled_null,Observed spectrum values shuffled across ell,COM_CMB_IQU-commander_2048_R3.00_full.fits,I_STOKES|Q_STOKES|U_STOKES|TMASK|PMASK|I_STOKES_INP|Q_STOKES_INP|U_STOKES_INP,I_STOKES,K_CMB_to_uK,1000000.0,0.00011106410047772622,TMASK,COM_CMB_IQU-commander_2048_R3.00_full.fits,256,0.99,44
0.2920624122345665,100.82086786492997,29.445985872213743,96.42500356780415,0.9563992614801237,29.445985872213743,3.4620547409023033e-15,692358,0.8803787231445312,COMMANDER,shuffled_spectrum_null_seed_271834,shuffled_null,Observed spectrum values shuffled across ell,COM_CMB_IQU-commander_2048_R3.00_full.fits,I_STOKES|Q_STOKES|U_STOKES|TMASK|PMASK|I_STOKES_INP|Q_STOKES_INP|U_STOKES_INP,I_STOKES,K_CMB_to_uK,1000000.0,0.00011106410047772622,TMASK,COM_CMB_IQU-commander_2048_R3.00_full.fits,256,0.99,45
0.2831162535685832,100.82086786492997,28.544026391452018,96.69584248767757,0.9590855993941779,28.544026391452018,-1.7174619130371428e-15,692358,0.8803787231445312,COMMANDER,shuffled_spectrum_null_seed_271847,shuffled_null,Observed spectrum values shuffled across ell,COM_CMB_IQU-commander_2048_R3.00_full.fits,I_STOKES|Q_STOKES|U_STOKES|TMASK|PMASK|I_STOKES_INP|Q_STOKES_INP|U_STOKES_INP,I_STOKES,K_CMB_to_uK,1000000.0,0.00011106410047772622,TMASK,COM_CMB_IQU-commander_2048_R3.00_full.fits,256,0.99,46
0.2820643380796582,100.82086786492997,28.437971358938086,96.72708608257503,0.9593954915381269,28.43797135893809,1.338589499682307e-14,692358,0.8803787231445312,COMMANDER,shuffled_spectrum_null_seed_271836,shuffled_null,Observed spectrum values shuffled across ell,COM_CMB_IQU-commander_2048_R3.00_full.fits,I_STOKES|Q_STOKES|U_STOKES|TMASK|PMASK|I_STOKES_INP|Q_STOKES_INP|U_STOKES_INP,I_STOKES,K_CMB_to_uK,1000000.0,0.00011106410047772622,TMASK,COM_CMB_IQU-commander_2048_R3.00_full.fits,256,0.99,47
0.2729828300415689,100.82086786492997,27.522365837015737,96.9915809530453,0.96201890548081,27.522365837015737,1.9237839215862095e-15,692358,0.8803787231445312,COMMANDER,shuffled_spectrum_null_seed_271839,shuffled_null,Observed spectrum values shuffled across ell,COM_CMB_IQU-commander_2048_R3.00_full.fits,I_STOKES|Q_STOKES|U_STOKES|TMASK|PMASK|I_STOKES_INP|Q_STOKES_INP|U_STOKES_INP,I_STOKES,K_CMB_to_uK,1000000.0,0.00011106410047772622,TMASK,COM_CMB_IQU-commander_2048_R3.00_full.fits,256,0.99,48
0.26625960974113827,100.82086786492997,26.84452493147904,97.18137104528245,0.9639013539883096,26.844524931479036,1.0236991997318428e-14,692358,0.8803787231445312,COMMANDER,shuffled_spectrum_null_seed_271832,shuffled_null,Observed spectrum values shuffled across ell,COM_CMB_IQU-commander_2048_R3.00_full.fits,I_STOKES|Q_STOKES|U_STOKES|TMASK|PMASK|I_STOKES_INP|Q_STOKES_INP|U_STOKES_INP,I_STOKES,K_CMB_to_uK,1000000.0,0.00011106410047772622,TMASK,COM_CMB_IQU-commander_2048_R3.00_full.fits,256,0.99,49
0.2611499517361146,100.82086786492997,26.329364776919675,97.32220685681952,0.9652982454703959,26.329364776919675,3.3176687071099844e-15,692358,0.8803787231445312,COMMANDER,shuffled_spectrum_null_seed_271837,shuffled_null,Observed spectrum values shuffled across ell,COM_CMB_IQU-commander_2048_R3.00_full.fits,I_STOKES|Q_STOKES|U_STOKES|TMASK|PMASK|I_STOKES_INP|Q_STOKES_INP|U_STOKES_INP,I_STOKES,K_CMB_to_uK,1000000.0,0.00011106410047772622,TMASK,COM_CMB_IQU-commander_2048_R3.00_full.fits,256,0.99,50
0.25843398274897095,100.82086786492997,26.05553842654179,97.39587421621452,0.9660289211822307,26.05553842654179,6.8605770106612245e-15,692358,0.8803787231445312,COMMANDER,shuffled_spectrum_null_seed_271830,shuffled_null,Observed spectrum values shuffled across ell,COM_CMB_IQU-commander_2048_R3.00_full.fits,I_STOKES|Q_STOKES|U_STOKES|TMASK|PMASK|I_STOKES_INP|Q_STOKES_INP|U_STOKES_INP,I_STOKES,K_CMB_to_uK,1000000.0,0.00011106410047772622,TMASK,COM_CMB_IQU-commander_2048_R3.00_full.fits,256,0.99,51
0.9934405165759089,100.27113187700685,99.61340504954543,11.466011613958248,0.11435007663045554,99.61340504954543,2.871762094952129e-15,615020,0.7820383707682291,NILC,observed_self_spectrum_control,data_control,Observed self-spectrum upper control,COM_CMB_IQU-nilc_2048_R3.00_full.fits,I_STOKES|Q_STOKES|U_STOKES|TMASK|PMASK|I_STOKES_INP|Q_STOKES_INP|U_STOKES_INP,I_STOKES,K_CMB_to_uK,1000000.0,0.00010748148570959083,TMASK,COM_CMB_IQU-nilc_2048_R3.00_full.fits,256,0.99,1
0.9831139900101388,100.27113187700685,98.57795254243733,18.349037043865085,0.18299421478927874,98.57795254243733,-4.024037145858021e-16,615020,0.7820383707682291,NILC,planck_tilt_plus_2p0pct,planck_perturbation,Planck endpoint-normalized tilt perturbation plus 2.0 percent,COM_CMB_IQU-nilc_2048_R3.00_full.fits,I_STOKES|Q_STOKES|U_STOKES|TMASK|PMASK|I_STOKES_INP|Q_STOKES_INP|U_STOKES_INP,I_STOKES,K_CMB_to_uK,1000000.0,0.00010748148570959083,TMASK,COM_CMB_IQU-nilc_2048_R3.00_full.fits,256,0.99,2
0.9830782015461078,100.27113187700685,98.57436399264036,18.368305619803955,0.1831863795288022,98.57436399264036,-8.349970303035301e-15,615020,0.7820383707682291,NILC,planck_tilt_plus_1p0pct,planck_perturbation,Planck endpoint-normalized tilt perturbation plus 1.0 percent,COM_CMB_IQU-nilc_2048_R3.00_full.fits,I_STOKES|Q_STOKES|U_STOKES|TMASK|PMASK|I_STOKES_INP|Q_STOKES_INP|U_STOKES_INP,I_STOKES,K_CMB_to_uK,1000000.0,0.00010748148570959083,TMASK,COM_CMB_IQU-nilc_2048_R3.00_full.fits,256,0.99,3
0.9830622570857183,100.27113187700685,98.57276522354937,18.376883415829138,0.18327192554653046,98.57276522354935,-4.8588399971480105e-15,615020,0.7820383707682291,NILC,cptg_tilt_plus_2p0pct,cptg_perturbation,CPTG endpoint-normalized tilt perturbation plus 2.0 percent,COM_CMB_IQU-nilc_2048_R3.00_full.fits,I_STOKES|Q_STOKES|U_STOKES|TMASK|PMASK|I_STOKES_INP|Q_STOKES_INP|U_STOKES_INP,I_STOKES,K_CMB_to_uK,1000000.0,0.00010748148570959083,TMASK,COM_CMB_IQU-nilc_2048_R3.00_full.fits,256,0.99,4
0.9830589716704636,100.27113187700685,98.5724357912438,18.3786503878065,0.18328954748760448,98.5724357912438,4.1835665060170745e-15,615020,0.7820383707682291,NILC,planck_tilt_plus_0p5pct,planck_perturbation,Planck endpoint-normalized tilt perturbation plus 0.5 percent,COM_CMB_IQU-nilc_2048_R3.00_full.fits,I_STOKES|Q_STOKES|U_STOKES|TMASK|PMASK|I_STOKES_INP|Q_STOKES_INP|U_STOKES_INP,I_STOKES,K_CMB_to_uK,1000000.0,0.00010748148570959083,TMASK,COM_CMB_IQU-nilc_2048_R3.00_full.fits,256,0.99,5
0.9830510039185917,100.27113187700685,98.57163685574554,18.382934898302196,0.18333227673993757,98.57163685574554,-2.0765656644098925e-16,615020,0.7820383707682291,NILC,planck_ripple_minus_2p0pct,planck_perturbation,Planck sinusoidal ripple perturbation minus 2.0 percent,COM_CMB_IQU-nilc_2048_R3.00_full.fits,I_STOKES|Q_STOKES|U_STOKES|TMASK|PMASK|I_STOKES_INP|Q_STOKES_INP|U_STOKES_INP,I_STOKES,K_CMB_to_uK,1000000.0,0.00010748148570959083,TMASK,COM_CMB_IQU-nilc_2048_R3.00_full.fits,256,0.99,6
0.9830505252143288,100.27113187700685,98.57158885552722,18.383192279717964,0.1833348435945342,98.57158885552722,-3.690578948958983e-15,615020,0.7820383707682291,NILC,planck_ripple_minus_1p0pct,planck_perturbation,Planck sinusoidal ripple perturbation minus 1.0 percent,COM_CMB_IQU-nilc_2048_R3.00_full.fits,I_STOKES|Q_STOKES|U_STOKES|TMASK|PMASK|I_STOKES_INP|Q_STOKES_INP|U_STOKES_INP,I_STOKES,K_CMB_to_uK,1000000.0,0.00010748148570959083,TMASK,COM_CMB_IQU-nilc_2048_R3.00_full.fits,256,0.99,7
0.983046086186349,100.27113187700685,98.57114374916766,18.38557880179966,0.18335864428409482,98.57114374916766,-4.601744764865948e-15,615020,0.7820383707682291,NILC,planck_ripple_minus_0p5pct,planck_perturbation,Planck sinusoidal ripple perturbation minus 0.5 percent,COM_CMB_IQU-nilc_2048_R3.00_full.fits,I_STOKES|Q_STOKES|U_STOKES|TMASK|PMASK|I_STOKES_INP|Q_STOKES_INP|U_STOKES_INP,I_STOKES,K_CMB_to_uK,1000000.0,0.00010748148570959083,TMASK,COM_CMB_IQU-nilc_2048_R3.00_full.fits,256,0.99,8
0.9830388532221651,100.27113187700685,98.57041849166133,18.389466720784945,0.18339741834510825,98.57041849166133,4.1119152093487093e-16,615020,0.7820383707682291,NILC,planck2018_baseline_lcdm,benchmark,Planck 2018 baseline LCDM TT envelope,COM_CMB_IQU-nilc_2048_R3.00_full.fits,I_STOKES|Q_STOKES|U_STOKES|TMASK|PMASK|I_STOKES_INP|Q_STOKES_INP|U_STOKES_INP,I_STOKES,K_CMB_to_uK,1000000.0,0.00010748148570959083,TMASK,COM_CMB_IQU-nilc_2048_R3.00_full.fits,256,0.99,9
0.9830293483484771,100.27113187700685,98.56946542721805,18.394574561226523,0.18344835863416217,98.56946542721805,6.796135737888628e-16,615020,0.7820383707682291,NILC,cptg_tilt_plus_1p0pct,cptg_perturbation,CPTG endpoint-normalized tilt perturbation plus 1.0 percent,COM_CMB_IQU-nilc_2048_R3.00_full.fits,I_STOKES|Q_STOKES|U_STOKES|TMASK|PMASK|I_STOKES_INP|Q_STOKES_INP|U_STOKES_INP,I_STOKES,K_CMB_to_uK,1000000.0,0.00010748148570959083,TMASK,COM_CMB_IQU-nilc_2048_R3.00_full.fits,256,0.99,10
0.9830288304492615,100.27113187700685,98.56941349687796,18.394852833813097,0.18345113383557224,98.56941349687796,-2.382683425573186e-15,615020,0.7820383707682291,NILC,planck_ripple_plus_0p5pct,planck_perturbation,Planck sinusoidal ripple perturbation plus 0.5 percent,COM_CMB_IQU-nilc_2048_R3.00_full.fits,I_STOKES|Q_STOKES|U_STOKES|TMASK|PMASK|I_STOKES_INP|Q_STOKES_INP|U_STOKES_INP,I_STOKES,K_CMB_to_uK,1000000.0,0.00010748148570959083,TMASK,COM_CMB_IQU-nilc_2048_R3.00_full.fits,256,0.99,11
0.9830178475514378,100.27113187700685,98.56831222928142,18.400753032605692,0.18350997628286636,98.56831222928143,-4.757645747164637e-16,615020,0.7820383707682291,NILC,planck_tilt_minus_0p5pct,planck_perturbation,Planck endpoint-normalized tilt perturbation minus 0.5 percent,COM_CMB_IQU-nilc_2048_R3.00_full.fits,I_STOKES|Q_STOKES|U_STOKES|TMASK|PMASK|I_STOKES_INP|Q_STOKES_INP|U_STOKES_INP,I_STOKES,K_CMB_to_uK,1000000.0,0.00010748148570959083,TMASK,COM_CMB_IQU-nilc_2048_R3.00_full.fits,256,0.99,12
0.9830160217892777,100.27113187700685,98.56812915804369,18.401733673200276,0.1835197561724141,98.56812915804369,-5.282458433524781e-15,615020,0.7820383707682291,NILC,planck_ripple_plus_1p0pct,planck_perturbation,Planck sinusoidal ripple perturbation plus 1.0 percent,COM_CMB_IQU-nilc_2048_R3.00_full.fits,I_STOKES|Q_STOKES|U_STOKES|TMASK|PMASK|I_STOKES_INP|Q_STOKES_INP|U_STOKES_INP,I_STOKES,K_CMB_to_uK,1000000.0,0.00010748148570959083,TMASK,COM_CMB_IQU-nilc_2048_R3.00_full.fits,256,0.99,13
0.9830115602467243,100.27113187700685,98.5676817941213,18.404129798197392,0.1835436526314673,98.56768179412131,2.695563277850709e-15,615020,0.7820383707682291,NILC,cptg_tilt_plus_0p5pct,cptg_perturbation,CPTG endpoint-normalized tilt perturbation plus 0.5 percent,COM_CMB_IQU-nilc_2048_R3.00_full.fits,I_STOKES|Q_STOKES|U_STOKES|TMASK|PMASK|I_STOKES_INP|Q_STOKES_INP|U_STOKES_INP,I_STOKES,K_CMB_to_uK,1000000.0,0.00010748148570959083,TMASK,COM_CMB_IQU-nilc_2048_R3.00_full.fits,256,0.99,14
0.9830030386277742,100.27113187700685,98.5668273217439,18.408705538999744,0.18358928631203614,98.56682732174389,-6.320234287421062e-15,615020,0.7820383707682291,NILC,cptg_ripple_minus_1p0pct,cptg_perturbation,CPTG sinusoidal ripple perturbation minus 1.0 percent,COM_CMB_IQU-nilc_2048_R3.00_full.fits,I_STOKES|Q_STOKES|U_STOKES|TMASK|PMASK|I_STOKES_INP|Q_STOKES_INP|U_STOKES_INP,I_STOKES,K_CMB_to_uK,1000000.0,0.00010748148570959083,TMASK,COM_CMB_IQU-nilc_2048_R3.00_full.fits,256,0.99,15
0.9830019971617844,100.27113187700685,98.56672289276938,18.4092646804785,0.18359486260770858,98.56672289276938,8.172875003808679e-15,615020,0.7820383707682291,NILC,cptg_ripple_minus_2p0pct,cptg_perturbation,CPTG sinusoidal ripple perturbation minus 2.0 percent,COM_CMB_IQU-nilc_2048_R3.00_full.fits,I_STOKES|Q_STOKES|U_STOKES|TMASK|PMASK|I_STOKES_INP|Q_STOKES_INP|U_STOKES_INP,I_STOKES,K_CMB_to_uK,1000000.0,0.00010748148570959083,TMASK,COM_CMB_IQU-nilc_2048_R3.00_full.fits,256,0.99,16
0.9829993589540587,100.27113187700685,98.56645835669568,18.41068100081823,0.18360898751398236,98.56645835669568,6.421182732232528e-15,615020,0.7820383707682291,NILC,cptg_ripple_minus_0p5pct,cptg_perturbation,CPTG sinusoidal ripple perturbation minus 0.5 percent,COM_CMB_IQU-nilc_2048_R3.00_full.fits,I_STOKES|Q_STOKES|U_STOKES|TMASK|PMASK|I_STOKES_INP|Q_STOKES_INP|U_STOKES_INP,I_STOKES,K_CMB_to_uK,1000000.0,0.00010748148570959083,TMASK,COM_CMB_IQU-nilc_2048_R3.00_full.fits,256,0.99,17
0.9829959559752232,100.27113187700685,98.56611713615543,18.412507721591552,0.18362720532741608,98.56611713615543,-1.622315379198712e-15,615020,0.7820383707682291,NILC,planck_tilt_minus_1p0pct,planck_perturbation,Planck endpoint-normalized tilt perturbation minus 1.0 percent,COM_CMB_IQU-nilc_2048_R3.00_full.fits,I_STOKES|Q_STOKES|U_STOKES|TMASK|PMASK|I_STOKES_INP|Q_STOKES_INP|U_STOKES_INP,I_STOKES,K_CMB_to_uK,1000000.0,0.00010748148570959083,TMASK,COM_CMB_IQU-nilc_2048_R3.00_full.fits,256,0.99,18
0.9829928848281918,100.27113187700685,98.56580918876703,18.414156153885152,0.18364364507695058,98.56580918876703,-9.89659867571255e-15,615020,0.7820383707682291,NILC,cptg_locked_pi_cmb,cptg,Locked CPTG geometric-pi CMB comparison envelope,COM_CMB_IQU-nilc_2048_R3.00_full.fits,I_STOKES|Q_STOKES|U_STOKES|TMASK|PMASK|I_STOKES_INP|Q_STOKES_INP|U_STOKES_INP,I_STOKES,K_CMB_to_uK,1000000.0,0.00010748148570959083,TMASK,COM_CMB_IQU-nilc_2048_R3.00_full.fits,256,0.99,19
0.9829836203562455,100.27113187700685,98.56488022967885,18.41912791652159,0.1836932282674798,98.56488022967885,4.3239931738536526e-16,615020,0.7820383707682291,NILC,cptg_ripple_plus_0p5pct,cptg_perturbation,CPTG sinusoidal ripple perturbation plus 0.5 percent,COM_CMB_IQU-nilc_2048_R3.00_full.fits,I_STOKES|Q_STOKES|U_STOKES|TMASK|PMASK|I_STOKES_INP|Q_STOKES_INP|U_STOKES_INP,I_STOKES,K_CMB_to_uK,1000000.0,0.00010748148570959083,TMASK,COM_CMB_IQU-nilc_2048_R3.00_full.fits,256,0.99,20
0.9829820614687812,100.27113187700685,98.56472391826895,18.419964354245142,0.18370157002754467,98.56472391826895,-5.706070150005887e-15,615020,0.7820383707682291,NILC,planck_ripple_plus_2p0pct,planck_perturbation,Planck sinusoidal ripple perturbation plus 2.0 percent,COM_CMB_IQU-nilc_2048_R3.00_full.fits,I_STOKES|Q_STOKES|U_STOKES|TMASK|PMASK|I_STOKES_INP|Q_STOKES_INP|U_STOKES_INP,I_STOKES,K_CMB_to_uK,1000000.0,0.00010748148570959083,TMASK,COM_CMB_IQU-nilc_2048_R3.00_full.fits,256,0.99,21
0.9829733234298067,100.27113187700685,98.56384774520943,18.424652114902745,0.18374832087766327,98.56384774520943,-9.46338706586335e-15,615020,0.7820383707682291,NILC,cptg_tilt_minus_0p5pct,cptg_perturbation,CPTG endpoint-normalized tilt perturbation minus 0.5 percent,COM_CMB_IQU-nilc_2048_R3.00_full.fits,I_STOKES|Q_STOKES|U_STOKES|TMASK|PMASK|I_STOKES_INP|Q_STOKES_INP|U_STOKES_INP,I_STOKES,K_CMB_to_uK,1000000.0,0.00010748148570959083,TMASK,COM_CMB_IQU-nilc_2048_R3.00_full.fits,256,0.99,22
0.9829715694385343,100.27113187700685,98.5636718705194,18.42559294287776,0.18375770371754355,98.5636718705194,-3.232442637083296e-15,615020,0.7820383707682291,NILC,cptg_ripple_plus_1p0pct,cptg_perturbation,CPTG sinusoidal ripple perturbation plus 1.0 percent,COM_CMB_IQU-nilc_2048_R3.00_full.fits,I_STOKES|Q_STOKES|U_STOKES|TMASK|PMASK|I_STOKES_INP|Q_STOKES_INP|U_STOKES_INP,I_STOKES,K_CMB_to_uK,1000000.0,0.00010748148570959083,TMASK,COM_CMB_IQU-nilc_2048_R3.00_full.fits,256,0.99,23
0.9829528773552444,100.27113187700685,98.56179759417157,18.435616151942344,0.18385766478187937,98.56179759417155,3.6924325620188965e-15,615020,0.7820383707682291,NILC,cptg_tilt_minus_1p0pct,cptg_perturbation,CPTG endpoint-normalized tilt perturbation minus 1.0 percent,COM_CMB_IQU-nilc_2048_R3.00_full.fits,I_STOKES|Q_STOKES|U_STOKES|TMASK|PMASK|I_STOKES_INP|Q_STOKES_INP|U_STOKES_INP,I_STOKES,K_CMB_to_uK,1000000.0,0.00010748148570959083,TMASK,COM_CMB_IQU-nilc_2048_R3.00_full.fits,256,0.99,24
0.9829495202095854,100.27113187700685,98.56146096937648,18.437415748371052,0.18387561208530578,98.56146096937648,4.7732174004375515e-15,615020,0.7820383707682291,NILC,planck_tilt_minus_2p0pct,planck_perturbation,Planck endpoint-normalized tilt perturbation minus 2.0 percent,COM_CMB_IQU-nilc_2048_R3.00_full.fits,I_STOKES|Q_STOKES|U_STOKES|TMASK|PMASK|I_STOKES_INP|Q_STOKES_INP|U_STOKES_INP,I_STOKES,K_CMB_to_uK,1000000.0,0.00010748148570959083,TMASK,COM_CMB_IQU-nilc_2048_R3.00_full.fits,256,0.99,25
0.982939122841654,100.27113187700685,98.56041841352435,18.442988099735736,0.18393118492327395,98.56041841352435,3.974477706850589e-15,615020,0.7820383707682291,NILC,cptg_ripple_plus_2p0pct,cptg_perturbation,CPTG sinusoidal ripple perturbation plus 2.0 percent,COM_CMB_IQU-nilc_2048_R3.00_full.fits,I_STOKES|Q_STOKES|U_STOKES|TMASK|PMASK|I_STOKES_INP|Q_STOKES_INP|U_STOKES_INP,I_STOKES,K_CMB_to_uK,1000000.0,0.00010748148570959083,TMASK,COM_CMB_IQU-nilc_2048_R3.00_full.fits,256,0.99,26
0.9829093362279417,100.27113187700685,98.55743167605296,18.458942258867502,0.18409029511613917,98.55743167605294,-9.982669631846136e-16,615020,0.7820383707682291,NILC,cptg_tilt_minus_2p0pct,cptg_perturbation,CPTG endpoint-normalized tilt perturbation minus 2.0 percent,COM_CMB_IQU-nilc_2048_R3.00_full.fits,I_STOKES|Q_STOKES|U_STOKES|TMASK|PMASK|I_STOKES_INP|Q_STOKES_INP|U_STOKES_INP,I_STOKES,K_CMB_to_uK,1000000.0,0.00010748148570959083,TMASK,COM_CMB_IQU-nilc_2048_R3.00_full.fits,256,0.99,27
0.9820839302474135,100.27113187700685,98.47466728412769,18.89549658454282,0.18844403399893944,98.47466728412769,9.000204952210724e-16,615020,0.7820383707682291,NILC,observed_smoothed_spectrum_control,data_control,Observed spectrum smoothed with width=31,COM_CMB_IQU-nilc_2048_R3.00_full.fits,I_STOKES|Q_STOKES|U_STOKES|TMASK|PMASK|I_STOKES_INP|Q_STOKES_INP|U_STOKES_INP,I_STOKES,K_CMB_to_uK,1000000.0,0.00010748148570959083,TMASK,COM_CMB_IQU-nilc_2048_R3.00_full.fits,256,0.99,28
0.9197943028092805,100.27113187700685,92.22881583671001,39.346479096032546,0.39240086712390126,92.22881583671001,-4.836427590569991e-15,615020,0.7820383707682291,NILC,flat_dl_null,bad_null,Flat D_l null matched to mean observed D_l,COM_CMB_IQU-nilc_2048_R3.00_full.fits,I_STOKES|Q_STOKES|U_STOKES|TMASK|PMASK|I_STOKES_INP|Q_STOKES_INP|U_STOKES_INP,I_STOKES,K_CMB_to_uK,1000000.0,0.00010748148570959083,TMASK,COM_CMB_IQU-nilc_2048_R3.00_full.fits,256,0.99,29
0.825907639541281,100.27113187700685,82.81469384267118,56.53340934032488,0.5638054371388675,82.81469384267118,-2.699830789405739e-15,615020,0.7820383707682291,NILC,powerlaw_dl_null,smooth_null,Fitted smooth power-law D_l null,COM_CMB_IQU-nilc_2048_R3.00_full.fits,I_STOKES|Q_STOKES|U_STOKES|TMASK|PMASK|I_STOKES_INP|Q_STOKES_INP|U_STOKES_INP,I_STOKES,K_CMB_to_uK,1000000.0,0.00010748148570959083,TMASK,COM_CMB_IQU-nilc_2048_R3.00_full.fits,256,0.99,30
0.6256273425653035,100.27113187700685,62.7323617722266,78.22372194145805,0.7801220598308167,62.73236177222659,-4.9150098833306396e-15,615020,0.7820383707682291,NILC,flat_cl_null,bad_null,Flat C_l null matched to mean observed C_l,COM_CMB_IQU-nilc_2048_R3.00_full.fits,I_STOKES|Q_STOKES|U_STOKES|TMASK|PMASK|I_STOKES_INP|Q_STOKES_INP|U_STOKES_INP,I_STOKES,K_CMB_to_uK,1000000.0,0.00010748148570959083,TMASK,COM_CMB_IQU-nilc_2048_R3.00_full.fits,256,0.99,31
0.3815229189087006,100.27113187700685,38.255734915994594,92.68656123696265,0.9243593794338785,38.255734915994594,-8.693562582070133e-15,615020,0.7820383707682291,NILC,shuffled_spectrum_null_seed_271844,shuffled_null,Observed spectrum values shuffled across ell,COM_CMB_IQU-nilc_2048_R3.00_full.fits,I_STOKES|Q_STOKES|U_STOKES|TMASK|PMASK|I_STOKES_INP|Q_STOKES_INP|U_STOKES_INP,I_STOKES,K_CMB_to_uK,1000000.0,0.00010748148570959083,TMASK,COM_CMB_IQU-nilc_2048_R3.00_full.fits,256,0.99,32
0.3583136904616195,100.27113187700685,35.92851930961394,93.61325433994264,0.9336012527989531,35.92851930961394,6.353689380145938e-15,615020,0.7820383707682291,NILC,shuffled_spectrum_null_seed_271841,shuffled_null,Observed spectrum values shuffled across ell,COM_CMB_IQU-nilc_2048_R3.00_full.fits,I_STOKES|Q_STOKES|U_STOKES|TMASK|PMASK|I_STOKES_INP|Q_STOKES_INP|U_STOKES_INP,I_STOKES,K_CMB_to_uK,1000000.0,0.00010748148570959083,TMASK,COM_CMB_IQU-nilc_2048_R3.00_full.fits,256,0.99,33
0.3575179771005958,100.27113187700685,35.84873223025479,93.64383741271824,0.9339062565642753,35.84873223025479,-4.192297532407478e-15,615020,0.7820383707682291,NILC,shuffled_spectrum_null_seed_271831,shuffled_null,Observed spectrum values shuffled across ell,COM_CMB_IQU-nilc_2048_R3.00_full.fits,I_STOKES|Q_STOKES|U_STOKES|TMASK|PMASK|I_STOKES_INP|Q_STOKES_INP|U_STOKES_INP,I_STOKES,K_CMB_to_uK,1000000.0,0.00010748148570959083,TMASK,COM_CMB_IQU-nilc_2048_R3.00_full.fits,256,0.99,34
0.3552059166593405,100.27113187700685,35.61689931284185,93.73225896795077,0.9347880812088897,35.61689931284185,1.0381981696409255e-14,615020,0.7820383707682291,NILC,shuffled_spectrum_null_seed_271845,shuffled_null,Observed spectrum values shuffled across ell,COM_CMB_IQU-nilc_2048_R3.00_full.fits,I_STOKES|Q_STOKES|U_STOKES|TMASK|PMASK|I_STOKES_INP|Q_STOKES_INP|U_STOKES_INP,I_STOKES,K_CMB_to_uK,1000000.0,0.00010748148570959083,TMASK,COM_CMB_IQU-nilc_2048_R3.00_full.fits,256,0.99,35
0.34866891175213766,100.27113187700685,34.96142643171147,93.97871327995588,0.9372459602354017,34.96142643171147,-1.7423988293642913e-16,615020,0.7820383707682291,NILC,shuffled_spectrum_null_seed_271843,shuffled_null,Observed spectrum values shuffled across ell,COM_CMB_IQU-nilc_2048_R3.00_full.fits,I_STOKES|Q_STOKES|U_STOKES|TMASK|PMASK|I_STOKES_INP|Q_STOKES_INP|U_STOKES_INP,I_STOKES,K_CMB_to_uK,1000000.0,0.00010748148570959083,TMASK,COM_CMB_IQU-nilc_2048_R3.00_full.fits,256,0.99,36
0.3361588978282001,100.27113187700685,33.707033175760806,94.43588196434798,0.9418052852957078,33.707033175760806,1.970095254365144e-15,615020,0.7820383707682291,NILC,shuffled_spectrum_null_seed_271835,shuffled_null,Observed spectrum values shuffled across ell,COM_CMB_IQU-nilc_2048_R3.00_full.fits,I_STOKES|Q_STOKES|U_STOKES|TMASK|PMASK|I_STOKES_INP|Q_STOKES_INP|U_STOKES_INP,I_STOKES,K_CMB_to_uK,1000000.0,0.00010748148570959083,TMASK,COM_CMB_IQU-nilc_2048_R3.00_full.fits,256,0.99,37
0.33543207039587764,100.27113187700685,33.63415336644221,94.46186328470726,0.9420643959676722,33.63415336644221,-3.16686584783842e-15,615020,0.7820383707682291,NILC,shuffled_spectrum_null_seed_271829,shuffled_null,Observed spectrum values shuffled across ell,COM_CMB_IQU-nilc_2048_R3.00_full.fits,I_STOKES|Q_STOKES|U_STOKES|TMASK|PMASK|I_STOKES_INP|Q_STOKES_INP|U_STOKES_INP,I_STOKES,K_CMB_to_uK,1000000.0,0.00010748148570959083,TMASK,COM_CMB_IQU-nilc_2048_R3.00_full.fits,256,0.99,38
0.3294578288912092,100.27113187700685,33.03510940866297,94.67302379375964,0.944170291304641,33.03510940866297,4.283469821816663e-15,615020,0.7820383707682291,NILC,shuffled_spectrum_null_seed_271833,shuffled_null,Observed spectrum values shuffled across ell,COM_CMB_IQU-nilc_2048_R3.00_full.fits,I_STOKES|Q_STOKES|U_STOKES|TMASK|PMASK|I_STOKES_INP|Q_STOKES_INP|U_STOKES_INP,I_STOKES,K_CMB_to_uK,1000000.0,0.00010748148570959083,TMASK,COM_CMB_IQU-nilc_2048_R3.00_full.fits,256,0.99,39
0.3294525835435191,100.27113187700685,33.034583451712955,94.67320731900828,0.9441721215946279,33.034583451712955,1.4997052753910602e-15,615020,0.7820383707682291,NILC,shuffled_spectrum_null_seed_271842,shuffled_null,Observed spectrum values shuffled across ell,COM_CMB_IQU-nilc_2048_R3.00_full.fits,I_STOKES|Q_STOKES|U_STOKES|TMASK|PMASK|I_STOKES_INP|Q_STOKES_INP|U_STOKES_INP,I_STOKES,K_CMB_to_uK,1000000.0,0.00010748148570959083,TMASK,COM_CMB_IQU-nilc_2048_R3.00_full.fits,256,0.99,40
0.32229724737404164,100.27113187700685,32.317109795038625,94.92051570862596,0.9466385183031145,32.317109795038625,4.857154942888008e-15,615020,0.7820383707682291,NILC,shuffled_spectrum_null_seed_271846,shuffled_null,Observed spectrum values shuffled across ell,COM_CMB_IQU-nilc_2048_R3.00_full.fits,I_STOKES|Q_STOKES|U_STOKES|TMASK|PMASK|I_STOKES_INP|Q_STOKES_INP|U_STOKES_INP,I_STOKES,K_CMB_to_uK,1000000.0,0.00010748148570959083,TMASK,COM_CMB_IQU-nilc_2048_R3.00_full.fits,256,0.99,41
0.31896814666683604,100.27113187700685,31.983297098994957,95.03351300764133,0.9477654358605425,31.98329709899496,-1.8719553361665204e-15,615020,0.7820383707682291,NILC,shuffled_spectrum_null_seed_271838,shuffled_null,Observed spectrum values shuffled across ell,COM_CMB_IQU-nilc_2048_R3.00_full.fits,I_STOKES|Q_STOKES|U_STOKES|TMASK|PMASK|I_STOKES_INP|Q_STOKES_INP|U_STOKES_INP,I_STOKES,K_CMB_to_uK,1000000.0,0.00010748148570959083,TMASK,COM_CMB_IQU-nilc_2048_R3.00_full.fits,256,0.99,42
0.318148592146899,100.27113187700685,31.901119439645814,95.06113015525091,0.9480408605724471,31.90111943964581,-3.5967999727274625e-15,615020,0.7820383707682291,NILC,shuffled_spectrum_null_seed_271840,shuffled_null,Observed spectrum values shuffled across ell,COM_CMB_IQU-nilc_2048_R3.00_full.fits,I_STOKES|Q_STOKES|U_STOKES|TMASK|PMASK|I_STOKES_INP|Q_STOKES_INP|U_STOKES_INP,I_STOKES,K_CMB_to_uK,1000000.0,0.00010748148570959083,TMASK,COM_CMB_IQU-nilc_2048_R3.00_full.fits,256,0.99,43
0.3155541667925766,100.27113187700685,31.640973472797615,95.14803563705257,0.9489075654771874,31.640973472797615,8.651011830653375e-15,615020,0.7820383707682291,NILC,shuffled_spectrum_null_seed_271834,shuffled_null,Observed spectrum values shuffled across ell,COM_CMB_IQU-nilc_2048_R3.00_full.fits,I_STOKES|Q_STOKES|U_STOKES|TMASK|PMASK|I_STOKES_INP|Q_STOKES_INP|U_STOKES_INP,I_STOKES,K_CMB_to_uK,1000000.0,0.00010748148570959083,TMASK,COM_CMB_IQU-nilc_2048_R3.00_full.fits,256,0.99,44
0.3093500537711045,100.27113187700685,31.018880037841598,95.35265580514312,0.9509482342545333,31.0188800378416,-5.995053225863256e-16,615020,0.7820383707682291,NILC,shuffled_spectrum_null_seed_271828,shuffled_null,Observed spectrum values shuffled across ell,COM_CMB_IQU-nilc_2048_R3.00_full.fits,I_STOKES|Q_STOKES|U_STOKES|TMASK|PMASK|I_STOKES_INP|Q_STOKES_INP|U_STOKES_INP,I_STOKES,K_CMB_to_uK,1000000.0,0.00010748148570959083,TMASK,COM_CMB_IQU-nilc_2048_R3.00_full.fits,256,0.99,45
0.30404044751147336,100.27113187700685,30.48647980836716,95.52420864257459,0.9526591238617426,30.48647980836716,9.886659692534618e-15,615020,0.7820383707682291,NILC,shuffled_spectrum_null_seed_271836,shuffled_null,Observed spectrum values shuffled across ell,COM_CMB_IQU-nilc_2048_R3.00_full.fits,I_STOKES|Q_STOKES|U_STOKES|TMASK|PMASK|I_STOKES_INP|Q_STOKES_INP|U_STOKES_INP,I_STOKES,K_CMB_to_uK,1000000.0,0.00010748148570959083,TMASK,COM_CMB_IQU-nilc_2048_R3.00_full.fits,256,0.99,46
0.2977082313308833,100.27113187700685,29.851541324649475,95.7245285621133,0.9546569064317492,29.85154132464947,7.375723989330965e-16,615020,0.7820383707682291,NILC,shuffled_spectrum_null_seed_271847,shuffled_null,Observed spectrum values shuffled across ell,COM_CMB_IQU-nilc_2048_R3.00_full.fits,I_STOKES|Q_STOKES|U_STOKES|TMASK|PMASK|I_STOKES_INP|Q_STOKES_INP|U_STOKES_INP,I_STOKES,K_CMB_to_uK,1000000.0,0.00010748148570959083,TMASK,COM_CMB_IQU-nilc_2048_R3.00_full.fits,256,0.99,47
0.2926686156905444,100.27113187700685,29.34621336016726,95.8806531544066,0.9562139307653809,29.34621336016726,-1.9719566419285074e-15,615020,0.7820383707682291,NILC,shuffled_spectrum_null_seed_271839,shuffled_null,Observed spectrum values shuffled across ell,COM_CMB_IQU-nilc_2048_R3.00_full.fits,I_STOKES|Q_STOKES|U_STOKES|TMASK|PMASK|I_STOKES_INP|Q_STOKES_INP|U_STOKES_INP,I_STOKES,K_CMB_to_uK,1000000.0,0.00010748148570959083,TMASK,COM_CMB_IQU-nilc_2048_R3.00_full.fits,256,0.99,48
0.28361172367766024,100.27113187700685,28.43806854674787,96.15391903207362,0.9589392004671551,28.438068546747875,-6.695111961129914e-16,615020,0.7820383707682291,NILC,shuffled_spectrum_null_seed_271832,shuffled_null,Observed spectrum values shuffled across ell,COM_CMB_IQU-nilc_2048_R3.00_full.fits,I_STOKES|Q_STOKES|U_STOKES|TMASK|PMASK|I_STOKES_INP|Q_STOKES_INP|U_STOKES_INP,I_STOKES,K_CMB_to_uK,1000000.0,0.00010748148570959083,TMASK,COM_CMB_IQU-nilc_2048_R3.00_full.fits,256,0.99,49
0.2760873650743003,100.27113187700685,27.683592592940293,96.37384805560163,0.9611325438493539,27.68359259294029,7.225808786341099e-15,615020,0.7820383707682291,NILC,shuffled_spectrum_null_seed_271830,shuffled_null,Observed spectrum values shuffled across ell,COM_CMB_IQU-nilc_2048_R3.00_full.fits,I_STOKES|Q_STOKES|U_STOKES|TMASK|PMASK|I_STOKES_INP|Q_STOKES_INP|U_STOKES_INP,I_STOKES,K_CMB_to_uK,1000000.0,0.00010748148570959083,TMASK,COM_CMB_IQU-nilc_2048_R3.00_full.fits,256,0.99,50
0.2753069598300834,100.27113187700685,27.60534047578042,96.39629176017277,0.961356374020122,27.60534047578042,7.861626688816456e-16,615020,0.7820383707682291,NILC,shuffled_spectrum_null_seed_271837,shuffled_null,Observed spectrum values shuffled across ell,COM_CMB_IQU-nilc_2048_R3.00_full.fits,I_STOKES|Q_STOKES|U_STOKES|TMASK|PMASK|I_STOKES_INP|Q_STOKES_INP|U_STOKES_INP,I_STOKES,K_CMB_to_uK,1000000.0,0.00010748148570959083,TMASK,COM_CMB_IQU-nilc_2048_R3.00_full.fits,256,0.99,51
0.9934539833467289,100.52826498766751,99.87020529093428,11.483647355149692,0.11423302049984121,99.87020529093428,-4.417419410871342e-15,658931,0.8378740946451823,SEVEM,observed_self_spectrum_control,data_control,Observed self-spectrum upper control,COM_CMB_IQU-sevem_2048_R3.00_full.fits,I_STOKES|Q_STOKES|U_STOKES|TMASK|PMASK|I_STOKES_INP|Q_STOKES_INP|U_STOKES_INP|TMASKINP|PMASKINP,I_STOKES,K_CMB_to_uK,1000000.0,0.00011071784806703948,TMASK,COM_CMB_IQU-sevem_2048_R3.00_full.fits,256,0.99,1
0.98333855667053,100.52826498766751,98.85331899756603,18.274391497290424,0.18178361577743601,98.85331899756603,2.328699762741817e-16,658931,0.8378740946451823,SEVEM,planck_tilt_plus_2p0pct,planck_perturbation,Planck endpoint-normalized tilt perturbation plus 2.0 percent,COM_CMB_IQU-sevem_2048_R3.00_full.fits,I_STOKES|Q_STOKES|U_STOKES|TMASK|PMASK|I_STOKES_INP|Q_STOKES_INP|U_STOKES_INP|TMASKINP|PMASKINP,I_STOKES,K_CMB_to_uK,1000000.0,0.00011071784806703948,TMASK,COM_CMB_IQU-sevem_2048_R3.00_full.fits,256,0.99,2
0.9832951253117543,100.52826498766751,98.84895291842156,18.29799356110758,0.18201839615308513,98.84895291842156,5.538934416311835e-15,658931,0.8378740946451823,SEVEM,planck_tilt_plus_1p0pct,planck_perturbation,Planck endpoint-normalized tilt perturbation plus 1.0 percent,COM_CMB_IQU-sevem_2048_R3.00_full.fits,I_STOKES|Q_STOKES|U_STOKES|TMASK|PMASK|I_STOKES_INP|Q_STOKES_INP|U_STOKES_INP|TMASKINP|PMASKINP,I_STOKES,K_CMB_to_uK,1000000.0,0.00011071784806703948,TMASK,COM_CMB_IQU-sevem_2048_R3.00_full.fits,256,0.99,3
0.9832938394983031,100.52826498766751,98.84882365782522,18.298691835610363,0.182025342204555,98.84882365782522,1.701287915501306e-15,658931,0.8378740946451823,SEVEM,cptg_tilt_plus_2p0pct,cptg_perturbation,CPTG endpoint-normalized tilt perturbation plus 2.0 percent,COM_CMB_IQU-sevem_2048_R3.00_full.fits,I_STOKES|Q_STOKES|U_STOKES|TMASK|PMASK|I_STOKES_INP|Q_STOKES_INP|U_STOKES_INP|TMASKINP|PMASKINP,I_STOKES,K_CMB_to_uK,1000000.0,0.00011071784806703948,TMASK,COM_CMB_IQU-sevem_2048_R3.00_full.fits,256,0.99,4
0.9832720736737408,100.52826498766751,98.846635577248,18.310507816267542,0.18214288109432522,98.84663557724798,-8.501443530857101e-15,658931,0.8378740946451823,SEVEM,planck_tilt_plus_0p5pct,planck_perturbation,Planck endpoint-normalized tilt perturbation plus 0.5 percent,COM_CMB_IQU-sevem_2048_R3.00_full.fits,I_STOKES|Q_STOKES|U_STOKES|TMASK|PMASK|I_STOKES_INP|Q_STOKES_INP|U_STOKES_INP|TMASKINP|PMASKINP,I_STOKES,K_CMB_to_uK,1000000.0,0.00011071784806703948,TMASK,COM_CMB_IQU-sevem_2048_R3.00_full.fits,256,0.99,5
0.9832633392097099,100.52826498766751,98.8457575167329,18.315247264888672,0.18219002652771862,98.8457575167329,1.6409063165393697e-15,658931,0.8378740946451823,SEVEM,planck_ripple_minus_2p0pct,planck_perturbation,Planck sinusoidal ripple perturbation minus 2.0 percent,COM_CMB_IQU-sevem_2048_R3.00_full.fits,I_STOKES|Q_STOKES|U_STOKES|TMASK|PMASK|I_STOKES_INP|Q_STOKES_INP|U_STOKES_INP|TMASKINP|PMASKINP,I_STOKES,K_CMB_to_uK,1000000.0,0.00011071784806703948,TMASK,COM_CMB_IQU-sevem_2048_R3.00_full.fits,256,0.99,6
0.9832612836468348,100.52826498766751,98.84555087456195,18.31636245914699,0.18220111986806878,98.84555087456197,-4.9084540806826735e-15,658931,0.8378740946451823,SEVEM,planck_ripple_minus_1p0pct,planck_perturbation,Planck sinusoidal ripple perturbation minus 1.0 percent,COM_CMB_IQU-sevem_2048_R3.00_full.fits,I_STOKES|Q_STOKES|U_STOKES|TMASK|PMASK|I_STOKES_INP|Q_STOKES_INP|U_STOKES_INP|TMASKINP|PMASKINP,I_STOKES,K_CMB_to_uK,1000000.0,0.00011071784806703948,TMASK,COM_CMB_IQU-sevem_2048_R3.00_full.fits,256,0.99,7
0.9832560931531684,100.52826498766751,98.84502908324038,18.319178119229413,0.18222912850904918,98.84502908324038,4.573539054308228e-16,658931,0.8378740946451823,SEVEM,planck_ripple_minus_0p5pct,planck_perturbation,Planck sinusoidal ripple perturbation minus 0.5 percent,COM_CMB_IQU-sevem_2048_R3.00_full.fits,I_STOKES|Q_STOKES|U_STOKES|TMASK|PMASK|I_STOKES_INP|Q_STOKES_INP|U_STOKES_INP|TMASKINP|PMASKINP,I_STOKES,K_CMB_to_uK,1000000.0,0.00011071784806703948,TMASK,COM_CMB_IQU-sevem_2048_R3.00_full.fits,256,0.99,8
0.9832532535159569,100.52826498766751,98.84474361943838,18.32071833302941,0.18224444971050618,98.84474361943836,7.87606801852508e-15,658931,0.8378740946451823,SEVEM,cptg_tilt_plus_1p0pct,cptg_perturbation,CPTG endpoint-normalized tilt perturbation plus 1.0 percent,COM_CMB_IQU-sevem_2048_R3.00_full.fits,I_STOKES|Q_STOKES|U_STOKES|TMASK|PMASK|I_STOKES_INP|Q_STOKES_INP|U_STOKES_INP|TMASKINP|PMASKINP,I_STOKES,K_CMB_to_uK,1000000.0,0.00011071784806703948,TMASK,COM_CMB_IQU-sevem_2048_R3.00_full.fits,256,0.99,9
0.9832481332909326,100.52826498766751,98.84422889210045,18.323495194879783,0.18227207240797055,98.84422889210045,-6.244265211701362e-15,658931,0.8378740946451823,SEVEM,planck2018_baseline_lcdm,benchmark,Planck 2018 baseline LCDM TT envelope,COM_CMB_IQU-sevem_2048_R3.00_full.fits,I_STOKES|Q_STOKES|U_STOKES|TMASK|PMASK|I_STOKES_INP|Q_STOKES_INP|U_STOKES_INP|TMASKINP|PMASKINP,I_STOKES,K_CMB_to_uK,1000000.0,0.00011071784806703948,TMASK,COM_CMB_IQU-sevem_2048_R3.00_full.fits,256,0.99,10
0.9832374081331066,100.52826498766751,98.84315071059147,18.329310380748975,0.18232991868503406,98.84315071059147,-9.699304863468558e-15,658931,0.8378740946451823,SEVEM,planck_ripple_plus_0p5pct,planck_perturbation,Planck sinusoidal ripple perturbation plus 0.5 percent,COM_CMB_IQU-sevem_2048_R3.00_full.fits,I_STOKES|Q_STOKES|U_STOKES|TMASK|PMASK|I_STOKES_INP|Q_STOKES_INP|U_STOKES_INP|TMASKINP|PMASKINP,I_STOKES,K_CMB_to_uK,1000000.0,0.00011071784806703948,TMASK,COM_CMB_IQU-sevem_2048_R3.00_full.fits,256,0.99,11
0.9832316263730934,100.52826498766751,98.8425694802891,18.332444462340927,0.18236109480840929,98.8425694802891,-3.615187623924093e-15,658931,0.8378740946451823,SEVEM,cptg_tilt_plus_0p5pct,cptg_perturbation,CPTG endpoint-normalized tilt perturbation plus 0.5 percent,COM_CMB_IQU-sevem_2048_R3.00_full.fits,I_STOKES|Q_STOKES|U_STOKES|TMASK|PMASK|I_STOKES_INP|Q_STOKES_INP|U_STOKES_INP|TMASKINP|PMASKINP,I_STOKES,K_CMB_to_uK,1000000.0,0.00011071784806703948,TMASK,COM_CMB_IQU-sevem_2048_R3.00_full.fits,256,0.99,12
0.9832239215480789,100.52826498766751,98.84179492759955,18.336620106256852,0.18240263182206845,98.84179492759957,-5.8844295363551685e-15,658931,0.8378740946451823,SEVEM,planck_ripple_plus_1p0pct,planck_perturbation,Planck sinusoidal ripple perturbation plus 1.0 percent,COM_CMB_IQU-sevem_2048_R3.00_full.fits,I_STOKES|Q_STOKES|U_STOKES|TMASK|PMASK|I_STOKES_INP|Q_STOKES_INP|U_STOKES_INP|TMASKINP|PMASKINP,I_STOKES,K_CMB_to_uK,1000000.0,0.00011071784806703948,TMASK,COM_CMB_IQU-sevem_2048_R3.00_full.fits,256,0.99,13
0.9832233055415313,100.52826498766751,98.84173300152922,18.336953909661954,0.18240595231511728,98.84173300152922,6.516792665082522e-15,658931,0.8378740946451823,SEVEM,planck_tilt_minus_0p5pct,planck_perturbation,Planck endpoint-normalized tilt perturbation minus 0.5 percent,COM_CMB_IQU-sevem_2048_R3.00_full.fits,I_STOKES|Q_STOKES|U_STOKES|TMASK|PMASK|I_STOKES_INP|Q_STOKES_INP|U_STOKES_INP|TMASKINP|PMASKINP,I_STOKES,K_CMB_to_uK,1000000.0,0.00011071784806703948,TMASK,COM_CMB_IQU-sevem_2048_R3.00_full.fits,256,0.99,14
0.9832212934786178,100.52826498766751,98.84153073233612,18.338044168324988,0.18241679760985272,98.84153073233611,7.19300717788071e-15,658931,0.8378740946451823,SEVEM,cptg_ripple_minus_2p0pct,cptg_perturbation,CPTG sinusoidal ripple perturbation minus 2.0 percent,COM_CMB_IQU-sevem_2048_R3.00_full.fits,I_STOKES|Q_STOKES|U_STOKES|TMASK|PMASK|I_STOKES_INP|Q_STOKES_INP|U_STOKES_INP|TMASKINP|PMASKINP,I_STOKES,K_CMB_to_uK,1000000.0,0.00011071784806703948,TMASK,COM_CMB_IQU-sevem_2048_R3.00_full.fits,256,0.99,15
0.9832207509985591,100.52826498766751,98.84147619775712,18.33833810570121,0.18241972153752878,98.84147619775712,-9.042910632883471e-15,658931,0.8378740946451823,SEVEM,cptg_ripple_minus_1p0pct,cptg_perturbation,CPTG sinusoidal ripple perturbation minus 1.0 percent,COM_CMB_IQU-sevem_2048_R3.00_full.fits,I_STOKES|Q_STOKES|U_STOKES|TMASK|PMASK|I_STOKES_INP|Q_STOKES_INP|U_STOKES_INP|TMASKINP|PMASKINP,I_STOKES,K_CMB_to_uK,1000000.0,0.00011071784806703948,TMASK,COM_CMB_IQU-sevem_2048_R3.00_full.fits,256,0.99,16
0.9832163162869214,100.52826498766751,98.8410303838903,18.3407408269579,0.18244362248973348,98.8410303838903,-2.6598154796793643e-15,658931,0.8378740946451823,SEVEM,cptg_ripple_minus_0p5pct,cptg_perturbation,CPTG sinusoidal ripple perturbation minus 0.5 percent,COM_CMB_IQU-sevem_2048_R3.00_full.fits,I_STOKES|Q_STOKES|U_STOKES|TMASK|PMASK|I_STOKES_INP|Q_STOKES_INP|U_STOKES_INP|TMASKINP|PMASKINP,I_STOKES,K_CMB_to_uK,1000000.0,0.00011071784806703948,TMASK,COM_CMB_IQU-sevem_2048_R3.00_full.fits,256,0.99,17
0.9832091116723578,100.52826498766751,98.84030611648755,18.34464358415418,0.18248244497609348,98.84030611648755,-1.9855608744825657e-15,658931,0.8378740946451823,SEVEM,cptg_locked_pi_cmb,cptg,Locked CPTG geometric-pi CMB comparison envelope,COM_CMB_IQU-sevem_2048_R3.00_full.fits,I_STOKES|Q_STOKES|U_STOKES|TMASK|PMASK|I_STOKES_INP|Q_STOKES_INP|U_STOKES_INP|TMASKINP|PMASKINP,I_STOKES,K_CMB_to_uK,1000000.0,0.00011071784806703948,TMASK,COM_CMB_IQU-sevem_2048_R3.00_full.fits,256,0.99,18
0.9831991412068815,100.52826498766751,98.83930380289286,18.35004319314299,0.18253615732246165,98.83930380289284,-1.0912761324243235e-14,658931,0.8378740946451823,SEVEM,cptg_ripple_plus_0p5pct,cptg_perturbation,CPTG sinusoidal ripple perturbation plus 0.5 percent,COM_CMB_IQU-sevem_2048_R3.00_full.fits,I_STOKES|Q_STOKES|U_STOKES|TMASK|PMASK|I_STOKES_INP|Q_STOKES_INP|U_STOKES_INP|TMASKINP|PMASKINP,I_STOKES,K_CMB_to_uK,1000000.0,0.00011071784806703948,TMASK,COM_CMB_IQU-sevem_2048_R3.00_full.fits,256,0.99,19
0.9831975917701283,100.52826498766751,98.83914804070373,18.350882159135917,0.18254450289564975,98.83914804070373,2.914300831538221e-15,658931,0.8378740946451823,SEVEM,planck_tilt_minus_1p0pct,planck_perturbation,Planck endpoint-normalized tilt perturbation minus 1.0 percent,COM_CMB_IQU-sevem_2048_R3.00_full.fits,I_STOKES|Q_STOKES|U_STOKES|TMASK|PMASK|I_STOKES_INP|Q_STOKES_INP|U_STOKES_INP|TMASKINP|PMASKINP,I_STOKES,K_CMB_to_uK,1000000.0,0.00011071784806703948,TMASK,COM_CMB_IQU-sevem_2048_R3.00_full.fits,256,0.99,20
0.9831886785503745,100.52826498766751,98.83825201018672,18.35570758651166,0.18259250359850018,98.83825201018671,2.085945220719377e-17,658931,0.8378740946451823,SEVEM,planck_ripple_plus_2p0pct,planck_perturbation,Planck sinusoidal ripple perturbation plus 2.0 percent,COM_CMB_IQU-sevem_2048_R3.00_full.fits,I_STOKES|Q_STOKES|U_STOKES|TMASK|PMASK|I_STOKES_INP|Q_STOKES_INP|U_STOKES_INP|TMASKINP|PMASKINP,I_STOKES,K_CMB_to_uK,1000000.0,0.00011071784806703948,TMASK,COM_CMB_IQU-sevem_2048_R3.00_full.fits,256,0.99,21
0.9831864087380013,100.52826498766751,98.83802382988726,18.356936204971387,0.18260472522054724,98.83802382988725,-7.504068484953651e-15,658931,0.8378740946451823,SEVEM,cptg_ripple_plus_1p0pct,cptg_perturbation,CPTG sinusoidal ripple perturbation plus 1.0 percent,COM_CMB_IQU-sevem_2048_R3.00_full.fits,I_STOKES|Q_STOKES|U_STOKES|TMASK|PMASK|I_STOKES_INP|Q_STOKES_INP|U_STOKES_INP|TMASKINP|PMASKINP,I_STOKES,K_CMB_to_uK,1000000.0,0.00011071784806703948,TMASK,COM_CMB_IQU-sevem_2048_R3.00_full.fits,256,0.99,22
0.9831857107787209,100.52826498766751,98.83795366525204,18.35731398370404,0.18260848315601644,98.83795366525204,-3.057021200178425e-15,658931,0.8378740946451823,SEVEM,cptg_tilt_minus_0p5pct,cptg_perturbation,CPTG endpoint-normalized tilt perturbation minus 0.5 percent,COM_CMB_IQU-sevem_2048_R3.00_full.fits,I_STOKES|Q_STOKES|U_STOKES|TMASK|PMASK|I_STOKES_INP|Q_STOKES_INP|U_STOKES_INP|TMASKINP|PMASKINP,I_STOKES,K_CMB_to_uK,1000000.0,0.00011071784806703948,TMASK,COM_CMB_IQU-sevem_2048_R3.00_full.fits,256,0.99,23
0.9831614250235782,100.52826498766751,98.83551226042282,18.370453931529795,0.18273919214445233,98.83551226042282,-1.3423184544039692e-15,658931,0.8378740946451823,SEVEM,cptg_tilt_minus_1p0pct,cptg_perturbation,CPTG endpoint-normalized tilt perturbation minus 1.0 percent,COM_CMB_IQU-sevem_2048_R3.00_full.fits,I_STOKES|Q_STOKES|U_STOKES|TMASK|PMASK|I_STOKES_INP|Q_STOKES_INP|U_STOKES_INP|TMASKINP|PMASKINP,I_STOKES,K_CMB_to_uK,1000000.0,0.00011071784806703948,TMASK,COM_CMB_IQU-sevem_2048_R3.00_full.fits,256,0.99,24
0.9831526721608682,100.52826498766751,98.83463235032094,18.37518733530483,0.18278627744703482,98.83463235032093,5.085702653420915e-15,658931,0.8378740946451823,SEVEM,cptg_ripple_plus_2p0pct,cptg_perturbation,CPTG sinusoidal ripple perturbation plus 2.0 percent,COM_CMB_IQU-sevem_2048_R3.00_full.fits,I_STOKES|Q_STOKES|U_STOKES|TMASK|PMASK|I_STOKES_INP|Q_STOKES_INP|U_STOKES_INP|TMASKINP|PMASKINP,I_STOKES,K_CMB_to_uK,1000000.0,0.00011071784806703948,TMASK,COM_CMB_IQU-sevem_2048_R3.00_full.fits,256,0.99,25
0.9831435113735807,100.52826498766751,98.83371143226776,18.380139987324164,0.18283554371080593,98.83371143226776,-1.9521237181884966e-16,658931,0.8378740946451823,SEVEM,planck_tilt_minus_2p0pct,planck_perturbation,Planck endpoint-normalized tilt perturbation minus 2.0 percent,COM_CMB_IQU-sevem_2048_R3.00_full.fits,I_STOKES|Q_STOKES|U_STOKES|TMASK|PMASK|I_STOKES_INP|Q_STOKES_INP|U_STOKES_INP|TMASKINP|PMASKINP,I_STOKES,K_CMB_to_uK,1000000.0,0.00011071784806703948,TMASK,COM_CMB_IQU-sevem_2048_R3.00_full.fits,256,0.99,26
0.9831102040884159,100.52826498766751,98.83036310868074,18.3981354826278,0.18301455302033537,98.83036310868074,-8.388164535806539e-15,658931,0.8378740946451823,SEVEM,cptg_tilt_minus_2p0pct,cptg_perturbation,CPTG endpoint-normalized tilt perturbation minus 2.0 percent,COM_CMB_IQU-sevem_2048_R3.00_full.fits,I_STOKES|Q_STOKES|U_STOKES|TMASK|PMASK|I_STOKES_INP|Q_STOKES_INP|U_STOKES_INP|TMASKINP|PMASKINP,I_STOKES,K_CMB_to_uK,1000000.0,0.00011071784806703948,TMASK,COM_CMB_IQU-sevem_2048_R3.00_full.fits,256,0.99,27
0.9815142904437117,100.52826498766751,98.66992867890886,19.239990538716963,0.1913888650229591,98.66992867890886,-4.435406045034466e-15,658931,0.8378740946451823,SEVEM,observed_smoothed_spectrum_control,data_control,Observed spectrum smoothed with width=31,COM_CMB_IQU-sevem_2048_R3.00_full.fits,I_STOKES|Q_STOKES|U_STOKES|TMASK|PMASK|I_STOKES_INP|Q_STOKES_INP|U_STOKES_INP|TMASKINP|PMASKINP,I_STOKES,K_CMB_to_uK,1000000.0,0.00011071784806703948,TMASK,COM_CMB_IQU-sevem_2048_R3.00_full.fits,256,0.99,28
0.9197953626809939,100.52826498766751,92.46543195402248,39.447128602557335,0.392398382757293,92.46543195402248,5.943176941665816e-15,658931,0.8378740946451823,SEVEM,flat_dl_null,bad_null,Flat D_l null matched to mean observed D_l,COM_CMB_IQU-sevem_2048_R3.00_full.fits,I_STOKES|Q_STOKES|U_STOKES|TMASK|PMASK|I_STOKES_INP|Q_STOKES_INP|U_STOKES_INP|TMASKINP|PMASKINP,I_STOKES,K_CMB_to_uK,1000000.0,0.00011071784806703948,TMASK,COM_CMB_IQU-sevem_2048_R3.00_full.fits,256,0.99,29
0.8294573807179481,100.52826498766751,83.3839113647908,56.152073754577025,0.5585700077631458,83.3839113647908,-1.692526804521813e-14,658931,0.8378740946451823,SEVEM,powerlaw_dl_null,smooth_null,Fitted smooth power-law D_l null,COM_CMB_IQU-sevem_2048_R3.00_full.fits,I_STOKES|Q_STOKES|U_STOKES|TMASK|PMASK|I_STOKES_INP|Q_STOKES_INP|U_STOKES_INP|TMASKINP|PMASKINP,I_STOKES,K_CMB_to_uK,1000000.0,0.00011071784806703948,TMASK,COM_CMB_IQU-sevem_2048_R3.00_full.fits,256,0.99,30
0.6307009449818579,100.52826498766751,63.403271725109015,78.0125451192483,0.776025977657315,63.403271725109015,-1.4505920260052417e-14,658931,0.8378740946451823,SEVEM,flat_cl_null,bad_null,Flat C_l null matched to mean observed C_l,COM_CMB_IQU-sevem_2048_R3.00_full.fits,I_STOKES|Q_STOKES|U_STOKES|TMASK|PMASK|I_STOKES_INP|Q_STOKES_INP|U_STOKES_INP|TMASKINP|PMASKINP,I_STOKES,K_CMB_to_uK,1000000.0,0.00011071784806703948,TMASK,COM_CMB_IQU-sevem_2048_R3.00_full.fits,256,0.99,31
0.37789786949151827,100.52826498766751,37.98941716251815,93.07382148103115,0.9258472877498597,37.98941716251816,-2.4109322357640768e-15,658931,0.8378740946451823,SEVEM,shuffled_spectrum_null_seed_271844,shuffled_null,Observed spectrum values shuffled across ell,COM_CMB_IQU-sevem_2048_R3.00_full.fits,I_STOKES|Q_STOKES|U_STOKES|TMASK|PMASK|I_STOKES_INP|Q_STOKES_INP|U_STOKES_INP|TMASKINP|PMASKINP,I_STOKES,K_CMB_to_uK,1000000.0,0.00011071784806703948,TMASK,COM_CMB_IQU-sevem_2048_R3.00_full.fits,256,0.99,32
0.3501999656262364,100.52826498766751,35.204994943146374,94.16230876780655,0.9366749618065933,35.20499494314638,-3.303567538965547e-16,658931,0.8378740946451823,SEVEM,shuffled_spectrum_null_seed_271841,shuffled_null,Observed spectrum values shuffled across ell,COM_CMB_IQU-sevem_2048_R3.00_full.fits,I_STOKES|Q_STOKES|U_STOKES|TMASK|PMASK|I_STOKES_INP|Q_STOKES_INP|U_STOKES_INP|TMASKINP|PMASKINP,I_STOKES,K_CMB_to_uK,1000000.0,0.00011071784806703948,TMASK,COM_CMB_IQU-sevem_2048_R3.00_full.fits,256,0.99,33
0.344877806243476,100.52826498766751,34.66996749440956,94.36061368689415,0.938647590291845,34.66996749440956,-1.0958827653013156e-14,658931,0.8378740946451823,SEVEM,shuffled_spectrum_null_seed_271845,shuffled_null,Observed spectrum values shuffled across ell,COM_CMB_IQU-sevem_2048_R3.00_full.fits,I_STOKES|Q_STOKES|U_STOKES|TMASK|PMASK|I_STOKES_INP|Q_STOKES_INP|U_STOKES_INP|TMASKINP|PMASKINP,I_STOKES,K_CMB_to_uK,1000000.0,0.00011071784806703948,TMASK,COM_CMB_IQU-sevem_2048_R3.00_full.fits,256,0.99,34
0.343720731534575,100.52826498766751,34.55364878146294,94.4032701622037,0.9390719134940286,34.55364878146294,-6.259717473697493e-15,658931,0.8378740946451823,SEVEM,shuffled_spectrum_null_seed_271843,shuffled_null,Observed spectrum values shuffled across ell,COM_CMB_IQU-sevem_2048_R3.00_full.fits,I_STOKES|Q_STOKES|U_STOKES|TMASK|PMASK|I_STOKES_INP|Q_STOKES_INP|U_STOKES_INP|TMASKINP|PMASKINP,I_STOKES,K_CMB_to_uK,1000000.0,0.00011071784806703948,TMASK,COM_CMB_IQU-sevem_2048_R3.00_full.fits,256,0.99,35
0.34073088307469906,100.52826498766751,34.253084503215646,94.51274127569408,0.9401608720421923,34.253084503215646,-5.307628195739614e-15,658931,0.8378740946451823,SEVEM,shuffled_spectrum_null_seed_271831,shuffled_null,Observed spectrum values shuffled across ell,COM_CMB_IQU-sevem_2048_R3.00_full.fits,I_STOKES|Q_STOKES|U_STOKES|TMASK|PMASK|I_STOKES_INP|Q_STOKES_INP|U_STOKES_INP|TMASKINP|PMASKINP,I_STOKES,K_CMB_to_uK,1000000.0,0.00011071784806703948,TMASK,COM_CMB_IQU-sevem_2048_R3.00_full.fits,256,0.99,36
0.33298082139800766,100.52826498766751,33.47398424931056,94.79147873046205,0.9429335992428673,33.47398424931056,-1.1707288417557523e-14,658931,0.8378740946451823,SEVEM,shuffled_spectrum_null_seed_271835,shuffled_null,Observed spectrum values shuffled across ell,COM_CMB_IQU-sevem_2048_R3.00_full.fits,I_STOKES|Q_STOKES|U_STOKES|TMASK|PMASK|I_STOKES_INP|Q_STOKES_INP|U_STOKES_INP|TMASKINP|PMASKINP,I_STOKES,K_CMB_to_uK,1000000.0,0.00011071784806703948,TMASK,COM_CMB_IQU-sevem_2048_R3.00_full.fits,256,0.99,37
0.3268060594063628,100.52826498766751,32.853246139578054,95.00840109970794,0.9450914239031507,32.853246139578054,-1.448001997318555e-14,658931,0.8378740946451823,SEVEM,shuffled_spectrum_null_seed_271829,shuffled_null,Observed spectrum values shuffled across ell,COM_CMB_IQU-sevem_2048_R3.00_full.fits,I_STOKES|Q_STOKES|U_STOKES|TMASK|PMASK|I_STOKES_INP|Q_STOKES_INP|U_STOKES_INP|TMASKINP|PMASKINP,I_STOKES,K_CMB_to_uK,1000000.0,0.00011071784806703948,TMASK,COM_CMB_IQU-sevem_2048_R3.00_full.fits,256,0.99,38
0.32574153807610895,100.52826498766751,32.746231657205385,95.04533851632773,0.9454588570486877,32.746231657205385,-2.484413153092233e-15,658931,0.8378740946451823,SEVEM,shuffled_spectrum_null_seed_271842,shuffled_null,Observed spectrum values shuffled across ell,COM_CMB_IQU-sevem_2048_R3.00_full.fits,I_STOKES|Q_STOKES|U_STOKES|TMASK|PMASK|I_STOKES_INP|Q_STOKES_INP|U_STOKES_INP|TMASKINP|PMASKINP,I_STOKES,K_CMB_to_uK,1000000.0,0.00011071784806703948,TMASK,COM_CMB_IQU-sevem_2048_R3.00_full.fits,256,0.99,39
0.3178092230956336,100.52826498766751,31.948809794882532,95.31634494734422,0.948154680268652,31.948809794882532,-3.572576904794641e-15,658931,0.8378740946451823,SEVEM,shuffled_spectrum_null_seed_271833,shuffled_null,Observed spectrum values shuffled across ell,COM_CMB_IQU-sevem_2048_R3.00_full.fits,I_STOKES|Q_STOKES|U_STOKES|TMASK|PMASK|I_STOKES_INP|Q_STOKES_INP|U_STOKES_INP|TMASKINP|PMASKINP,I_STOKES,K_CMB_to_uK,1000000.0,0.00011071784806703948,TMASK,COM_CMB_IQU-sevem_2048_R3.00_full.fits,256,0.99,40
0.3153593307962576,100.52826498766751,31.702526372619417,95.39854235272179,0.9489723349390838,31.702526372619413,-7.280762179414171e-15,658931,0.8378740946451823,SEVEM,shuffled_spectrum_null_seed_271846,shuffled_null,Observed spectrum values shuffled across ell,COM_CMB_IQU-sevem_2048_R3.00_full.fits,I_STOKES|Q_STOKES|U_STOKES|TMASK|PMASK|I_STOKES_INP|Q_STOKES_INP|U_STOKES_INP|TMASKINP|PMASKINP,I_STOKES,K_CMB_to_uK,1000000.0,0.00011071784806703948,TMASK,COM_CMB_IQU-sevem_2048_R3.00_full.fits,256,0.99,41
0.31477460009894365,100.52826498766751,31.64374441013378,95.41805647327361,0.9491664506990068,31.643744410133777,5.334123628425089e-15,658931,0.8378740946451823,SEVEM,shuffled_spectrum_null_seed_271838,shuffled_null,Observed spectrum values shuffled across ell,COM_CMB_IQU-sevem_2048_R3.00_full.fits,I_STOKES|Q_STOKES|U_STOKES|TMASK|PMASK|I_STOKES_INP|Q_STOKES_INP|U_STOKES_INP|TMASKINP|PMASKINP,I_STOKES,K_CMB_to_uK,1000000.0,0.00011071784806703948,TMASK,COM_CMB_IQU-sevem_2048_R3.00_full.fits,256,0.99,42
0.3129986925171353,100.52826498766751,31.465215502156138,95.47707722188387,0.9497535567096149,31.465215502156138,1.9434651300855738e-15,658931,0.8378740946451823,SEVEM,shuffled_spectrum_null_seed_271840,shuffled_null,Observed spectrum values shuffled across ell,COM_CMB_IQU-sevem_2048_R3.00_full.fits,I_STOKES|Q_STOKES|U_STOKES|TMASK|PMASK|I_STOKES_INP|Q_STOKES_INP|U_STOKES_INP|TMASKINP|PMASKINP,I_STOKES,K_CMB_to_uK,1000000.0,0.00011071784806703948,TMASK,COM_CMB_IQU-sevem_2048_R3.00_full.fits,256,0.99,43
0.30286986282146977,100.52826498766751,30.446981826495033,95.80664569375011,0.9530319229671711,30.446981826495033,7.988480202338323e-15,658931,0.8378740946451823,SEVEM,shuffled_spectrum_null_seed_271834,shuffled_null,Observed spectrum values shuffled across ell,COM_CMB_IQU-sevem_2048_R3.00_full.fits,I_STOKES|Q_STOKES|U_STOKES|TMASK|PMASK|I_STOKES_INP|Q_STOKES_INP|U_STOKES_INP|TMASKINP|PMASKINP,I_STOKES,K_CMB_to_uK,1000000.0,0.00011071784806703948,TMASK,COM_CMB_IQU-sevem_2048_R3.00_full.fits,256,0.99,44
0.3023390081165558,100.52826498766751,30.393615924049925,95.82358881033444,0.953200463790853,30.39361592404993,-2.0123206454723875e-17,658931,0.8378740946451823,SEVEM,shuffled_spectrum_null_seed_271828,shuffled_null,Observed spectrum values shuffled across ell,COM_CMB_IQU-sevem_2048_R3.00_full.fits,I_STOKES|Q_STOKES|U_STOKES|TMASK|PMASK|I_STOKES_INP|Q_STOKES_INP|U_STOKES_INP|TMASKINP|PMASKINP,I_STOKES,K_CMB_to_uK,1000000.0,0.00011071784806703948,TMASK,COM_CMB_IQU-sevem_2048_R3.00_full.fits,256,0.99,45
0.29295404471421777,100.52826498766751,29.450161836240003,96.11774045018942,0.956126522843907,29.450161836240007,-2.0456989694648848e-15,658931,0.8378740946451823,SEVEM,shuffled_spectrum_null_seed_271836,shuffled_null,Observed spectrum values shuffled across ell,COM_CMB_IQU-sevem_2048_R3.00_full.fits,I_STOKES|Q_STOKES|U_STOKES|TMASK|PMASK|I_STOKES_INP|Q_STOKES_INP|U_STOKES_INP|TMASKINP|PMASKINP,I_STOKES,K_CMB_to_uK,1000000.0,0.00011071784806703948,TMASK,COM_CMB_IQU-sevem_2048_R3.00_full.fits,256,0.99,46
0.2926098548721803,100.52826498766751,29.41556102859355,96.12833521290064,0.956231913727879,29.41556102859355,-2.8542946450425617e-16,658931,0.8378740946451823,SEVEM,shuffled_spectrum_null_seed_271847,shuffled_null,Observed spectrum values shuffled across ell,COM_CMB_IQU-sevem_2048_R3.00_full.fits,I_STOKES|Q_STOKES|U_STOKES|TMASK|PMASK|I_STOKES_INP|Q_STOKES_INP|U_STOKES_INP|TMASKINP|PMASKINP,I_STOKES,K_CMB_to_uK,1000000.0,0.00011071784806703948,TMASK,COM_CMB_IQU-sevem_2048_R3.00_full.fits,256,0.99,47
0.2835325934823834,100.52826498766751,28.50303969023786,96.40284637834836,0.9589626001222119,28.50303969023786,2.204339821957417e-15,658931,0.8378740946451823,SEVEM,shuffled_spectrum_null_seed_271839,shuffled_null,Observed spectrum values shuffled across ell,COM_CMB_IQU-sevem_2048_R3.00_full.fits,I_STOKES|Q_STOKES|U_STOKES|TMASK|PMASK|I_STOKES_INP|Q_STOKES_INP|U_STOKES_INP|TMASKINP|PMASKINP,I_STOKES,K_CMB_to_uK,1000000.0,0.00011071784806703948,TMASK,COM_CMB_IQU-sevem_2048_R3.00_full.fits,256,0.99,48
0.2750528531118364,100.52826498766751,27.65058610324064,96.65080004623847,0.9614291071082872,27.650586103240645,7.168941140814047e-16,658931,0.8378740946451823,SEVEM,shuffled_spectrum_null_seed_271832,shuffled_null,Observed spectrum values shuffled across ell,COM_CMB_IQU-sevem_2048_R3.00_full.fits,I_STOKES|Q_STOKES|U_STOKES|TMASK|PMASK|I_STOKES_INP|Q_STOKES_INP|U_STOKES_INP|TMASKINP|PMASKINP,I_STOKES,K_CMB_to_uK,1000000.0,0.00011071784806703948,TMASK,COM_CMB_IQU-sevem_2048_R3.00_full.fits,256,0.99,49
0.26868143132984207,100.52826498766751,27.010078125992123,96.83174965401844,0.9632290944830039,27.01007812599212,5.562861377480077e-15,658931,0.8378740946451823,SEVEM,shuffled_spectrum_null_seed_271837,shuffled_null,Observed spectrum values shuffled across ell,COM_CMB_IQU-sevem_2048_R3.00_full.fits,I_STOKES|Q_STOKES|U_STOKES|TMASK|PMASK|I_STOKES_INP|Q_STOKES_INP|U_STOKES_INP|TMASKINP|PMASKINP,I_STOKES,K_CMB_to_uK,1000000.0,0.00011071784806703948,TMASK,COM_CMB_IQU-sevem_2048_R3.00_full.fits,256,0.99,50
0.26846973172932975,100.52826498766751,26.988796332454196,96.83768343964043,0.9632881205253087,26.988796332454196,-9.96439476794246e-15,658931,0.8378740946451823,SEVEM,shuffled_spectrum_null_seed_271830,shuffled_null,Observed spectrum values shuffled across ell,COM_CMB_IQU-sevem_2048_R3.00_full.fits,I_STOKES|Q_STOKES|U_STOKES|TMASK|PMASK|I_STOKES_INP|Q_STOKES_INP|U_STOKES_INP|TMASKINP|PMASKINP,I_STOKES,K_CMB_to_uK,1000000.0,0.00011071784806703948,TMASK,COM_CMB_IQU-sevem_2048_R3.00_full.fits,256,0.99,51
0.9935159686727205,100.50965302542576,99.85794528651508,11.427209390173674,0.11369265584155336,99.85794528651508,1.9685153560264945e-15,657796,0.8364308675130209,SMICA,observed_self_spectrum_control,data_control,Observed self-spectrum upper control,COM_CMB_IQU-smica_2048_R3.00_full.fits,I_STOKES|Q_STOKES|U_STOKES|TMASK|PMASK|I_STOKES_INP|Q_STOKES_INP|U_STOKES_INP|TMASKINP|PMASKINP,I_STOKES,K_CMB_to_uK,1000000.0,0.00010699018804922761,TMASK,COM_CMB_IQU-smica_2048_R3.00_full.fits,256,0.99,1
0.9835584772124545,100.50965302542576,98.85712127484025,18.15103094986802,0.18058992746971658,98.85712127484025,1.0167175294886376e-14,657796,0.8364308675130209,SMICA,planck_tilt_plus_2p0pct,planck_perturbation,Planck endpoint-normalized tilt perturbation plus 2.0 percent,COM_CMB_IQU-smica_2048_R3.00_full.fits,I_STOKES|Q_STOKES|U_STOKES|TMASK|PMASK|I_STOKES_INP|Q_STOKES_INP|U_STOKES_INP|TMASKINP|PMASKINP,I_STOKES,K_CMB_to_uK,1000000.0,0.00010699018804922761,TMASK,COM_CMB_IQU-smica_2048_R3.00_full.fits,256,0.99,2
0.9835232594290494,100.50965302542576,98.85358154764988,18.170299020480535,0.18078163115222398,98.8535815476499,-3.7417343906632255e-15,657796,0.8364308675130209,SMICA,planck_tilt_plus_1p0pct,planck_perturbation,Planck endpoint-normalized tilt perturbation plus 1.0 percent,COM_CMB_IQU-smica_2048_R3.00_full.fits,I_STOKES|Q_STOKES|U_STOKES|TMASK|PMASK|I_STOKES_INP|Q_STOKES_INP|U_STOKES_INP|TMASKINP|PMASKINP,I_STOKES,K_CMB_to_uK,1000000.0,0.00010699018804922761,TMASK,COM_CMB_IQU-smica_2048_R3.00_full.fits,256,0.99,3
0.9835090042482337,100.50965302542576,98.85214876437249,18.17809219797155,0.18085916775946953,98.85214876437246,4.461769706649833e-16,657796,0.8364308675130209,SMICA,cptg_tilt_plus_2p0pct,cptg_perturbation,CPTG endpoint-normalized tilt perturbation plus 2.0 percent,COM_CMB_IQU-smica_2048_R3.00_full.fits,I_STOKES|Q_STOKES|U_STOKES|TMASK|PMASK|I_STOKES_INP|Q_STOKES_INP|U_STOKES_INP|TMASKINP|PMASKINP,I_STOKES,K_CMB_to_uK,1000000.0,0.00010699018804922761,TMASK,COM_CMB_IQU-smica_2048_R3.00_full.fits,256,0.99,4
0.9835043101506193,100.50965302542576,98.85167696224939,18.180657662542195,0.1808846923184887,98.85167696224939,-8.105366076157346e-15,657796,0.8364308675130209,SMICA,planck_tilt_plus_0p5pct,planck_perturbation,Planck endpoint-normalized tilt perturbation plus 0.5 percent,COM_CMB_IQU-smica_2048_R3.00_full.fits,I_STOKES|Q_STOKES|U_STOKES|TMASK|PMASK|I_STOKES_INP|Q_STOKES_INP|U_STOKES_INP|TMASKINP|PMASKINP,I_STOKES,K_CMB_to_uK,1000000.0,0.00010699018804922761,TMASK,COM_CMB_IQU-smica_2048_R3.00_full.fits,256,0.99,5
0.9834951654126557,100.50965302542576,98.85075782781044,18.18565446056836,0.1809344069267453,98.85075782781044,-6.726389823320179e-15,657796,0.8364308675130209,SMICA,planck_ripple_minus_1p0pct,planck_perturbation,Planck sinusoidal ripple perturbation minus 1.0 percent,COM_CMB_IQU-smica_2048_R3.00_full.fits,I_STOKES|Q_STOKES|U_STOKES|TMASK|PMASK|I_STOKES_INP|Q_STOKES_INP|U_STOKES_INP|TMASKINP|PMASKINP,I_STOKES,K_CMB_to_uK,1000000.0,0.00010699018804922761,TMASK,COM_CMB_IQU-smica_2048_R3.00_full.fits,256,0.99,6
0.9834947723812819,100.50965302542576,98.85071832436289,18.185869185963497,0.18093654329264322,98.85071832436289,-1.829716314225328e-15,657796,0.8364308675130209,SMICA,planck_ripple_minus_2p0pct,planck_perturbation,Planck sinusoidal ripple perturbation minus 2.0 percent,COM_CMB_IQU-smica_2048_R3.00_full.fits,I_STOKES|Q_STOKES|U_STOKES|TMASK|PMASK|I_STOKES_INP|Q_STOKES_INP|U_STOKES_INP|TMASKINP|PMASKINP,I_STOKES,K_CMB_to_uK,1000000.0,0.00010699018804922761,TMASK,COM_CMB_IQU-smica_2048_R3.00_full.fits,256,0.99,7
0.9834912012961573,100.50965302542576,98.85035939583626,18.187820061941064,0.1809559531295976,98.85035939583626,3.9735796529121205e-15,657796,0.8364308675130209,SMICA,planck_ripple_minus_0p5pct,planck_perturbation,Planck sinusoidal ripple perturbation minus 0.5 percent,COM_CMB_IQU-smica_2048_R3.00_full.fits,I_STOKES|Q_STOKES|U_STOKES|TMASK|PMASK|I_STOKES_INP|Q_STOKES_INP|U_STOKES_INP|TMASKINP|PMASKINP,I_STOKES,K_CMB_to_uK,1000000.0,0.00010699018804922761,TMASK,COM_CMB_IQU-smica_2048_R3.00_full.fits,256,0.99,8
0.9834844692077548,100.50965302542576,98.84968275596589,18.19149719886366,0.1809925380427071,98.84968275596589,-1.221373084312144e-14,657796,0.8364308675130209,SMICA,planck2018_baseline_lcdm,benchmark,Planck 2018 baseline LCDM TT envelope,COM_CMB_IQU-smica_2048_R3.00_full.fits,I_STOKES|Q_STOKES|U_STOKES|TMASK|PMASK|I_STOKES_INP|Q_STOKES_INP|U_STOKES_INP|TMASKINP|PMASKINP,I_STOKES,K_CMB_to_uK,1000000.0,0.00010699018804922761,TMASK,COM_CMB_IQU-smica_2048_R3.00_full.fits,256,0.99,9
0.9834766565348568,100.50965302542576,98.84889750692496,18.195763599174768,0.18103498570999757,98.84889750692494,-2.072159695174956e-15,657796,0.8364308675130209,SMICA,cptg_tilt_plus_1p0pct,cptg_perturbation,CPTG endpoint-normalized tilt perturbation plus 1.0 percent,COM_CMB_IQU-smica_2048_R3.00_full.fits,I_STOKES|Q_STOKES|U_STOKES|TMASK|PMASK|I_STOKES_INP|Q_STOKES_INP|U_STOKES_INP|TMASKINP|PMASKINP,I_STOKES,K_CMB_to_uK,1000000.0,0.00010699018804922761,TMASK,COM_CMB_IQU-smica_2048_R3.00_full.fits,256,0.99,10
0.9834749732282267,100.50965302542576,98.84872831835806,18.19668269588543,0.1810441300725836,98.84872831835806,8.647042892862105e-15,657796,0.8364308675130209,SMICA,planck_ripple_plus_0p5pct,planck_perturbation,Planck sinusoidal ripple perturbation plus 0.5 percent,COM_CMB_IQU-smica_2048_R3.00_full.fits,I_STOKES|Q_STOKES|U_STOKES|TMASK|PMASK|I_STOKES_INP|Q_STOKES_INP|U_STOKES_INP|TMASKINP|PMASKINP,I_STOKES,K_CMB_to_uK,1000000.0,0.00010699018804922761,TMASK,COM_CMB_IQU-smica_2048_R3.00_full.fits,256,0.99,11
0.983463738002696,100.50965302542576,98.84759906974087,18.202815975545363,0.18110515186974754,98.84759906974085,2.9442129685434993e-15,657796,0.8364308675130209,SMICA,planck_tilt_minus_0p5pct,planck_perturbation,Planck endpoint-normalized tilt perturbation minus 0.5 percent,COM_CMB_IQU-smica_2048_R3.00_full.fits,I_STOKES|Q_STOKES|U_STOKES|TMASK|PMASK|I_STOKES_INP|Q_STOKES_INP|U_STOKES_INP|TMASKINP|PMASKINP,I_STOKES,K_CMB_to_uK,1000000.0,0.00010699018804922761,TMASK,COM_CMB_IQU-smica_2048_R3.00_full.fits,256,0.99,12
0.9834627172340202,100.50965302542576,98.84749647263494,18.203373104568566,0.1811106949097087,98.84749647263494,-3.440644722458289e-15,657796,0.8364308675130209,SMICA,planck_ripple_plus_1p0pct,planck_perturbation,Planck sinusoidal ripple perturbation plus 1.0 percent,COM_CMB_IQU-smica_2048_R3.00_full.fits,I_STOKES|Q_STOKES|U_STOKES|TMASK|PMASK|I_STOKES_INP|Q_STOKES_INP|U_STOKES_INP|TMASKINP|PMASKINP,I_STOKES,K_CMB_to_uK,1000000.0,0.00010699018804922761,TMASK,COM_CMB_IQU-smica_2048_R3.00_full.fits,256,0.99,13
0.9834591441345304,100.50965302542576,98.84713734164379,18.20532314060035,0.1811300963897963,98.84713734164377,3.78179333596499e-15,657796,0.8364308675130209,SMICA,cptg_tilt_plus_0p5pct,cptg_perturbation,CPTG endpoint-normalized tilt perturbation plus 0.5 percent,COM_CMB_IQU-smica_2048_R3.00_full.fits,I_STOKES|Q_STOKES|U_STOKES|TMASK|PMASK|I_STOKES_INP|Q_STOKES_INP|U_STOKES_INP|TMASKINP|PMASKINP,I_STOKES,K_CMB_to_uK,1000000.0,0.00010699018804922761,TMASK,COM_CMB_IQU-smica_2048_R3.00_full.fits,256,0.99,14
0.9834499078339756,100.50965302542576,98.84620900427862,18.210362895167833,0.18118023838527417,98.84620900427862,1.2773572917871798e-14,657796,0.8364308675130209,SMICA,cptg_ripple_minus_1p0pct,cptg_perturbation,CPTG sinusoidal ripple perturbation minus 1.0 percent,COM_CMB_IQU-smica_2048_R3.00_full.fits,I_STOKES|Q_STOKES|U_STOKES|TMASK|PMASK|I_STOKES_INP|Q_STOKES_INP|U_STOKES_INP|TMASKINP|PMASKINP,I_STOKES,K_CMB_to_uK,1000000.0,0.00010699018804922761,TMASK,COM_CMB_IQU-smica_2048_R3.00_full.fits,256,0.99,15
0.9834479830956939,100.50965302542576,98.84601554950207,18.21141294021119,0.18119068559120663,98.84601554950207,9.829965372007836e-15,657796,0.8364308675130209,SMICA,cptg_ripple_minus_2p0pct,cptg_perturbation,CPTG sinusoidal ripple perturbation minus 2.0 percent,COM_CMB_IQU-smica_2048_R3.00_full.fits,I_STOKES|Q_STOKES|U_STOKES|TMASK|PMASK|I_STOKES_INP|Q_STOKES_INP|U_STOKES_INP|TMASKINP|PMASKINP,I_STOKES,K_CMB_to_uK,1000000.0,0.00010699018804922761,TMASK,COM_CMB_IQU-smica_2048_R3.00_full.fits,256,0.99,16
0.9834467088107863,100.50965302542576,98.8458874715699,18.212108094599696,0.1811976018859861,98.8458874715699,-2.2753971034044763e-15,657796,0.8364308675130209,SMICA,cptg_ripple_minus_0p5pct,cptg_perturbation,CPTG sinusoidal ripple perturbation minus 0.5 percent,COM_CMB_IQU-smica_2048_R3.00_full.fits,I_STOKES|Q_STOKES|U_STOKES|TMASK|PMASK|I_STOKES_INP|Q_STOKES_INP|U_STOKES_INP|TMASKINP|PMASKINP,I_STOKES,K_CMB_to_uK,1000000.0,0.00010699018804922761,TMASK,COM_CMB_IQU-smica_2048_R3.00_full.fits,256,0.99,17
0.9834421179038534,100.50965302542576,98.84542604110695,18.214612322080665,0.1812225171792499,98.84542604110695,-1.4210941582718527e-15,657796,0.8364308675130209,SMICA,planck_tilt_minus_1p0pct,planck_perturbation,Planck endpoint-normalized tilt perturbation minus 1.0 percent,COM_CMB_IQU-smica_2048_R3.00_full.fits,I_STOKES|Q_STOKES|U_STOKES|TMASK|PMASK|I_STOKES_INP|Q_STOKES_INP|U_STOKES_INP|TMASKINP|PMASKINP,I_STOKES,K_CMB_to_uK,1000000.0,0.00010699018804922761,TMASK,COM_CMB_IQU-smica_2048_R3.00_full.fits,256,0.99,18
0.9834407412808887,100.50965302542576,98.84528767720927,18.215363166875044,0.18122998755420172,98.84528767720928,2.4109998983041304e-15,657796,0.8364308675130209,SMICA,cptg_locked_pi_cmb,cptg,Locked CPTG geometric-pi CMB comparison envelope,COM_CMB_IQU-smica_2048_R3.00_full.fits,I_STOKES|Q_STOKES|U_STOKES|TMASK|PMASK|I_STOKES_INP|Q_STOKES_INP|U_STOKES_INP|TMASKINP|PMASKINP,I_STOKES,K_CMB_to_uK,1000000.0,0.00010699018804922761,TMASK,COM_CMB_IQU-smica_2048_R3.00_full.fits,256,0.99,19
0.9834320093041428,100.50965302542576,98.84441002925735,18.22012506158128,0.18127736504047195,98.84441002925735,1.723883620248309e-15,657796,0.8364308675130209,SMICA,cptg_ripple_plus_0p5pct,cptg_perturbation,CPTG sinusoidal ripple perturbation plus 0.5 percent,COM_CMB_IQU-smica_2048_R3.00_full.fits,I_STOKES|Q_STOKES|U_STOKES|TMASK|PMASK|I_STOKES_INP|Q_STOKES_INP|U_STOKES_INP|TMASKINP|PMASKINP,I_STOKES,K_CMB_to_uK,1000000.0,0.00010699018804922761,TMASK,COM_CMB_IQU-smica_2048_R3.00_full.fits,256,0.99,20
0.9834299396890475,100.50965302542576,98.84420201296221,18.22125351649351,0.1812885923691738,98.84420201296221,-4.475406401103473e-15,657796,0.8364308675130209,SMICA,planck_ripple_plus_2p0pct,planck_perturbation,Planck sinusoidal ripple perturbation plus 2.0 percent,COM_CMB_IQU-smica_2048_R3.00_full.fits,I_STOKES|Q_STOKES|U_STOKES|TMASK|PMASK|I_STOKES_INP|Q_STOKES_INP|U_STOKES_INP|TMASKINP|PMASKINP,I_STOKES,K_CMB_to_uK,1000000.0,0.00010699018804922761,TMASK,COM_CMB_IQU-smica_2048_R3.00_full.fits,256,0.99,21
0.9834214493630098,100.50965302542576,98.84334865323727,18.22588209953165,0.18133464349858094,98.84334865323727,-1.9332707149603e-15,657796,0.8364308675130209,SMICA,cptg_tilt_minus_0p5pct,cptg_perturbation,CPTG endpoint-normalized tilt perturbation minus 0.5 percent,COM_CMB_IQU-smica_2048_R3.00_full.fits,I_STOKES|Q_STOKES|U_STOKES|TMASK|PMASK|I_STOKES_INP|Q_STOKES_INP|U_STOKES_INP|TMASKINP|PMASKINP,I_STOKES,K_CMB_to_uK,1000000.0,0.00010699018804922761,TMASK,COM_CMB_IQU-smica_2048_R3.00_full.fits,256,0.99,22
0.9834205167361615,100.50965302542576,98.84325491523583,18.226390455958438,0.18133970128568386,98.84325491523583,-1.2993749616206604e-15,657796,0.8364308675130209,SMICA,cptg_ripple_plus_1p0pct,cptg_perturbation,CPTG sinusoidal ripple perturbation plus 1.0 percent,COM_CMB_IQU-smica_2048_R3.00_full.fits,I_STOKES|Q_STOKES|U_STOKES|TMASK|PMASK|I_STOKES_INP|Q_STOKES_INP|U_STOKES_INP|TMASKINP|PMASKINP,I_STOKES,K_CMB_to_uK,1000000.0,0.00010699018804922761,TMASK,COM_CMB_IQU-smica_2048_R3.00_full.fits,256,0.99,23
0.9834012697361739,100.50965302542576,98.84132040594574,18.236878343088403,0.18144404834901828,98.84132040594572,7.524753439152301e-15,657796,0.8364308675130209,SMICA,cptg_tilt_minus_1p0pct,cptg_perturbation,CPTG endpoint-normalized tilt perturbation minus 1.0 percent,COM_CMB_IQU-smica_2048_R3.00_full.fits,I_STOKES|Q_STOKES|U_STOKES|TMASK|PMASK|I_STOKES_INP|Q_STOKES_INP|U_STOKES_INP|TMASKINP|PMASKINP,I_STOKES,K_CMB_to_uK,1000000.0,0.00010699018804922761,TMASK,COM_CMB_IQU-smica_2048_R3.00_full.fits,256,0.99,24
0.9833962163312765,100.50965302542576,98.8408124899727,18.239630961547654,0.18147143495693496,98.84081248997269,-8.768262358836328e-15,657796,0.8364308675130209,SMICA,planck_tilt_minus_2p0pct,planck_perturbation,Planck endpoint-normalized tilt perturbation minus 2.0 percent,COM_CMB_IQU-smica_2048_R3.00_full.fits,I_STOKES|Q_STOKES|U_STOKES|TMASK|PMASK|I_STOKES_INP|Q_STOKES_INP|U_STOKES_INP|TMASKINP|PMASKINP,I_STOKES,K_CMB_to_uK,1000000.0,0.00010699018804922761,TMASK,COM_CMB_IQU-smica_2048_R3.00_full.fits,256,0.99,25
0.9833892642310397,100.50965302542576,98.84011373679057,18.243417108365186,0.18150910444144283,98.84011373679057,1.0717998693082232e-15,657796,0.8364308675130209,SMICA,cptg_ripple_plus_2p0pct,cptg_perturbation,CPTG sinusoidal ripple perturbation plus 2.0 percent,COM_CMB_IQU-smica_2048_R3.00_full.fits,I_STOKES|Q_STOKES|U_STOKES|TMASK|PMASK|I_STOKES_INP|Q_STOKES_INP|U_STOKES_INP|TMASKINP|PMASKINP,I_STOKES,K_CMB_to_uK,1000000.0,0.00010699018804922761,TMASK,COM_CMB_IQU-smica_2048_R3.00_full.fits,256,0.99,26
0.9833582526097363,100.50965302542576,98.836996769493,18.260296297667104,0.18167704044354652,98.836996769493,1.271560883417258e-15,657796,0.8364308675130209,SMICA,cptg_tilt_minus_2p0pct,cptg_perturbation,CPTG endpoint-normalized tilt perturbation minus 2.0 percent,COM_CMB_IQU-smica_2048_R3.00_full.fits,I_STOKES|Q_STOKES|U_STOKES|TMASK|PMASK|I_STOKES_INP|Q_STOKES_INP|U_STOKES_INP|TMASKINP|PMASKINP,I_STOKES,K_CMB_to_uK,1000000.0,0.00010699018804922761,TMASK,COM_CMB_IQU-smica_2048_R3.00_full.fits,256,0.99,27
0.9818242734666113,100.50965302542576,98.68281705807001,19.075952630864823,0.18979224439307546,98.68281705807,-2.2708802014109518e-15,657796,0.8364308675130209,SMICA,observed_smoothed_spectrum_control,data_control,Observed spectrum smoothed with width=31,COM_CMB_IQU-smica_2048_R3.00_full.fits,I_STOKES|Q_STOKES|U_STOKES|TMASK|PMASK|I_STOKES_INP|Q_STOKES_INP|U_STOKES_INP|TMASKINP|PMASKINP,I_STOKES,K_CMB_to_uK,1000000.0,0.00010699018804922761,TMASK,COM_CMB_IQU-smica_2048_R3.00_full.fits,256,0.99,28
0.9206068790222686,100.50965302542576,92.5298779833482,39.24808315928498,0.3904906840077983,92.5298779833482,-1.1653851853664415e-14,657796,0.8364308675130209,SMICA,flat_dl_null,bad_null,Flat D_l null matched to mean observed D_l,COM_CMB_IQU-smica_2048_R3.00_full.fits,I_STOKES|Q_STOKES|U_STOKES|TMASK|PMASK|I_STOKES_INP|Q_STOKES_INP|U_STOKES_INP|TMASKINP|PMASKINP,I_STOKES,K_CMB_to_uK,1000000.0,0.00010699018804922761,TMASK,COM_CMB_IQU-smica_2048_R3.00_full.fits,256,0.99,29
0.827164740971294,100.50965302542576,83.13804110989129,56.482355401501856,0.5619595103687564,83.13804110989128,5.408819913017713e-15,657796,0.8364308675130209,SMICA,powerlaw_dl_null,smooth_null,Fitted smooth power-law D_l null,COM_CMB_IQU-smica_2048_R3.00_full.fits,I_STOKES|Q_STOKES|U_STOKES|TMASK|PMASK|I_STOKES_INP|Q_STOKES_INP|U_STOKES_INP|TMASKINP|PMASKINP,I_STOKES,K_CMB_to_uK,1000000.0,0.00010699018804922761,TMASK,COM_CMB_IQU-smica_2048_R3.00_full.fits,256,0.99,30
0.6279544952683941,100.50965302542576,63.11548843518316,78.22164323817165,0.7782500574187043,63.11548843518317,-1.3047750674173042e-14,657796,0.8364308675130209,SMICA,flat_cl_null,bad_null,Flat C_l null matched to mean observed C_l,COM_CMB_IQU-smica_2048_R3.00_full.fits,I_STOKES|Q_STOKES|U_STOKES|TMASK|PMASK|I_STOKES_INP|Q_STOKES_INP|U_STOKES_INP|TMASKINP|PMASKINP,I_STOKES,K_CMB_to_uK,1000000.0,0.00010699018804922761,TMASK,COM_CMB_IQU-smica_2048_R3.00_full.fits,256,0.99,31
0.37690537624201714,100.50965302542576,37.88262858950286,93.09724379615797,0.9262517678039075,37.88262858950286,-6.66850357465104e-15,657796,0.8364308675130209,SMICA,shuffled_spectrum_null_seed_271844,shuffled_null,Observed spectrum values shuffled across ell,COM_CMB_IQU-smica_2048_R3.00_full.fits,I_STOKES|Q_STOKES|U_STOKES|TMASK|PMASK|I_STOKES_INP|Q_STOKES_INP|U_STOKES_INP|TMASKINP|PMASKINP,I_STOKES,K_CMB_to_uK,1000000.0,0.00010699018804922761,TMASK,COM_CMB_IQU-smica_2048_R3.00_full.fits,256,0.99,32
0.34685844732230575,100.50965302542576,34.86262218930255,94.26976145815479,0.9379174897191966,34.86262218930255,-7.20820815291851e-17,657796,0.8364308675130209,SMICA,shuffled_spectrum_null_seed_271841,shuffled_null,Observed spectrum values shuffled across ell,COM_CMB_IQU-smica_2048_R3.00_full.fits,I_STOKES|Q_STOKES|U_STOKES|TMASK|PMASK|I_STOKES_INP|Q_STOKES_INP|U_STOKES_INP|TMASKINP|PMASKINP,I_STOKES,K_CMB_to_uK,1000000.0,0.00010699018804922761,TMASK,COM_CMB_IQU-smica_2048_R3.00_full.fits,256,0.99,33
0.3451727857886066,100.50965302542576,34.693196933432645,94.3322449527708,0.9385391563227038,34.693196933432645,2.4674511392929508e-15,657796,0.8364308675130209,SMICA,shuffled_spectrum_null_seed_271845,shuffled_null,Observed spectrum values shuffled across ell,COM_CMB_IQU-smica_2048_R3.00_full.fits,I_STOKES|Q_STOKES|U_STOKES|TMASK|PMASK|I_STOKES_INP|Q_STOKES_INP|U_STOKES_INP|TMASKINP|PMASKINP,I_STOKES,K_CMB_to_uK,1000000.0,0.00010699018804922761,TMASK,COM_CMB_IQU-smica_2048_R3.00_full.fits,256,0.99,34
0.3431489639246015,100.50965302542576,34.48978330009589,94.40680695375677,0.939280995526617,34.489783300095894,3.213085271029728e-15,657796,0.8364308675130209,SMICA,shuffled_spectrum_null_seed_271843,shuffled_null,Observed spectrum values shuffled across ell,COM_CMB_IQU-smica_2048_R3.00_full.fits,I_STOKES|Q_STOKES|U_STOKES|TMASK|PMASK|I_STOKES_INP|Q_STOKES_INP|U_STOKES_INP|TMASKINP|PMASKINP,I_STOKES,K_CMB_to_uK,1000000.0,0.00010699018804922761,TMASK,COM_CMB_IQU-smica_2048_R3.00_full.fits,256,0.99,35
0.3425773102141664,100.50965302542576,34.43232658400936,94.42777789031993,0.9394896415216227,34.43232658400936,-2.2498070428285836e-16,657796,0.8364308675130209,SMICA,shuffled_spectrum_null_seed_271831,shuffled_null,Observed spectrum values shuffled across ell,COM_CMB_IQU-smica_2048_R3.00_full.fits,I_STOKES|Q_STOKES|U_STOKES|TMASK|PMASK|I_STOKES_INP|Q_STOKES_INP|U_STOKES_INP|TMASKINP|PMASKINP,I_STOKES,K_CMB_to_uK,1000000.0,0.00010699018804922761,TMASK,COM_CMB_IQU-smica_2048_R3.00_full.fits,256,0.99,36
0.32922797281571275,100.50965302542576,33.09058931397139,94.90628667346304,0.9442504656687528,33.09058931397139,2.0545500589440393e-15,657796,0.8364308675130209,SMICA,shuffled_spectrum_null_seed_271835,shuffled_null,Observed spectrum values shuffled across ell,COM_CMB_IQU-smica_2048_R3.00_full.fits,I_STOKES|Q_STOKES|U_STOKES|TMASK|PMASK|I_STOKES_INP|Q_STOKES_INP|U_STOKES_INP|TMASKINP|PMASKINP,I_STOKES,K_CMB_to_uK,1000000.0,0.00010699018804922761,TMASK,COM_CMB_IQU-smica_2048_R3.00_full.fits,256,0.99,37
0.32429810172217965,100.50965302542576,32.59508968090045,95.07760240974493,0.9459549361462157,32.59508968090045,4.762176640492513e-15,657796,0.8364308675130209,SMICA,shuffled_spectrum_null_seed_271829,shuffled_null,Observed spectrum values shuffled across ell,COM_CMB_IQU-smica_2048_R3.00_full.fits,I_STOKES|Q_STOKES|U_STOKES|TMASK|PMASK|I_STOKES_INP|Q_STOKES_INP|U_STOKES_INP|TMASKINP|PMASKINP,I_STOKES,K_CMB_to_uK,1000000.0,0.00010699018804922761,TMASK,COM_CMB_IQU-smica_2048_R3.00_full.fits,256,0.99,38
0.32355036659099745,100.50965302542576,32.519935082310596,95.10333418726073,0.9462109491433882,32.519935082310596,5.61005544294934e-15,657796,0.8364308675130209,SMICA,shuffled_spectrum_null_seed_271842,shuffled_null,Observed spectrum values shuffled across ell,COM_CMB_IQU-smica_2048_R3.00_full.fits,I_STOKES|Q_STOKES|U_STOKES|TMASK|PMASK|I_STOKES_INP|Q_STOKES_INP|U_STOKES_INP|TMASKINP|PMASKINP,I_STOKES,K_CMB_to_uK,1000000.0,0.00010699018804922761,TMASK,COM_CMB_IQU-smica_2048_R3.00_full.fits,256,0.99,39
0.31794723920276924,100.50965302542576,31.956766692662402,95.29404710600879,0.9481084078750367,31.9567666926624,8.162902567961141e-15,657796,0.8364308675130209,SMICA,shuffled_spectrum_null_seed_271833,shuffled_null,Observed spectrum values shuffled across ell,COM_CMB_IQU-smica_2048_R3.00_full.fits,I_STOKES|Q_STOKES|U_STOKES|TMASK|PMASK|I_STOKES_INP|Q_STOKES_INP|U_STOKES_INP|TMASKINP|PMASKINP,I_STOKES,K_CMB_to_uK,1000000.0,0.00010699018804922761,TMASK,COM_CMB_IQU-smica_2048_R3.00_full.fits,256,0.99,40
0.314865787342596,100.50965302542576,31.647051035382077,95.397350655327,0.949136205168219,31.647051035382077,1.549730996689974e-14,657796,0.8364308675130209,SMICA,shuffled_spectrum_null_seed_271846,shuffled_null,Observed spectrum values shuffled across ell,COM_CMB_IQU-smica_2048_R3.00_full.fits,I_STOKES|Q_STOKES|U_STOKES|TMASK|PMASK|I_STOKES_INP|Q_STOKES_INP|U_STOKES_INP|TMASKINP|PMASKINP,I_STOKES,K_CMB_to_uK,1000000.0,0.00010699018804922761,TMASK,COM_CMB_IQU-smica_2048_R3.00_full.fits,256,0.99,41
0.3119662772589139,100.50965302542576,31.3556222829272,95.49353539660095,0.9500931753534568,31.3556222829272,7.77908942372727e-15,657796,0.8364308675130209,SMICA,shuffled_spectrum_null_seed_271840,shuffled_null,Observed spectrum values shuffled across ell,COM_CMB_IQU-smica_2048_R3.00_full.fits,I_STOKES|Q_STOKES|U_STOKES|TMASK|PMASK|I_STOKES_INP|Q_STOKES_INP|U_STOKES_INP|TMASKINP|PMASKINP,I_STOKES,K_CMB_to_uK,1000000.0,0.00010699018804922761,TMASK,COM_CMB_IQU-smica_2048_R3.00_full.fits,256,0.99,42
0.3106183571970843,100.50965302542576,31.220143305206822,95.53791395720255,0.9505347106614176,31.220143305206825,9.232546873671674e-15,657796,0.8364308675130209,SMICA,shuffled_spectrum_null_seed_271838,shuffled_null,Observed spectrum values shuffled across ell,COM_CMB_IQU-smica_2048_R3.00_full.fits,I_STOKES|Q_STOKES|U_STOKES|TMASK|PMASK|I_STOKES_INP|Q_STOKES_INP|U_STOKES_INP|TMASKINP|PMASKINP,I_STOKES,K_CMB_to_uK,1000000.0,0.00010699018804922761,TMASK,COM_CMB_IQU-smica_2048_R3.00_full.fits,256,0.99,43
0.3043455227049068,100.50965302542576,30.589662886912038,95.74164650640053,0.9525617055128119,30.589662886912038,4.170266464524346e-15,657796,0.8364308675130209,SMICA,shuffled_spectrum_null_seed_271834,shuffled_null,Observed spectrum values shuffled across ell,COM_CMB_IQU-smica_2048_R3.00_full.fits,I_STOKES|Q_STOKES|U_STOKES|TMASK|PMASK|I_STOKES_INP|Q_STOKES_INP|U_STOKES_INP|TMASKINP|PMASKINP,I_STOKES,K_CMB_to_uK,1000000.0,0.00010699018804922761,TMASK,COM_CMB_IQU-smica_2048_R3.00_full.fits,256,0.99,44
0.30383734600426643,100.50965302542576,30.538586223054924,95.7579505983107,0.9527239197023889,30.538586223054928,2.363026712134025e-15,657796,0.8364308675130209,SMICA,shuffled_spectrum_null_seed_271828,shuffled_null,Observed spectrum values shuffled across ell,COM_CMB_IQU-smica_2048_R3.00_full.fits,I_STOKES|Q_STOKES|U_STOKES|TMASK|PMASK|I_STOKES_INP|Q_STOKES_INP|U_STOKES_INP|TMASKINP|PMASKINP,I_STOKES,K_CMB_to_uK,1000000.0,0.00010699018804922761,TMASK,COM_CMB_IQU-smica_2048_R3.00_full.fits,256,0.99,45
0.2924412946798024,100.50965302542576,29.39317305857328,96.11572050835515,0.9562834774092884,29.39317305857328,-3.749698878730146e-17,657796,0.8364308675130209,SMICA,shuffled_spectrum_null_seed_271836,shuffled_null,Observed spectrum values shuffled across ell,COM_CMB_IQU-smica_2048_R3.00_full.fits,I_STOKES|Q_STOKES|U_STOKES|TMASK|PMASK|I_STOKES_INP|Q_STOKES_INP|U_STOKES_INP|TMASKINP|PMASKINP,I_STOKES,K_CMB_to_uK,1000000.0,0.00010699018804922761,TMASK,COM_CMB_IQU-smica_2048_R3.00_full.fits,256,0.99,46
0.29101645833618145,100.50965302542576,29.249963252058084,96.15939892202293,0.9567180467501728,29.24996325205808,2.075246568637546e-15,657796,0.8364308675130209,SMICA,shuffled_spectrum_null_seed_271847,shuffled_null,Observed spectrum values shuffled across ell,COM_CMB_IQU-smica_2048_R3.00_full.fits,I_STOKES|Q_STOKES|U_STOKES|TMASK|PMASK|I_STOKES_INP|Q_STOKES_INP|U_STOKES_INP|TMASKINP|PMASKINP,I_STOKES,K_CMB_to_uK,1000000.0,0.00010699018804922761,TMASK,COM_CMB_IQU-smica_2048_R3.00_full.fits,256,0.99,47
0.28208469430419525,100.50965302542576,28.35223474829789,96.427906417535,0.959389506529704,28.352234748297885,-5.22062992187949e-15,657796,0.8364308675130209,SMICA,shuffled_spectrum_null_seed_271839,shuffled_null,Observed spectrum values shuffled across ell,COM_CMB_IQU-smica_2048_R3.00_full.fits,I_STOKES|Q_STOKES|U_STOKES|TMASK|PMASK|I_STOKES_INP|Q_STOKES_INP|U_STOKES_INP|TMASKINP|PMASKINP,I_STOKES,K_CMB_to_uK,1000000.0,0.00010699018804922761,TMASK,COM_CMB_IQU-smica_2048_R3.00_full.fits,256,0.99,48
0.2759868374586225,100.50965302542576,27.739341272550664,96.60600031600752,0.9611614149296611,27.739341272550668,1.0306358702033925e-14,657796,0.8364308675130209,SMICA,shuffled_spectrum_null_seed_271832,shuffled_null,Observed spectrum values shuffled across ell,COM_CMB_IQU-smica_2048_R3.00_full.fits,I_STOKES|Q_STOKES|U_STOKES|TMASK|PMASK|I_STOKES_INP|Q_STOKES_INP|U_STOKES_INP|TMASKINP|PMASKINP,I_STOKES,K_CMB_to_uK,1000000.0,0.00010699018804922761,TMASK,COM_CMB_IQU-smica_2048_R3.00_full.fits,256,0.99,49
0.2685511883411342,100.50965302542576,26.991986759733056,96.81747260724104,0.9632654147432912,26.991986759733056,2.034679938404648e-15,657796,0.8364308675130209,SMICA,shuffled_spectrum_null_seed_271837,shuffled_null,Observed spectrum values shuffled across ell,COM_CMB_IQU-smica_2048_R3.00_full.fits,I_STOKES|Q_STOKES|U_STOKES|TMASK|PMASK|I_STOKES_INP|Q_STOKES_INP|U_STOKES_INP|TMASKINP|PMASKINP,I_STOKES,K_CMB_to_uK,1000000.0,0.00010699018804922761,TMASK,COM_CMB_IQU-smica_2048_R3.00_full.fits,256,0.99,50
0.2667839432141406,100.50965302542576,26.814361565207992,96.86681766808367,0.963756363217963,26.814361565207992,2.6540152405535048e-15,657796,0.8364308675130209,SMICA,shuffled_spectrum_null_seed_271830,shuffled_null,Observed spectrum values shuffled across ell,COM_CMB_IQU-smica_2048_R3.00_full.fits,I_STOKES|Q_STOKES|U_STOKES|TMASK|PMASK|I_STOKES_INP|Q_STOKES_INP|U_STOKES_INP|TMASKINP|PMASKINP,I_STOKES,K_CMB_to_uK,1000000.0,0.00010699018804922761,TMASK,COM_CMB_IQU-smica_2048_R3.00_full.fits,256,0.99,51
0.9934519203703321,100.762779630346,100.10297692561961,11.51224432777982,0.11425096022572168,100.1029769256196,3.725087292887276e-16,657796,0.8364308675130209,SMICA_noSZ,observed_self_spectrum_control,data_control,Observed self-spectrum upper control,COM_CMB_IQU-smica-nosz_2048_R3.00_full.fits,I_STOKES|I_STOKES_INP,I_STOKES,K_CMB_to_uK,1000000.0,0.00010773941705871212,TMASK,COM_CMB_IQU-smica_2048_R3.00_full.fits,256,0.99,1
0.9837095991255626,100.762779630346,99.12131355694544,18.113612493907656,0.17976491478657572,99.12131355694544,5.718836738415433e-15,657796,0.8364308675130209,SMICA_noSZ,planck_tilt_plus_2p0pct,planck_perturbation,Planck endpoint-normalized tilt perturbation plus 2.0 percent,COM_CMB_IQU-smica-nosz_2048_R3.00_full.fits,I_STOKES|I_STOKES_INP,I_STOKES,K_CMB_to_uK,1000000.0,0.00010773941705871212,TMASK,COM_CMB_IQU-smica_2048_R3.00_full.fits,256,0.99,2
0.9836786221419903,100.762779630346,99.11819222997562,18.13068470563767,0.17993434452831808,99.11819222997563,-4.649407651886147e-15,657796,0.8364308675130209,SMICA_noSZ,planck_tilt_plus_1p0pct,planck_perturbation,Planck endpoint-normalized tilt perturbation plus 1.0 percent,COM_CMB_IQU-smica-nosz_2048_R3.00_full.fits,I_STOKES|I_STOKES_INP,I_STOKES,K_CMB_to_uK,1000000.0,0.00010773941705871212,TMASK,COM_CMB_IQU-smica_2048_R3.00_full.fits,256,0.99,3
0.9836617884525869,100.762779630346,99.1164960206399,18.13995522111661,0.18002634790012811,99.1164960206399,4.056029945606439e-15,657796,0.8364308675130209,SMICA_noSZ,planck_tilt_plus_0p5pct,planck_perturbation,Planck endpoint-normalized tilt perturbation plus 0.5 percent,COM_CMB_IQU-smica-nosz_2048_R3.00_full.fits,I_STOKES|I_STOKES_INP,I_STOKES,K_CMB_to_uK,1000000.0,0.00010773941705871212,TMASK,COM_CMB_IQU-smica_2048_R3.00_full.fits,256,0.99,4
0.9836589819629722,100.762779630346,99.11621323094492,18.141500312582203,0.1800416818505338,99.11621323094492,5.241318844183523e-15,657796,0.8364308675130209,SMICA_noSZ,cptg_tilt_plus_2p0pct,cptg_perturbation,CPTG endpoint-normalized tilt perturbation plus 2.0 percent,COM_CMB_IQU-smica-nosz_2048_R3.00_full.fits,I_STOKES|I_STOKES_INP,I_STOKES,K_CMB_to_uK,1000000.0,0.00010773941705871212,TMASK,COM_CMB_IQU-smica_2048_R3.00_full.fits,256,0.99,5
0.9836542935213965,100.762779630346,99.11574081053979,18.14408119502043,0.1800672953007353,99.11574081053979,-1.000941660535824e-14,657796,0.8364308675130209,SMICA_noSZ,planck_ripple_minus_1p0pct,planck_perturbation,Planck sinusoidal ripple perturbation minus 1.0 percent,COM_CMB_IQU-smica-nosz_2048_R3.00_full.fits,I_STOKES|I_STOKES_INP,I_STOKES,K_CMB_to_uK,1000000.0,0.00010773941705871212,TMASK,COM_CMB_IQU-smica_2048_R3.00_full.fits,256,0.99,6
0.9836534496046767,100.762779630346,99.11565577514533,18.144545712045165,0.18007190530679548,99.11565577514533,1.1569386717890523e-14,657796,0.8364308675130209,SMICA_noSZ,planck_ripple_minus_2p0pct,planck_perturbation,Planck sinusoidal ripple perturbation minus 2.0 percent,COM_CMB_IQU-smica-nosz_2048_R3.00_full.fits,I_STOKES|I_STOKES_INP,I_STOKES,K_CMB_to_uK,1000000.0,0.00010773941705871212,TMASK,COM_CMB_IQU-smica_2048_R3.00_full.fits,256,0.99,7
0.9836505592483075,100.762779630346,99.11536453480336,18.1461365575878,0.18008769333436347,99.11536453480335,-7.838183294957654e-16,657796,0.8364308675130209,SMICA_noSZ,planck_ripple_minus_0p5pct,planck_perturbation,Planck sinusoidal ripple perturbation minus 0.5 percent,COM_CMB_IQU-smica-nosz_2048_R3.00_full.fits,I_STOKES|I_STOKES_INP,I_STOKES,K_CMB_to_uK,1000000.0,0.00010773941705871212,TMASK,COM_CMB_IQU-smica_2048_R3.00_full.fits,256,0.99,8
0.9836440599224464,100.762779630346,99.11470964466396,18.149713245325803,0.18012318945456904,99.11470964466396,5.333097943911692e-15,657796,0.8364308675130209,SMICA_noSZ,planck2018_baseline_lcdm,benchmark,Planck 2018 baseline LCDM TT envelope,COM_CMB_IQU-smica-nosz_2048_R3.00_full.fits,I_STOKES|I_STOKES_INP,I_STOKES,K_CMB_to_uK,1000000.0,0.00010773941705871212,TMASK,COM_CMB_IQU-smica_2048_R3.00_full.fits,256,0.99,9
0.9836347996138808,100.762779630346,99.11377655023351,18.154808089984,0.1801737522186858,99.11377655023351,2.8496610057746283e-15,657796,0.8364308675130209,SMICA_noSZ,planck_ripple_plus_0p5pct,planck_perturbation,Planck sinusoidal ripple perturbation plus 0.5 percent,COM_CMB_IQU-smica-nosz_2048_R3.00_full.fits,I_STOKES|I_STOKES_INP,I_STOKES,K_CMB_to_uK,1000000.0,0.00010773941705871212,TMASK,COM_CMB_IQU-smica_2048_R3.00_full.fits,256,0.99,10
0.9836308779925533,100.762779630346,99.11338139676687,18.156965245673327,0.18019516047773979,99.11338139676685,3.829668101266999e-15,657796,0.8364308675130209,SMICA_noSZ,cptg_tilt_plus_1p0pct,cptg_perturbation,CPTG endpoint-normalized tilt perturbation plus 1.0 percent,COM_CMB_IQU-smica-nosz_2048_R3.00_full.fits,I_STOKES|I_STOKES_INP,I_STOKES,K_CMB_to_uK,1000000.0,0.00010773941705871212,TMASK,COM_CMB_IQU-smica_2048_R3.00_full.fits,256,0.99,11
0.9836254379766787,100.762779630346,99.11283324564552,18.159957182061657,0.18022485335043847,99.11283324564552,-6.019353100926217e-17,657796,0.8364308675130209,SMICA_noSZ,planck_tilt_minus_0p5pct,planck_perturbation,Planck endpoint-normalized tilt perturbation minus 0.5 percent,COM_CMB_IQU-smica-nosz_2048_R3.00_full.fits,I_STOKES|I_STOKES_INP,I_STOKES,K_CMB_to_uK,1000000.0,0.00010773941705871212,TMASK,COM_CMB_IQU-smica_2048_R3.00_full.fits,256,0.99,12
0.9836227821885899,100.762779630346,99.11256564105578,18.161417645131554,0.18023934742330203,99.11256564105578,3.895798653514393e-15,657796,0.8364308675130209,SMICA_noSZ,planck_ripple_plus_1p0pct,planck_perturbation,Planck sinusoidal ripple perturbation plus 1.0 percent,COM_CMB_IQU-smica-nosz_2048_R3.00_full.fits,I_STOKES|I_STOKES_INP,I_STOKES,K_CMB_to_uK,1000000.0,0.00010773941705871212,TMASK,COM_CMB_IQU-smica_2048_R3.00_full.fits,256,0.99,13
0.9836154826725657,100.762779630346,99.11183012153171,18.16543114804102,0.1802791786280801,99.11183012153171,1.3240798108935592e-14,657796,0.8364308675130209,SMICA_noSZ,cptg_tilt_plus_0p5pct,cptg_perturbation,CPTG endpoint-normalized tilt perturbation plus 0.5 percent,COM_CMB_IQU-smica-nosz_2048_R3.00_full.fits,I_STOKES|I_STOKES_INP,I_STOKES,K_CMB_to_uK,1000000.0,0.00010773941705871212,TMASK,COM_CMB_IQU-smica_2048_R3.00_full.fits,256,0.99,14
0.983607896641789,100.762779630346,99.11106573198411,18.169601214772744,0.18032056361911572,99.11106573198413,5.248230797793573e-15,657796,0.8364308675130209,SMICA_noSZ,cptg_ripple_minus_1p0pct,cptg_perturbation,CPTG sinusoidal ripple perturbation minus 1.0 percent,COM_CMB_IQU-smica-nosz_2048_R3.00_full.fits,I_STOKES|I_STOKES_INP,I_STOKES,K_CMB_to_uK,1000000.0,0.00010773941705871212,TMASK,COM_CMB_IQU-smica_2048_R3.00_full.fits,256,0.99,15
0.9836059240062901,100.762779630346,99.11086696374767,18.170685417115813,0.18033132356784923,99.11086696374768,3.652131138586866e-15,657796,0.8364308675130209,SMICA_noSZ,planck_tilt_minus_1p0pct,planck_perturbation,Planck endpoint-normalized tilt perturbation minus 1.0 percent,COM_CMB_IQU-smica-nosz_2048_R3.00_full.fits,I_STOKES|I_STOKES_INP,I_STOKES,K_CMB_to_uK,1000000.0,0.00010773941705871212,TMASK,COM_CMB_IQU-smica_2048_R3.00_full.fits,256,0.99,16
0.9836055199704538,100.762779630346,99.1108262519746,18.170907475537607,0.1803335273421259,99.11082625197459,1.1173139952774974e-16,657796,0.8364308675130209,SMICA_noSZ,cptg_ripple_minus_2p0pct,cptg_perturbation,CPTG sinusoidal ripple perturbation minus 2.0 percent,COM_CMB_IQU-smica-nosz_2048_R3.00_full.fits,I_STOKES|I_STOKES_INP,I_STOKES,K_CMB_to_uK,1000000.0,0.00010773941705871212,TMASK,COM_CMB_IQU-smica_2048_R3.00_full.fits,256,0.99,17
0.9836049279834862,100.762779630346,99.11076660172263,18.171232826987417,0.18033675622734524,99.11076660172262,-3.585868497600903e-15,657796,0.8364308675130209,SMICA_noSZ,cptg_ripple_minus_0p5pct,cptg_perturbation,CPTG sinusoidal ripple perturbation minus 0.5 percent,COM_CMB_IQU-smica-nosz_2048_R3.00_full.fits,I_STOKES|I_STOKES_INP,I_STOKES,K_CMB_to_uK,1000000.0,0.00010773941705871212,TMASK,COM_CMB_IQU-smica_2048_R3.00_full.fits,256,0.99,18
0.9835991937361087,100.762779630346,99.11018880301762,18.17438401332738,0.18036802954425377,99.1101888030176,-2.265205498215786e-15,657796,0.8364308675130209,SMICA_noSZ,cptg_locked_pi_cmb,cptg,Locked CPTG geometric-pi CMB comparison envelope,COM_CMB_IQU-smica-nosz_2048_R3.00_full.fits,I_STOKES|I_STOKES_INP,I_STOKES,K_CMB_to_uK,1000000.0,0.00010773941705871212,TMASK,COM_CMB_IQU-smica_2048_R3.00_full.fits,256,0.99,19
0.9835906979488696,100.762779630346,99.10933274388066,18.17905173259905,0.18041435338812542,99.10933274388066,1.409550988663972e-15,657796,0.8364308675130209,SMICA_noSZ,cptg_ripple_plus_0p5pct,cptg_perturbation,CPTG sinusoidal ripple perturbation plus 0.5 percent,COM_CMB_IQU-smica-nosz_2048_R3.00_full.fits,I_STOKES|I_STOKES_INP,I_STOKES,K_CMB_to_uK,1000000.0,0.00010773941705871212,TMASK,COM_CMB_IQU-smica_2048_R3.00_full.fits,256,0.99,20
0.9835904904346425,100.762779630346,99.10931183417046,18.179165728683888,0.1804154847194092,99.10931183417044,5.123662590875303e-16,657796,0.8364308675130209,SMICA_noSZ,planck_ripple_plus_2p0pct,planck_perturbation,Planck sinusoidal ripple perturbation plus 2.0 percent,COM_CMB_IQU-smica-nosz_2048_R3.00_full.fits,I_STOKES|I_STOKES_INP,I_STOKES,K_CMB_to_uK,1000000.0,0.00010773941705871212,TMASK,COM_CMB_IQU-smica_2048_R3.00_full.fits,256,0.99,21
0.9835820125951162,100.762779630346,99.10845758349393,18.183822322450826,0.18046169815044022,99.10845758349393,-4.29826240518293e-15,657796,0.8364308675130209,SMICA_noSZ,cptg_tilt_minus_0p5pct,cptg_perturbation,CPTG endpoint-normalized tilt perturbation minus 0.5 percent,COM_CMB_IQU-smica-nosz_2048_R3.00_full.fits,I_STOKES|I_STOKES_INP,I_STOKES,K_CMB_to_uK,1000000.0,0.00010773941705871212,TMASK,COM_CMB_IQU-smica_2048_R3.00_full.fits,256,0.99,22
0.9835794444669779,100.762779630346,99.10819881176491,18.18523266613554,0.18047569482351622,99.10819881176492,6.260616076367006e-16,657796,0.8364308675130209,SMICA_noSZ,cptg_ripple_plus_1p0pct,cptg_perturbation,CPTG sinusoidal ripple perturbation plus 1.0 percent,COM_CMB_IQU-smica-nosz_2048_R3.00_full.fits,I_STOKES|I_STOKES_INP,I_STOKES,K_CMB_to_uK,1000000.0,0.00010773941705871212,TMASK,COM_CMB_IQU-smica_2048_R3.00_full.fits,256,0.99,23
0.9835642253871552,100.762779630346,99.10666529497806,18.193588237148223,0.18055861801244902,99.10666529497804,1.866652864950529e-15,657796,0.8364308675130209,SMICA_noSZ,planck_tilt_minus_2p0pct,planck_perturbation,Planck endpoint-normalized tilt perturbation minus 2.0 percent,COM_CMB_IQU-smica-nosz_2048_R3.00_full.fits,I_STOKES|I_STOKES_INP,I_STOKES,K_CMB_to_uK,1000000.0,0.00010773941705871212,TMASK,COM_CMB_IQU-smica_2048_R3.00_full.fits,256,0.99,24
0.9835639406274521,100.762779630346,99.10663660179912,18.19374453796384,0.18056016918854986,99.10663660179911,-1.3596927686960073e-15,657796,0.8364308675130209,SMICA_noSZ,cptg_tilt_minus_1p0pct,cptg_perturbation,CPTG endpoint-normalized tilt perturbation minus 1.0 percent,COM_CMB_IQU-smica-nosz_2048_R3.00_full.fits,I_STOKES|I_STOKES_INP,I_STOKES,K_CMB_to_uK,1000000.0,0.00010773941705871212,TMASK,COM_CMB_IQU-smica_2048_R3.00_full.fits,256,0.99,25
0.9835486787833704,100.762779630346,99.10509877596577,18.20211953151476,0.18064328513256853,99.10509877596577,-1.281671593494077e-16,657796,0.8364308675130209,SMICA_noSZ,cptg_ripple_plus_2p0pct,cptg_perturbation,CPTG sinusoidal ripple perturbation plus 2.0 percent,COM_CMB_IQU-smica-nosz_2048_R3.00_full.fits,I_STOKES|I_STOKES_INP,I_STOKES,K_CMB_to_uK,1000000.0,0.00010773941705871212,TMASK,COM_CMB_IQU-smica_2048_R3.00_full.fits,256,0.99,26
0.9835251295552043,100.762779630346,99.10272589027869,18.215034448223854,0.180771456633558,99.10272589027869,2.4891543523746404e-15,657796,0.8364308675130209,SMICA_noSZ,cptg_tilt_minus_2p0pct,cptg_perturbation,CPTG endpoint-normalized tilt perturbation minus 2.0 percent,COM_CMB_IQU-smica-nosz_2048_R3.00_full.fits,I_STOKES|I_STOKES_INP,I_STOKES,K_CMB_to_uK,1000000.0,0.00010773941705871212,TMASK,COM_CMB_IQU-smica_2048_R3.00_full.fits,256,0.99,27
0.9814628246825465,100.762779630346,98.89492231886393,19.311449929496682,0.19165261220801805,98.89492231886395,-9.725165935646444e-16,657796,0.8364308675130209,SMICA_noSZ,observed_smoothed_spectrum_control,data_control,Observed spectrum smoothed with width=31,COM_CMB_IQU-smica-nosz_2048_R3.00_full.fits,I_STOKES|I_STOKES_INP,I_STOKES,K_CMB_to_uK,1000000.0,0.00010773941705871212,TMASK,COM_CMB_IQU-smica_2048_R3.00_full.fits,256,0.99,28
0.9213702271711142,100.762779630346,92.83982515840444,39.16509445144355,0.38868612591993723,92.83982515840444,3.902575335081194e-15,657796,0.8364308675130209,SMICA_noSZ,flat_dl_null,bad_null,Flat D_l null matched to mean observed D_l,COM_CMB_IQU-smica-nosz_2048_R3.00_full.fits,I_STOKES|I_STOKES_INP,I_STOKES,K_CMB_to_uK,1000000.0,0.00010773941705871212,TMASK,COM_CMB_IQU-smica_2048_R3.00_full.fits,256,0.99,29
0.8291049329394548,100.762779630346,83.54291764821112,56.3357672323533,0.5590930246170687,83.54291764821112,1.7984269526335393e-14,657796,0.8364308675130209,SMICA_noSZ,powerlaw_dl_null,smooth_null,Fitted smooth power-law D_l null,COM_CMB_IQU-smica-nosz_2048_R3.00_full.fits,I_STOKES|I_STOKES_INP,I_STOKES,K_CMB_to_uK,1000000.0,0.00010773941705871212,TMASK,COM_CMB_IQU-smica_2048_R3.00_full.fits,256,0.99,30
0.6279179063313939,100.762779630346,63.27075362161844,78.42161369792208,0.7782795788843484,63.27075362161845,2.082481535260933e-15,657796,0.8364308675130209,SMICA_noSZ,flat_cl_null,bad_null,Flat C_l null matched to mean observed C_l,COM_CMB_IQU-smica-nosz_2048_R3.00_full.fits,I_STOKES|I_STOKES_INP,I_STOKES,K_CMB_to_uK,1000000.0,0.00010773941705871212,TMASK,COM_CMB_IQU-smica_2048_R3.00_full.fits,256,0.99,31
0.37634757421834725,100.762779630346,37.92182768537875,93.35455395337777,0.9264785498758001,37.92182768537875,4.450974716323029e-15,657796,0.8364308675130209,SMICA_noSZ,shuffled_spectrum_null_seed_271844,shuffled_null,Observed spectrum values shuffled across ell,COM_CMB_IQU-smica-nosz_2048_R3.00_full.fits,I_STOKES|I_STOKES_INP,I_STOKES,K_CMB_to_uK,1000000.0,0.00010773941705871212,TMASK,COM_CMB_IQU-smica_2048_R3.00_full.fits,256,0.99,32
0.3450687512294108,100.762779630346,34.77008653744808,94.57366885667523,0.9385774112586425,34.77008653744808,-8.932825470435449e-15,657796,0.8364308675130209,SMICA_noSZ,shuffled_spectrum_null_seed_271841,shuffled_null,Observed spectrum values shuffled across ell,COM_CMB_IQU-smica-nosz_2048_R3.00_full.fits,I_STOKES|I_STOKES_INP,I_STOKES,K_CMB_to_uK,1000000.0,0.00010773941705871212,TMASK,COM_CMB_IQU-smica_2048_R3.00_full.fits,256,0.99,33
0.3433526813569143,100.762779630346,34.597170567055066,94.63706223033216,0.9392065460829249,34.597170567055066,7.162753685673996e-15,657796,0.8364308675130209,SMICA_noSZ,shuffled_spectrum_null_seed_271845,shuffled_null,Observed spectrum values shuffled across ell,COM_CMB_IQU-smica-nosz_2048_R3.00_full.fits,I_STOKES|I_STOKES_INP,I_STOKES,K_CMB_to_uK,1000000.0,0.00010773941705871212,TMASK,COM_CMB_IQU-smica_2048_R3.00_full.fits,256,0.99,34
0.34132327936763024,100.762779630346,34.39268238162766,94.71156823445675,0.9399459659798145,34.39268238162766,1.6475880990370992e-15,657796,0.8364308675130209,SMICA_noSZ,shuffled_spectrum_null_seed_271843,shuffled_null,Observed spectrum values shuffled across ell,COM_CMB_IQU-smica-nosz_2048_R3.00_full.fits,I_STOKES|I_STOKES_INP,I_STOKES,K_CMB_to_uK,1000000.0,0.00010773941705871212,TMASK,COM_CMB_IQU-smica_2048_R3.00_full.fits,256,0.99,35
0.3401831619276862,100.762779630346,34.27780097927374,94.75320637772089,0.9403591953827437,34.27780097927374,3.581098249842383e-15,657796,0.8364308675130209,SMICA_noSZ,shuffled_spectrum_null_seed_271831,shuffled_null,Observed spectrum values shuffled across ell,COM_CMB_IQU-smica-nosz_2048_R3.00_full.fits,I_STOKES|I_STOKES_INP,I_STOKES,K_CMB_to_uK,1000000.0,0.00010773941705871212,TMASK,COM_CMB_IQU-smica_2048_R3.00_full.fits,256,0.99,36
0.327449723036515,100.762779630346,32.99474428234651,95.20758692759864,0.944868604030904,32.99474428234651,4.94259271310924e-15,657796,0.8364308675130209,SMICA_noSZ,shuffled_spectrum_null_seed_271835,shuffled_null,Observed spectrum values shuffled across ell,COM_CMB_IQU-smica-nosz_2048_R3.00_full.fits,I_STOKES|I_STOKES_INP,I_STOKES,K_CMB_to_uK,1000000.0,0.00010773941705871212,TMASK,COM_CMB_IQU-smica_2048_R3.00_full.fits,256,0.99,37
0.32265613928344755,100.762779630346,32.51172945899626,95.37360854250355,0.9465162522549205,32.51172945899626,-4.873859155021408e-15,657796,0.8364308675130209,SMICA_noSZ,shuffled_spectrum_null_seed_271842,shuffled_null,Observed spectrum values shuffled across ell,COM_CMB_IQU-smica-nosz_2048_R3.00_full.fits,I_STOKES|I_STOKES_INP,I_STOKES,K_CMB_to_uK,1000000.0,0.00010773941705871212,TMASK,COM_CMB_IQU-smica_2048_R3.00_full.fits,256,0.99,38
0.32262832070610953,100.762779630346,32.508926381817986,95.37456403221556,0.9465257348209585,32.508926381817986,5.688351228444168e-16,657796,0.8364308675130209,SMICA_noSZ,shuffled_spectrum_null_seed_271829,shuffled_null,Observed spectrum values shuffled across ell,COM_CMB_IQU-smica-nosz_2048_R3.00_full.fits,I_STOKES|I_STOKES_INP,I_STOKES,K_CMB_to_uK,1000000.0,0.00010773941705871212,TMASK,COM_CMB_IQU-smica_2048_R3.00_full.fits,256,0.99,39
0.3160092530644966,100.762779630346,31.84197072768792,95.59930260734501,0.9487561077419311,31.841970727687915,1.7820766909189082e-14,657796,0.8364308675130209,SMICA_noSZ,shuffled_spectrum_null_seed_271833,shuffled_null,Observed spectrum values shuffled across ell,COM_CMB_IQU-smica-nosz_2048_R3.00_full.fits,I_STOKES|I_STOKES_INP,I_STOKES,K_CMB_to_uK,1000000.0,0.00010773941705871212,TMASK,COM_CMB_IQU-smica_2048_R3.00_full.fits,256,0.99,40
0.31463568352200105,100.762779630346,31.703566042570444,95.64529083555567,0.9492125086905687,31.703566042570444,-5.516534564222692e-16,657796,0.8364308675130209,SMICA_noSZ,shuffled_spectrum_null_seed_271846,shuffled_null,Observed spectrum values shuffled across ell,COM_CMB_IQU-smica-nosz_2048_R3.00_full.fits,I_STOKES|I_STOKES_INP,I_STOKES,K_CMB_to_uK,1000000.0,0.00010773941705871212,TMASK,COM_CMB_IQU-smica_2048_R3.00_full.fits,256,0.99,41
0.3108490005730717,100.762779630346,31.322009343057765,95.77092194161584,0.9504593094092573,31.322009343057765,-2.522137543534113e-16,657796,0.8364308675130209,SMICA_noSZ,shuffled_spectrum_null_seed_271840,shuffled_null,Observed spectrum values shuffled across ell,COM_CMB_IQU-smica-nosz_2048_R3.00_full.fits,I_STOKES|I_STOKES_INP,I_STOKES,K_CMB_to_uK,1000000.0,0.00010773941705871212,TMASK,COM_CMB_IQU-smica_2048_R3.00_full.fits,256,0.99,42
0.3091499525427856,100.762779630346,31.15080854080044,95.82674410668481,0.951013305292199,31.150808540800444,-3.239668450220541e-15,657796,0.8364308675130209,SMICA_noSZ,shuffled_spectrum_null_seed_271838,shuffled_null,Observed spectrum values shuffled across ell,COM_CMB_IQU-smica-nosz_2048_R3.00_full.fits,I_STOKES|I_STOKES_INP,I_STOKES,K_CMB_to_uK,1000000.0,0.00010773941705871212,TMASK,COM_CMB_IQU-smica_2048_R3.00_full.fits,256,0.99,43
0.3027520049257925,100.762779630346,30.506133554982803,96.0339188743186,0.9530693697278351,30.506133554982803,-3.266752452150214e-15,657796,0.8364308675130209,SMICA_noSZ,shuffled_spectrum_null_seed_271828,shuffled_null,Observed spectrum values shuffled across ell,COM_CMB_IQU-smica-nosz_2048_R3.00_full.fits,I_STOKES|I_STOKES_INP,I_STOKES,K_CMB_to_uK,1000000.0,0.00010773941705871212,TMASK,COM_CMB_IQU-smica_2048_R3.00_full.fits,256,0.99,44
0.30271572932619073,100.762779630346,30.502478324734493,96.03507991813603,0.9530808922743715,30.502478324734493,-2.8947089442912572e-15,657796,0.8364308675130209,SMICA_noSZ,shuffled_spectrum_null_seed_271834,shuffled_null,Observed spectrum values shuffled across ell,COM_CMB_IQU-smica-nosz_2048_R3.00_full.fits,I_STOKES|I_STOKES_INP,I_STOKES,K_CMB_to_uK,1000000.0,0.00010773941705871212,TMASK,COM_CMB_IQU-smica_2048_R3.00_full.fits,256,0.99,45
0.29001644006821736,100.762779630346,29.22286263977113,96.43216298502658,0.9570216635427632,29.22286263977113,-1.0671357902016127e-14,657796,0.8364308675130209,SMICA_noSZ,shuffled_spectrum_null_seed_271836,shuffled_null,Observed spectrum values shuffled across ell,COM_CMB_IQU-smica-nosz_2048_R3.00_full.fits,I_STOKES|I_STOKES_INP,I_STOKES,K_CMB_to_uK,1000000.0,0.00010773941705871212,TMASK,COM_CMB_IQU-smica_2048_R3.00_full.fits,256,0.99,46
0.28974170478673683,100.762779630346,29.195179549146722,96.44054774796103,0.9571048764410696,29.195179549146722,-6.774154526002489e-15,657796,0.8364308675130209,SMICA_noSZ,shuffled_spectrum_null_seed_271847,shuffled_null,Observed spectrum values shuffled across ell,COM_CMB_IQU-smica-nosz_2048_R3.00_full.fits,I_STOKES|I_STOKES_INP,I_STOKES,K_CMB_to_uK,1000000.0,0.00010773941705871212,TMASK,COM_CMB_IQU-smica_2048_R3.00_full.fits,256,0.99,47
0.27957713175828597,100.762779630346,28.170968917044817,96.74468599932808,0.960123235526466,28.170968917044814,4.8961866579371944e-15,657796,0.8364308675130209,SMICA_noSZ,shuffled_spectrum_null_seed_271839,shuffled_null,Observed spectrum values shuffled across ell,COM_CMB_IQU-smica-nosz_2048_R3.00_full.fits,I_STOKES|I_STOKES_INP,I_STOKES,K_CMB_to_uK,1000000.0,0.00010773941705871212,TMASK,COM_CMB_IQU-smica_2048_R3.00_full.fits,256,0.99,48
0.27465453676986123,100.762779630346,27.674954563016257,96.88774251043655,0.9615429711831567,27.674954563016257,-1.3754547787776895e-14,657796,0.8364308675130209,SMICA_noSZ,shuffled_spectrum_null_seed_271832,shuffled_null,Observed spectrum values shuffled across ell,COM_CMB_IQU-smica-nosz_2048_R3.00_full.fits,I_STOKES|I_STOKES_INP,I_STOKES,K_CMB_to_uK,1000000.0,0.00010773941705871212,TMASK,COM_CMB_IQU-smica_2048_R3.00_full.fits,256,0.99,49
0.26729840157476054,100.762779630346,26.933729933421127,97.09640544689177,0.9636138046518313,26.933729933421127,-6.985113743880452e-15,657796,0.8364308675130209,SMICA_noSZ,shuffled_spectrum_null_seed_271837,shuffled_null,Observed spectrum values shuffled across ell,COM_CMB_IQU-smica-nosz_2048_R3.00_full.fits,I_STOKES|I_STOKES_INP,I_STOKES,K_CMB_to_uK,1000000.0,0.00010773941705871212,TMASK,COM_CMB_IQU-smica_2048_R3.00_full.fits,256,0.99,50
0.2646608419145492,100.762779630346,26.667962090617554,97.16973580681926,0.9643415571036446,26.667962090617557,-4.442120125278441e-15,657796,0.8364308675130209,SMICA_noSZ,shuffled_spectrum_null_seed_271830,shuffled_null,Observed spectrum values shuffled across ell,COM_CMB_IQU-smica-nosz_2048_R3.00_full.fits,I_STOKES|I_STOKES_INP,I_STOKES,K_CMB_to_uK,1000000.0,0.00010773941705871212,TMASK,COM_CMB_IQU-smica_2048_R3.00_full.fits,256,0.99,51
